message_id,sender,receiver,message,timestamp,communication_type,label,msg_length,word_count,digit_count,special_char_count,has_url,suspicious_keyword_count,rule_pred_label
MSG10004,support@bank-verify.net,+919123450457,CONGRATS! You have won a free iPhone 15 Pro Max! Click http://win-iphone.xyz to claim now!,2026-09-16 19:38:00,VoIP,Spam,90,18,2,8,1,3,Spam
MSG10006,+919876543210,+919123450473,Your Uber ride is arriving in 3 minutes. Driver: Suresh (MH-02-AB-1234).,2026-09-25 17:42:00,VoIP,Normal,72,14,7,8,0,10,Spam
MSG10008,+918877665544,+919123450219,The professor updated the syllabus on the college portal. Check https://portal.somaiya.edu/syllabus,2026-09-18 15:11:00,SMS,Normal,99,15,0,7,1,10,Spam
MSG10009,support@bank-verify.net,+919123450289,"Your salary payment of $3,200 was credited to your bank account #8912. Statement at https://mybank.com/stmt",2026-09-10 20:50:00,WhatsApp,Normal,107,19,8,9,1,3,Fraud
MSG10010,support@bank-verify.net,+919123450373,Earn $500/day working from home with no investment required! Sign up at http://easycash.net,2026-09-08 18:28:00,Email,Spam,91,16,3,7,1,1,Spam
MSG10013,suresh.driver@uber.com,user_208@example.com,BANK NOTICE: Your account #4092 is suspended. Please verify identity at nearest branch or call +919988776655.,2026-09-19 08:08:00,VoIP,Fraud,109,16,16,5,0,9,Spam
MSG10015,+919988776655,user_360@example.com,"URGENT: Your Amazon account has been locked due to suspicious purchase of $1,200. Verify identity at http://amazon-account-security-check.com",2026-09-05 11:17:00,VoIP,Fraud,141,23,4,11,1,4,Fraud
MSG10016,support@bank-verify.net,user_448@example.com,Flat 50% discount on online coding courses! Limited seats remaining. Enrol today at www.learnfast.org,2026-09-04 05:23:00,VoIP,Spam,101,16,2,5,1,11,Spam
MSG10021,colleague@vti.edu.in,user_100@example.com,Thanks for sharing the study notes for the upcoming viva exams.,2026-09-23 13:41:00,WhatsApp,Normal,63,11,0,1,0,10,Spam
MSG10023,+918877665544,+919123450489,URGENT: Your bank account will be blocked within 24 hours due to missing PAN card details. Update immediately at http://bank-pan-verification.org Case: #73699,2026-09-07 04:14:00,Email,Fraud,158,26,7,10,1,6,Fraud
MSG10025,kyc-alert@fast-verify.com,+919123450443,"FRAUD ALERT: Suspicious transaction of $899 detected on your Credit Card ending 4321. If not done by you, verify details at http://card-security-alert.net",2026-09-21 06:31:00,WhatsApp,Fraud,154,26,7,10,1,4,Fraud
MSG10026,+918877665544,+919123450273,SBI URGENT: Download SBI Safety App APK immediately from http://sbi-secure-app.xyz to prevent account hacking! Case: #39451,2026-09-11 19:20:00,SMS,Fraud,123,20,5,10,1,10,Fraud
MSG10027,+919876543210,+919123450217,"Hey, are we still meeting for the Big Data lecture at 2 PM in Lab 304? Note ref: #746",2026-09-02 18:18:00,SMS,Normal,85,19,7,4,0,18,Spam
MSG10028,admin@college.edu.in,user_442@example.com,URGENT: Your bank account will be blocked within 24 hours due to missing PAN card details. Update immediately at http://bank-pan-verification.org,2026-09-11 02:00:00,VoIP,Fraud,145,24,2,8,1,4,Spam
MSG10030,offers@megasale.xyz,user_316@example.com,Don't forget to submit the assignment before midnight today.,2026-09-22 14:06:00,VoIP,Normal,60,10,0,2,0,8,Spam
MSG10032,info@superdeals.com,user_374@example.com,Flat 50% discount on online coding courses! Limited seats remaining. Enrol today at www.learnfast.org,2026-09-07 17:06:00,VoIP,Spam,101,16,2,5,1,11,Spam
MSG10033,+918877665544,user_326@example.com,Let's grab lunch after the distributed systems lab session.,2026-09-03 15:15:00,SMS,Normal,59,10,0,2,0,8,Spam
MSG10035,kyc-alert@fast-verify.com,user_130@example.com,Here is the Zoom link for today's Big Data workshop: https://zoom.us/j/9812345678 Passcode: 102938,2026-09-18 13:56:00,Email,Normal,98,18,16,9,1,12,Fraud
MSG10036,refund@tax-gov.org,user_246@example.com,Reminder: Library books are due for return by Friday 5 PM.,2026-09-23 11:34:00,VoIP,Normal,58,11,1,2,0,10,Spam
MSG10038,colleague@vti.edu.in,user_180@example.com,"Hey bro, did you complete the Hadoop installation step on your laptop?",2026-09-24 10:41:00,SMS,Normal,70,12,0,2,0,11,Spam
MSG10042,+919820112233,user_334@example.com,Our project advisor offered extra lab hours for Apache Spark model tuning.,2026-09-04 16:01:00,SMS,Normal,74,12,0,1,0,9,Spam
MSG10044,student1@somaiya.edu,+919123450413,Good morning! Hope you have a productive week ahead.,2026-09-14 23:00:00,SMS,Normal,52,9,0,2,0,8,Spam
MSG10045,+919988776655,+919123450235,ATTENTION: Your electricity bill of $240 is unpaid. Power supply will be disconnected at 9 PM. Pay immediately at http://power-bill-pay.com or call 9876543210!,2026-09-06 04:54:00,SMS,Fraud,159,27,14,11,1,22,Fraud
MSG10046,info@superdeals.com,+919123450467,Exclusive loan offer at 0% interest rate! Apply instantly at http://quickloan-approval.com,2026-09-10 14:22:00,WhatsApp,Spam,90,14,1,7,1,3,Spam
MSG10049,+919988776655,+919123450379,Don't forget to submit the assignment before midnight today. Note ref: #807,2026-09-18 03:16:00,SMS,Normal,75,13,3,4,0,11,Spam
MSG10050,+919876543210,+919123450257,"Hi Team, the project review meeting has been rescheduled to tomorrow morning at 10 AM.",2026-09-03 03:34:00,WhatsApp,Normal,86,15,2,2,0,14,Spam
MSG10051,+917766554433,+919123450281,"FRAUD ALERT: Suspicious transaction of $899 detected on your Credit Card ending 4321. If not done by you, verify details at http://card-security-alert.net",2026-09-08 08:48:00,VoIP,Fraud,154,26,7,10,1,4,Fraud
MSG10052,support@bank-verify.net,+919123450311,INCOME TAX WARNING: Legal action initiated against your PAN for tax evasion. Call immediately at +91-9988776655 to settle compliance.,2026-09-09 11:54:00,SMS,Fraud,133,20,12,5,0,10,Spam
MSG10053,service@amazon.in,user_442@example.com,Hot summer deal! Flight tickets starting at just $49! Book now at http://cheapflights.net,2026-09-13 11:25:00,Email,Spam,89,15,2,7,1,12,Spam
MSG10054,+919876543210,user_340@example.com,My bank branch is closed tomorrow due to a public holiday. Note ref: #993,2026-09-10 09:59:00,Email,Normal,73,14,3,3,0,12,Spam
MSG10058,suresh.driver@uber.com,+919123450323,"Hi, please check your email or visit https://github.com/mumbai-univ/big-data-proj for project slides.",2026-09-18 20:44:00,SMS,Normal,101,18,0,11,1,10,Spam
MSG10059,service@amazon.in,user_100@example.com,"FRAUD ALERT: Suspicious transaction of $899 detected on your Credit Card ending 4321. If not done by you, verify details at http://card-security-alert.net",2026-09-17 21:49:00,Email,Fraud,154,26,7,10,1,4,Fraud
MSG10060,suresh.driver@uber.com,+919123450439,I paid the exam registration fee of $120 via net banking. Transaction ID #TXN98123.,2026-09-15 00:01:00,SMS,Normal,83,14,8,4,0,4,Spam
MSG10062,support@bank-verify.net,+919123450415,I paid the exam registration fee of $120 via net banking. Transaction ID #TXN98123.,2026-09-19 19:32:00,WhatsApp,Normal,83,14,8,4,0,4,Spam
MSG10065,suresh.driver@uber.com,+919123450147,I paid the exam registration fee of $120 via net banking. Transaction ID #TXN98123.,2026-09-15 11:03:00,Email,Normal,83,14,8,4,0,4,Spam
MSG10066,+919876543210,+919123450225,Are you available for a quick phone call regarding the group project?,2026-09-04 15:32:00,VoIP,Normal,69,12,0,1,0,11,Spam
MSG10068,+917766554433,user_498@example.com,My bank branch is closed tomorrow due to a public holiday. Note ref: #868,2026-09-11 07:01:00,VoIP,Normal,73,14,3,3,0,12,Spam
MSG10069,+919876543210,+919123450385,My bank branch is closed tomorrow due to a public holiday.,2026-09-06 20:33:00,Email,Normal,58,11,0,1,0,9,Spam
MSG10070,suresh.driver@uber.com,user_486@example.com,Good morning! Hope you have a productive week ahead.,2026-09-24 07:21:00,VoIP,Normal,52,9,0,2,0,8,Spam
MSG10072,admin@college.edu.in,user_492@example.com,The professor updated the syllabus on the college portal. Check https://portal.somaiya.edu/syllabus,2026-09-12 05:19:00,VoIP,Normal,99,15,0,7,1,10,Spam
MSG10073,alerts@security-update.org,+919123450239,Can you send me the practical lab manual for Apache Spark?,2026-09-15 21:12:00,WhatsApp,Normal,58,11,0,1,0,10,Spam
MSG10077,kyc-alert@fast-verify.com,user_314@example.com,Your Uber ride is arriving in 3 minutes. Driver: Suresh (MH-02-AB-1234).,2026-09-23 13:16:00,Email,Normal,72,14,7,8,0,10,Spam
MSG10079,+919820112233,+919123450301,Exclusive loan offer at 0% interest rate! Apply instantly at http://quickloan-approval.com,2026-09-05 03:41:00,SMS,Spam,90,14,1,7,1,3,Spam
MSG10080,support@bank-verify.net,+919123450125,Exclusive loan offer at 0% interest rate! Apply instantly at http://quickloan-approval.com,2026-09-18 14:04:00,WhatsApp,Spam,90,14,1,7,1,3,Spam
MSG10082,+919876543210,+919123450279,BIG WEEKEND SALE! Get 50% discount on all branded apparel! Reply YES for coupon code. Code: 9837,2026-09-04 10:56:00,Email,Spam,96,17,6,5,0,11,Spam
MSG10083,alerts@security-update.org,user_202@example.com,Special Offer: Get 80% OFF on all branded shoes! Visit www.superdeals.com before offer ends!,2026-09-08 06:26:00,SMS,Spam,92,16,2,6,1,2,Spam
MSG10084,info@superdeals.com,user_338@example.com,Here is the Zoom link for today's Big Data workshop: https://zoom.us/j/9812345678 Passcode: 102938,2026-09-18 02:55:00,WhatsApp,Normal,98,18,16,9,1,12,Fraud
MSG10086,kyc-alert@fast-verify.com,+919123450303,"Hey, are we still meeting for the Big Data lecture at 2 PM in Lab 304?",2026-09-04 19:00:00,Email,Normal,70,16,4,2,0,15,Spam
MSG10088,+918877665544,+919123450359,"Hi, please check your email or visit https://github.com/mumbai-univ/big-data-proj for project slides.",2026-09-01 21:49:00,WhatsApp,Normal,101,18,0,11,1,10,Spam
MSG10089,refund@tax-gov.org,user_462@example.com,BIG WEEKEND SALE! Get 50% discount on all branded apparel! Reply YES for coupon code. Code: 6934,2026-09-21 03:40:00,Email,Spam,96,17,6,5,0,11,Spam
MSG10090,admin@college.edu.in,+919123450415,The exam timetable for 7th semester engineering has been published on portal.,2026-09-22 11:45:00,VoIP,Normal,77,12,1,1,0,11,Spam
MSG10093,offers@megasale.xyz,user_232@example.com,"TAX REFUND NOTICE: You are eligible for an income tax refund of $1,450. Click http://income-tax-refund-portal.net to claim your refund to bank account.",2026-09-14 01:27:00,WhatsApp,Fraud,151,28,4,12,1,11,Fraud
MSG10096,kyc-alert@fast-verify.com,user_454@example.com,"Hey, are we still meeting for the Big Data lecture at 2 PM in Lab 304? Note ref: #326",2026-09-15 06:27:00,Email,Normal,85,19,7,4,0,18,Spam
MSG10097,colleague@vti.edu.in,user_276@example.com,Boost your Instagram followers by 10k in 24 hours! Visit www.socialgrow.xyz now!,2026-09-16 09:18:00,VoIP,Spam,80,14,4,4,1,11,Fraud
MSG10098,admin@college.edu.in,user_218@example.com,Good morning! Hope you have a productive week ahead.,2026-09-10 02:21:00,SMS,Normal,52,9,0,2,0,8,Spam
MSG10099,support@bank-verify.net,user_198@example.com,The store issued a full refund of $35 for your returned item.,2026-09-23 08:52:00,Email,Normal,61,12,2,2,0,6,Spam
MSG10100,colleague@vti.edu.in,+919123450405,"Hey bro, did you complete the Hadoop installation step on your laptop?",2026-09-05 21:48:00,WhatsApp,Normal,70,12,0,2,0,11,Spam
MSG10101,support@bank-verify.net,user_254@example.com,"Congratulations! Your mobile number won 50,000 reward points! Redeem at www.rewardpoints.com",2026-09-25 15:25:00,SMS,Spam,92,14,5,5,1,6,Fraud
MSG10103,friend@gmail.com,+919123450345,"Hey, are we still meeting for the Big Data lecture at 2 PM in Lab 304?",2026-09-16 20:08:00,VoIP,Normal,70,16,4,2,0,15,Spam
MSG10104,friend@gmail.com,user_158@example.com,Please find attached the project submission guidelines for Semester 7.,2026-09-19 13:40:00,SMS,Normal,70,10,1,1,0,9,Spam
MSG10106,service@amazon.in,user_410@example.com,The professor updated the syllabus on the college portal. Check https://portal.somaiya.edu/syllabus Note ref: #882,2026-09-25 02:47:00,Email,Normal,114,18,3,9,1,13,Fraud
MSG10108,admin@college.edu.in,user_438@example.com,"FRAUD ALERT: Suspicious transaction of $899 detected on your Credit Card ending 4321. If not done by you, verify details at http://card-security-alert.net",2026-09-08 11:32:00,SMS,Fraud,154,26,7,10,1,4,Fraud
MSG10111,info@superdeals.com,+919123450317,Claim your $100 shopping voucher today! Reply CLAIM to 56767 to activate.,2026-09-26 02:48:00,SMS,Spam,73,12,8,3,0,5,Spam
MSG10114,colleague@vti.edu.in,user_376@example.com,Limited time clearance sale! Up to 90% off electronics at http://mega-sale-online.com,2026-09-21 06:08:00,VoIP,Spam,85,15,2,8,1,10,Spam
MSG10118,friend@gmail.com,user_278@example.com,BIG WEEKEND SALE! Get 50% discount on all branded apparel! Reply YES for coupon code.,2026-09-16 12:03:00,VoIP,Spam,85,15,2,4,0,9,Spam
MSG10119,suresh.driver@uber.com,user_310@example.com,Don't forget to submit the assignment before midnight today.,2026-09-14 10:48:00,VoIP,Normal,60,10,0,2,0,8,Spam
MSG10125,alerts@security-update.org,user_158@example.com,Please verify your attendance record on the college ERP portal before Friday.,2026-09-06 16:18:00,VoIP,Normal,77,12,0,1,0,10,Spam
MSG10127,+919988776655,user_296@example.com,BIG WEEKEND SALE! Get 50% discount on all branded apparel! Reply YES for coupon code.,2026-09-24 11:08:00,Email,Spam,85,15,2,4,0,9,Spam
MSG10128,admin@college.edu.in,+919123450495,Exclusive loan offer at 0% interest rate! Apply instantly at http://quickloan-approval.com,2026-09-16 19:14:00,VoIP,Spam,90,14,1,7,1,3,Spam
MSG10131,alerts@security-update.org,user_392@example.com,"FRAUD ALERT: Suspicious transaction of $899 detected on your Credit Card ending 4321. If not done by you, verify details at http://card-security-alert.net",2026-09-11 23:06:00,VoIP,Fraud,154,26,7,10,1,4,Fraud
MSG10133,suresh.driver@uber.com,+919123450151,ALERT: Your Paytm Wallet has been restricted. Share your OTP 482910 with our support agent to unblock your wallet instantly.,2026-09-05 20:54:00,VoIP,Fraud,124,20,6,3,0,12,Spam
MSG10135,kyc-alert@fast-verify.com,user_432@example.com,Let's grab lunch after the distributed systems lab session.,2026-09-16 06:52:00,SMS,Normal,59,10,0,2,0,8,Spam
MSG10137,student1@somaiya.edu,user_216@example.com,Can you send me the practical lab manual for Apache Spark?,2026-09-21 02:00:00,SMS,Normal,58,11,0,1,0,10,Spam
MSG10139,service@amazon.in,user_174@example.com,"Congratulations! Your mobile number won 50,000 reward points! Redeem at www.rewardpoints.com",2026-09-25 12:10:00,Email,Spam,92,14,5,5,1,6,Fraud
MSG10140,support@bank-verify.net,+919123450189,I paid the exam registration fee of $120 via net banking. Transaction ID #TXN98123.,2026-09-18 17:50:00,SMS,Normal,83,14,8,4,0,4,Spam
MSG10142,refund@tax-gov.org,+919123450247,I paid the exam registration fee of $120 via net banking. Transaction ID #TXN98123. Note ref: #923,2026-09-04 16:40:00,Email,Normal,98,17,11,6,0,7,Spam
MSG10143,student1@somaiya.edu,+919123450427,Your Uber ride is arriving in 3 minutes. Driver: Suresh (MH-02-AB-1234).,2026-09-12 17:10:00,VoIP,Normal,72,14,7,8,0,10,Spam
MSG10147,offers@megasale.xyz,user_212@example.com,Huge End-of-Season Sale! Buy 1 Get 2 Free on all clothing items at www.fashionstore.com,2026-09-12 17:45:00,Email,Spam,87,18,2,5,1,6,Spam
MSG10148,+919876543210,user_258@example.com,Exclusive loan offer at 0% interest rate! Apply instantly at http://quickloan-approval.com,2026-09-02 20:26:00,VoIP,Spam,90,14,1,7,1,3,Spam
MSG10154,+917766554433,+919123450445,"Your salary payment of $3,200 was credited to your bank account #8912. Statement at https://mybank.com/stmt",2026-09-22 18:58:00,Email,Normal,107,19,8,9,1,3,Fraud
MSG10155,alerts@security-update.org,+919123450431,Please verify your attendance record on the college ERP portal before Friday.,2026-09-22 11:06:00,SMS,Normal,77,12,0,1,0,10,Spam
MSG10156,+917766554433,+919123450171,DEAR CUSTOMER: Your SIM card will be deactivated today due to non-verification. Complete e-KYC now at http://sim-kyc-update-online.com,2026-09-03 00:38:00,SMS,Fraud,134,24,0,11,1,2,Spam
MSG10157,+919988776655,user_298@example.com,Here is the Zoom link for today's Big Data workshop: https://zoom.us/j/9812345678 Passcode: 102938 Note ref: #340,2026-09-18 05:14:00,VoIP,Normal,113,21,19,11,1,15,Fraud
MSG10158,+919988776655,user_312@example.com,Free home delivery on all grocery orders above $30. Order now at local store!,2026-09-23 14:29:00,SMS,Spam,77,14,2,3,0,13,Spam
MSG10161,refund@tax-gov.org,user_146@example.com,Are you available for a quick phone call regarding the group project?,2026-09-02 07:19:00,Email,Normal,69,12,0,1,0,11,Spam
MSG10162,+919988776655,+919123450389,Your Amazon order #408-1928374 of $45.50 has been delivered. Track at https://www.amazon.in/order-tracking,2026-09-04 10:56:00,Email,Normal,106,19,14,12,1,11,Fraud
MSG10168,+919820112233,+919123450131,Special discount on summer online courses. Limited seats available today! Call 1800-9988-77.,2026-09-19 14:40:00,VoIP,Spam,92,14,10,5,0,10,Spam
MSG10170,suresh.driver@uber.com,+919123450295,Earn $500/day working from home with no investment required! Sign up at http://easycash.net Code: 9984,2026-09-21 23:34:00,WhatsApp,Spam,102,18,7,8,1,3,Fraud
MSG10173,offers@megasale.xyz,user_178@example.com,Your Amazon order #408-1928374 of $45.50 has been delivered. Track at https://www.amazon.in/order-tracking,2026-09-04 09:19:00,VoIP,Normal,106,19,14,12,1,11,Fraud
MSG10176,info@superdeals.com,+919123450179,Boost your Instagram followers by 10k in 24 hours! Visit www.socialgrow.xyz now! Code: 9313,2026-09-11 12:56:00,VoIP,Spam,91,16,8,5,1,13,Fraud
MSG10178,+919820112233,+919123450411,Free home delivery on all grocery orders above $30. Order now at local store!,2026-09-02 15:37:00,WhatsApp,Spam,77,14,2,3,0,13,Spam
MSG10179,suresh.driver@uber.com,+919123450279,My bank branch is closed tomorrow due to a public holiday.,2026-09-09 14:08:00,SMS,Normal,58,11,0,1,0,9,Spam
MSG10181,refund@tax-gov.org,user_274@example.com,Unsubscribe from daily promotional alerts by clicking http://optout-deals.com or replying STOP.,2026-09-18 04:11:00,Email,Spam,95,14,0,6,1,7,Spam
MSG10186,student1@somaiya.edu,user_208@example.com,Meeting confirmed for tomorrow at 11 AM in Lab 304. Note ref: #309,2026-09-12 23:05:00,Email,Normal,66,13,8,3,0,12,Spam
MSG10187,service@amazon.in,+919123450189,Don't forget to submit the assignment before midnight today. Note ref: #864,2026-09-18 15:17:00,Email,Normal,75,13,3,4,0,11,Spam
MSG10188,offers@megasale.xyz,user_136@example.com,The professor updated the syllabus on the college portal. Check https://portal.somaiya.edu/syllabus,2026-09-03 06:12:00,VoIP,Normal,99,15,0,7,1,10,Spam
MSG10193,colleague@vti.edu.in,user_424@example.com,Our project advisor offered extra lab hours for Apache Spark model tuning.,2026-09-25 11:33:00,SMS,Normal,74,12,0,1,0,9,Spam
MSG10195,+918877665544,user_190@example.com,Thanks for sharing the study notes for the upcoming viva exams.,2026-09-22 10:45:00,VoIP,Normal,63,11,0,1,0,10,Spam
MSG10196,suresh.driver@uber.com,+919123450421,Claim your $100 shopping voucher today! Reply CLAIM to 56767 to activate.,2026-09-08 04:53:00,WhatsApp,Spam,73,12,8,3,0,5,Spam
MSG10197,student1@somaiya.edu,user_240@example.com,Here is the Zoom link for today's Big Data workshop: https://zoom.us/j/9812345678 Passcode: 102938,2026-09-17 08:24:00,SMS,Normal,98,18,16,9,1,12,Fraud
MSG10198,+919876543210,+919123450129,Happy Birthday! Hope you have a fantastic day ahead with family.,2026-09-14 09:33:00,WhatsApp,Normal,64,11,0,2,0,10,Spam
MSG10199,colleague@vti.edu.in,user_296@example.com,Can you send me the practical lab manual for Apache Spark?,2026-09-03 04:48:00,VoIP,Normal,58,11,0,1,0,10,Spam
MSG10200,suresh.driver@uber.com,+919123450409,"Hey bro, did you complete the Hadoop installation step on your laptop?",2026-09-24 03:37:00,VoIP,Normal,70,12,0,2,0,11,Spam
MSG10201,suresh.driver@uber.com,+919123450465,Please find attached the project submission guidelines for Semester 7.,2026-09-24 07:06:00,SMS,Normal,70,10,1,1,0,9,Spam
MSG10203,suresh.driver@uber.com,+919123450447,Happy Birthday! Hope you have a fantastic day ahead with family.,2026-09-16 13:31:00,SMS,Normal,64,11,0,2,0,10,Spam
MSG10204,kyc-alert@fast-verify.com,+919123450245,Don't forget to submit the assignment before midnight today.,2026-09-08 04:14:00,WhatsApp,Normal,60,10,0,2,0,8,Spam
MSG10206,kyc-alert@fast-verify.com,+919123450429,Can you send me the practical lab manual for Apache Spark?,2026-09-07 03:35:00,WhatsApp,Normal,58,11,0,1,0,10,Spam
MSG10207,colleague@vti.edu.in,+919123450285,Special discount on summer online courses. Limited seats available today! Call 1800-9988-77. Code: 7937,2026-09-17 20:03:00,SMS,Spam,103,16,14,6,0,12,Spam
MSG10209,+917766554433,+919123450359,Happy Birthday! Hope you have a fantastic day ahead with family.,2026-09-16 15:50:00,SMS,Normal,64,11,0,2,0,10,Spam
MSG10212,friend@gmail.com,+919123450199,The professor updated the syllabus on the college portal. Check https://portal.somaiya.edu/syllabus,2026-09-21 09:14:00,WhatsApp,Normal,99,15,0,7,1,10,Spam
MSG10213,colleague@vti.edu.in,user_370@example.com,Happy Birthday! Hope you have a fantastic day ahead with family.,2026-09-08 17:00:00,VoIP,Normal,64,11,0,2,0,10,Spam
MSG10215,colleague@vti.edu.in,+919123450163,Don't forget to submit the assignment before midnight today.,2026-09-05 03:36:00,WhatsApp,Normal,60,10,0,2,0,8,Spam
MSG10217,offers@megasale.xyz,+919123450113,INCOME TAX WARNING: Legal action initiated against your PAN for tax evasion. Call immediately at +91-9988776655 to settle compliance.,2026-09-03 18:10:00,VoIP,Fraud,133,20,12,5,0,10,Spam
MSG10218,+918877665544,+919123450291,Your Uber ride is arriving in 3 minutes. Driver: Suresh (MH-02-AB-1234).,2026-09-02 14:47:00,Email,Normal,72,14,7,8,0,10,Spam
MSG10219,suresh.driver@uber.com,user_174@example.com,Don't forget to submit the assignment before midnight today.,2026-09-03 01:50:00,Email,Normal,60,10,0,2,0,8,Spam
MSG10220,+919988776655,user_488@example.com,Here is the Zoom link for today's Big Data workshop: https://zoom.us/j/9812345678 Passcode: 102938,2026-09-21 17:59:00,VoIP,Normal,98,18,16,9,1,12,Fraud
MSG10222,+919876543210,user_222@example.com,Huge End-of-Season Sale! Buy 1 Get 2 Free on all clothing items at www.fashionstore.com,2026-09-22 03:17:00,VoIP,Spam,87,18,2,5,1,6,Spam
MSG10226,offers@megasale.xyz,+919123450229,SECURITY NOTICE: Your SBI net banking account was accessed from unauthorized location. Click http://sbi-login-verify.com to secure your account immediately!,2026-09-17 14:02:00,SMS,Fraud,156,23,0,9,1,11,Spam
MSG10227,+917766554433,+919123450495,Boost your Instagram followers by 10k in 24 hours! Visit www.socialgrow.xyz now!,2026-09-07 09:43:00,WhatsApp,Spam,80,14,4,4,1,11,Fraud
MSG10229,+919876543210,user_250@example.com,Exclusive loan offer at 0% interest rate! Apply instantly at http://quickloan-approval.com Code: 8498,2026-09-03 07:50:00,Email,Spam,101,16,5,8,1,5,Fraud
MSG10230,student1@somaiya.edu,+919123450363,Special Offer: Get 80% OFF on all branded shoes! Visit www.superdeals.com before offer ends!,2026-09-26 01:08:00,VoIP,Spam,92,16,2,6,1,2,Spam
MSG10231,info@superdeals.com,user_246@example.com,Please find attached the project submission guidelines for Semester 7.,2026-09-03 12:12:00,WhatsApp,Normal,70,10,1,1,0,9,Spam
MSG10232,offers@megasale.xyz,+919123450323,PRIZE WINNER ALERT: You won 25 Lakh INR in KBC Lucky Draw! Deposit processing fee of $200 at http://kbc-prize-claim.xyz to release funds!,2026-09-21 08:18:00,VoIP,Fraud,137,26,5,10,1,9,Fraud
MSG10235,suresh.driver@uber.com,user_152@example.com,Thanks for sharing the study notes for the upcoming viva exams.,2026-09-16 06:10:00,SMS,Normal,63,11,0,1,0,10,Spam
MSG10236,service@amazon.in,+919123450185,"Congratulations! Your mobile number won 50,000 reward points! Redeem at www.rewardpoints.com",2026-09-17 07:58:00,VoIP,Spam,92,14,5,5,1,6,Fraud
MSG10237,offers@megasale.xyz,user_414@example.com,The store issued a full refund of $35 for your returned item.,2026-09-13 19:53:00,VoIP,Normal,61,12,2,2,0,6,Spam
MSG10238,offers@megasale.xyz,user_362@example.com,Special Offer: Get 80% OFF on all branded shoes! Visit www.superdeals.com before offer ends! Code: 7655,2026-09-02 18:00:00,Email,Spam,103,18,6,7,1,4,Fraud
MSG10239,refund@tax-gov.org,+919123450117,Meeting confirmed for tomorrow at 11 AM in Lab 304.,2026-09-04 09:26:00,Email,Normal,51,10,5,1,0,9,Spam
MSG10241,+918877665544,+919123450393,Boost your Instagram followers by 10k in 24 hours! Visit www.socialgrow.xyz now!,2026-09-25 10:18:00,Email,Spam,80,14,4,4,1,11,Fraud
MSG10242,alerts@security-update.org,user_158@example.com,Your Amazon order #408-1928374 of $45.50 has been delivered. Track at https://www.amazon.in/order-tracking,2026-09-09 19:12:00,SMS,Normal,106,19,14,12,1,11,Fraud
MSG10243,+917766554433,user_234@example.com,Reminder: Library books are due for return by Friday 5 PM.,2026-09-21 15:26:00,WhatsApp,Normal,58,11,1,2,0,10,Spam
MSG10244,friend@gmail.com,user_202@example.com,Meeting confirmed for tomorrow at 11 AM in Lab 304.,2026-09-07 12:15:00,SMS,Normal,51,10,5,1,0,9,Spam
MSG10245,refund@tax-gov.org,user_144@example.com,SBI URGENT: Download SBI Safety App APK immediately from http://sbi-secure-app.xyz to prevent account hacking!,2026-09-17 03:28:00,WhatsApp,Fraud,110,18,0,8,1,8,Spam
MSG10246,student1@somaiya.edu,user_180@example.com,Free home delivery on all grocery orders above $30. Order now at local store!,2026-09-17 18:50:00,Email,Spam,77,14,2,3,0,13,Spam
MSG10248,+919988776655,+919123450413,"Hey bro, did you complete the Hadoop installation step on your laptop?",2026-09-04 07:48:00,SMS,Normal,70,12,0,2,0,11,Spam
MSG10250,refund@tax-gov.org,user_338@example.com,Your Amazon order #408-1928374 of $45.50 has been delivered. Track at https://www.amazon.in/order-tracking,2026-09-07 04:10:00,WhatsApp,Normal,106,19,14,12,1,11,Fraud
MSG10252,colleague@vti.edu.in,user_178@example.com,Please find attached the project submission guidelines for Semester 7.,2026-09-08 19:50:00,WhatsApp,Normal,70,10,1,1,0,9,Spam
MSG10253,colleague@vti.edu.in,+919123450245,My bank branch is closed tomorrow due to a public holiday.,2026-09-12 17:43:00,SMS,Normal,58,11,0,1,0,9,Spam
MSG10259,suresh.driver@uber.com,+919123450467,Your Amazon order #408-1928374 of $45.50 has been delivered. Track at https://www.amazon.in/order-tracking,2026-09-17 01:14:00,WhatsApp,Normal,106,19,14,12,1,11,Fraud
MSG10260,colleague@vti.edu.in,+919123450387,ALERT: Your Paytm Wallet has been restricted. Share your OTP 482910 with our support agent to unblock your wallet instantly.,2026-09-15 20:33:00,SMS,Fraud,124,20,6,3,0,12,Spam
MSG10263,support@bank-verify.net,+919123450355,PRIZE WINNER ALERT: You won 25 Lakh INR in KBC Lucky Draw! Deposit processing fee of $200 at http://kbc-prize-claim.xyz to release funds!,2026-09-24 00:46:00,VoIP,Fraud,137,26,5,10,1,9,Fraud
MSG10264,colleague@vti.edu.in,user_334@example.com,SECURITY ALERT: Your net banking account #7819 was accessed from suspicious IP. Call customer care +919876543210 immediately to unblock. Case: #61543,2026-09-11 02:59:00,Email,Fraud,149,21,21,7,0,18,Spam
MSG10265,friend@gmail.com,user_246@example.com,Please find attached the project submission guidelines for Semester 7. Note ref: #606,2026-09-06 05:24:00,SMS,Normal,85,13,4,3,0,12,Spam
MSG10266,kyc-alert@fast-verify.com,+919123450287,Let's grab lunch after the distributed systems lab session.,2026-09-19 13:32:00,SMS,Normal,59,10,0,2,0,8,Spam
MSG10269,offers@megasale.xyz,user_486@example.com,Your Amazon order #408-1928374 of $45.50 has been delivered. Track at https://www.amazon.in/order-tracking,2026-09-10 09:25:00,Email,Normal,106,19,14,12,1,11,Fraud
MSG10270,+919876543210,+919123450119,Limited time clearance sale! Up to 90% off electronics at http://mega-sale-online.com,2026-09-16 11:46:00,Email,Spam,85,15,2,8,1,10,Spam
MSG10271,colleague@vti.edu.in,+919123450171,Special discount on summer online courses. Limited seats available today! Call 1800-9988-77.,2026-09-15 19:55:00,WhatsApp,Spam,92,14,10,5,0,10,Spam
MSG10272,student1@somaiya.edu,+919123450403,Meeting confirmed for tomorrow at 11 AM in Lab 304.,2026-09-24 10:07:00,WhatsApp,Normal,51,10,5,1,0,9,Spam
MSG10274,student1@somaiya.edu,+919123450471,Don't forget to submit the assignment before midnight today.,2026-09-22 22:22:00,SMS,Normal,60,10,0,2,0,8,Spam
MSG10277,refund@tax-gov.org,user_260@example.com,My bank branch is closed tomorrow due to a public holiday. Note ref: #119,2026-09-08 05:24:00,VoIP,Normal,73,14,3,3,0,12,Spam
MSG10280,suresh.driver@uber.com,+919123450379,SBI URGENT: Download SBI Safety App APK immediately from http://sbi-secure-app.xyz to prevent account hacking!,2026-09-13 08:45:00,WhatsApp,Fraud,110,18,0,8,1,8,Spam
MSG10283,admin@college.edu.in,+919123450247,Please verify your attendance record on the college ERP portal before Friday.,2026-09-26 01:18:00,SMS,Normal,77,12,0,1,0,10,Spam
MSG10284,+919988776655,user_248@example.com,Reminder: Library books are due for return by Friday 5 PM.,2026-09-14 10:10:00,SMS,Normal,58,11,1,2,0,10,Spam
MSG10285,refund@tax-gov.org,+919123450435,URGENT: Your bank account will be blocked within 24 hours due to missing PAN card details. Update immediately at http://bank-pan-verification.org,2026-09-23 03:16:00,WhatsApp,Fraud,145,24,2,8,1,4,Spam
MSG10286,admin@college.edu.in,user_170@example.com,Please verify your attendance record on the college ERP portal before Friday.,2026-09-12 05:21:00,SMS,Normal,77,12,0,1,0,10,Spam
MSG10287,alerts@security-update.org,user_426@example.com,I paid the exam registration fee of $120 via net banking. Transaction ID #TXN98123.,2026-09-03 17:20:00,Email,Normal,83,14,8,4,0,4,Spam
MSG10288,+917766554433,user_448@example.com,Your Amazon order #408-1928374 of $45.50 has been delivered. Track at https://www.amazon.in/order-tracking,2026-09-01 13:39:00,Email,Normal,106,19,14,12,1,11,Fraud
MSG10292,support@bank-verify.net,+919123450483,"URGENT: Your Amazon account has been locked due to suspicious purchase of $1,200. Verify identity at http://amazon-account-security-check.com",2026-09-03 00:55:00,WhatsApp,Fraud,141,23,4,11,1,4,Fraud
MSG10294,refund@tax-gov.org,+919123450239,"Hi Team, the project review meeting has been rescheduled to tomorrow morning at 10 AM.",2026-09-06 11:02:00,Email,Normal,86,15,2,2,0,14,Spam
MSG10295,admin@college.edu.in,+919123450467,The store issued a full refund of $35 for your returned item.,2026-09-01 23:23:00,Email,Normal,61,12,2,2,0,6,Spam
MSG10296,info@superdeals.com,+919123450189,"Congratulations! Your mobile number won 50,000 reward points! Redeem at www.rewardpoints.com",2026-09-20 19:09:00,VoIP,Spam,92,14,5,5,1,6,Fraud
MSG10298,alerts@security-update.org,user_328@example.com,The professor updated the syllabus on the college portal. Check https://portal.somaiya.edu/syllabus Note ref: #492,2026-09-16 08:02:00,WhatsApp,Normal,114,18,3,9,1,13,Fraud
MSG10300,support@bank-verify.net,+919123450307,Don't forget to submit the assignment before midnight today.,2026-09-06 16:14:00,WhatsApp,Normal,60,10,0,2,0,8,Spam
MSG10301,alerts@security-update.org,user_212@example.com,"Congratulations! Your mobile number won 50,000 reward points! Redeem at www.rewardpoints.com",2026-09-23 02:18:00,Email,Spam,92,14,5,5,1,6,Fraud
MSG10302,offers@megasale.xyz,user_312@example.com,The store issued a full refund of $35 for your returned item.,2026-09-25 19:06:00,VoIP,Normal,61,12,2,2,0,6,Spam
MSG10303,+918877665544,+919123450369,Unsubscribe from daily promotional alerts by clicking http://optout-deals.com or replying STOP.,2026-09-25 08:54:00,VoIP,Spam,95,14,0,6,1,7,Spam
MSG10306,+919876543210,user_332@example.com,The exam timetable for 7th semester engineering has been published on portal.,2026-09-24 16:36:00,Email,Normal,77,12,1,1,0,11,Spam
MSG10307,student1@somaiya.edu,user_470@example.com,"Hey bro, did you complete the Hadoop installation step on your laptop? Note ref: #573",2026-09-19 08:28:00,SMS,Normal,85,15,3,4,0,14,Spam
MSG10308,+918877665544,+919123450123,"Hey, are we still meeting for the Big Data lecture at 2 PM in Lab 304?",2026-09-17 00:19:00,VoIP,Normal,70,16,4,2,0,15,Spam
MSG10311,+919988776655,user_434@example.com,"URGENT: Your Amazon account has been locked due to suspicious purchase of $1,200. Verify identity at http://amazon-account-security-check.com",2026-09-06 17:34:00,WhatsApp,Fraud,141,23,4,11,1,4,Fraud
MSG10313,service@amazon.in,user_372@example.com,"Congratulations! Your mobile number won 50,000 reward points! Redeem at www.rewardpoints.com",2026-09-11 18:51:00,VoIP,Spam,92,14,5,5,1,6,Fraud
MSG10315,+919820112233,+919123450223,Try our new weight loss supplement for FREE! Order trial pack at www.fitlife.net,2026-09-04 09:29:00,Email,Spam,80,15,0,3,1,6,Spam
MSG10319,student1@somaiya.edu,user_240@example.com,URGENT: Your debit card PIN was entered incorrectly 3 times. Visit your local bank branch or call 1800-112-211 immediately.,2026-09-09 07:17:00,SMS,Fraud,123,21,11,5,0,7,Spam
MSG10326,+919820112233,user_208@example.com,Your Amazon order #408-1928374 of $45.50 has been delivered. Track at https://www.amazon.in/order-tracking,2026-09-06 16:08:00,Email,Normal,106,19,14,12,1,11,Fraud
MSG10328,offers@megasale.xyz,+919123450257,Limited time clearance sale! Up to 90% off electronics at http://mega-sale-online.com,2026-09-17 16:49:00,WhatsApp,Spam,85,15,2,8,1,10,Spam
MSG10329,friend@gmail.com,+919123450489,Here is the Zoom link for today's Big Data workshop: https://zoom.us/j/9812345678 Passcode: 102938,2026-09-10 13:52:00,WhatsApp,Normal,98,18,16,9,1,12,Fraud
MSG10330,alerts@security-update.org,+919123450479,"Hi, please check your email or visit https://github.com/mumbai-univ/big-data-proj for project slides. Note ref: #984",2026-09-02 01:42:00,Email,Normal,116,21,3,13,1,13,Fraud
MSG10331,service@amazon.in,+919123450251,"Hey bro, did you complete the Hadoop installation step on your laptop?",2026-09-10 06:17:00,Email,Normal,70,12,0,2,0,11,Spam
MSG10336,+919988776655,user_104@example.com,"Your salary payment of $3,200 was credited to your bank account #8912. Statement at https://mybank.com/stmt",2026-09-24 08:23:00,Email,Normal,107,19,8,9,1,3,Fraud
MSG10338,+919820112233,+919123450371,Please verify your attendance record on the college ERP portal before Friday.,2026-09-25 17:10:00,WhatsApp,Normal,77,12,0,1,0,10,Spam
MSG10339,service@amazon.in,+919123450191,CRITICAL ALERT: Your HDFC Bank account #9872 has been SUSPENDED due to pending KYC! Verify NOW at http://hdfc-kyc-update.net to avoid permanent block!,2026-09-05 17:12:00,SMS,Fraud,150,26,4,10,1,12,Fraud
MSG10340,colleague@vti.edu.in,+919123450229,The professor updated the syllabus on the college portal. Check https://portal.somaiya.edu/syllabus,2026-09-13 11:59:00,WhatsApp,Normal,99,15,0,7,1,10,Spam
MSG10341,kyc-alert@fast-verify.com,+919123450335,Earn $500/day working from home with no investment required! Sign up at http://easycash.net,2026-09-11 14:41:00,Email,Spam,91,16,3,7,1,1,Spam
MSG10342,+919876543210,+919123450147,Can you send me the practical lab manual for Apache Spark?,2026-09-18 14:15:00,VoIP,Normal,58,11,0,1,0,10,Spam
MSG10343,support@bank-verify.net,user_142@example.com,Here is the Zoom link for today's Big Data workshop: https://zoom.us/j/9812345678 Passcode: 102938 Note ref: #109,2026-09-21 01:56:00,VoIP,Normal,113,21,19,11,1,15,Fraud
MSG10344,+917766554433,user_370@example.com,Hot summer deal! Flight tickets starting at just $49! Book now at http://cheapflights.net,2026-09-11 18:57:00,SMS,Spam,89,15,2,7,1,12,Spam
MSG10347,+918877665544,+919123450253,BANK NOTICE: Your account #4092 is suspended. Please verify identity at nearest branch or call +919988776655. Case: #62205,2026-09-12 06:39:00,Email,Fraud,122,18,21,7,0,11,Spam
MSG10348,suresh.driver@uber.com,user_296@example.com,Reminder: Library books are due for return by Friday 5 PM.,2026-09-04 21:39:00,Email,Normal,58,11,1,2,0,10,Spam
MSG10351,kyc-alert@fast-verify.com,+919123450143,Reminder: Library books are due for return by Friday 5 PM.,2026-09-12 13:11:00,WhatsApp,Normal,58,11,1,2,0,10,Spam
MSG10352,kyc-alert@fast-verify.com,user_464@example.com,Earn $500/day working from home with no investment required! Sign up at http://easycash.net,2026-09-19 01:34:00,Email,Spam,91,16,3,7,1,1,Spam
MSG10357,friend@gmail.com,user_174@example.com,Let's grab lunch after the distributed systems lab session.,2026-09-08 22:38:00,SMS,Normal,59,10,0,2,0,8,Spam
MSG10358,+918877665544,user_284@example.com,"Hi, please check your email or visit https://github.com/mumbai-univ/big-data-proj for project slides.",2026-09-12 13:20:00,WhatsApp,Normal,101,18,0,11,1,10,Spam
MSG10359,info@superdeals.com,user_334@example.com,BIG WEEKEND SALE! Get 50% discount on all branded apparel! Reply YES for coupon code.,2026-09-07 11:59:00,SMS,Spam,85,15,2,4,0,9,Spam
MSG10361,+919988776655,+919123450253,"Your salary payment of $3,200 was credited to your bank account #8912. Statement at https://mybank.com/stmt",2026-09-10 11:23:00,WhatsApp,Normal,107,19,8,9,1,3,Fraud
MSG10362,suresh.driver@uber.com,+919123450249,Thanks for sharing the study notes for the upcoming viva exams.,2026-09-12 08:47:00,VoIP,Normal,63,11,0,1,0,10,Spam
MSG10363,kyc-alert@fast-verify.com,user_286@example.com,Let's grab lunch after the distributed systems lab session.,2026-09-10 10:14:00,SMS,Normal,59,10,0,2,0,8,Spam
MSG10364,+919820112233,user_472@example.com,Please verify your attendance record on the college ERP portal before Friday.,2026-09-10 20:59:00,VoIP,Normal,77,12,0,1,0,10,Spam
MSG10367,kyc-alert@fast-verify.com,+919123450373,Meeting confirmed for tomorrow at 11 AM in Lab 304.,2026-09-26 01:48:00,VoIP,Normal,51,10,5,1,0,9,Spam
MSG10368,+918877665544,+919123450155,Your Uber ride is arriving in 3 minutes. Driver: Suresh (MH-02-AB-1234).,2026-09-17 11:45:00,Email,Normal,72,14,7,8,0,10,Spam
MSG10372,+918877665544,+919123450159,Happy Birthday! Hope you have a fantastic day ahead with family.,2026-09-17 04:28:00,Email,Normal,64,11,0,2,0,10,Spam
MSG10373,colleague@vti.edu.in,+919123450347,Good morning! Hope you have a productive week ahead.,2026-09-23 00:05:00,WhatsApp,Normal,52,9,0,2,0,8,Spam
MSG10378,info@superdeals.com,+919123450205,"Hi, please check your email or visit https://github.com/mumbai-univ/big-data-proj for project slides.",2026-09-04 04:20:00,WhatsApp,Normal,101,18,0,11,1,10,Spam
MSG10380,suresh.driver@uber.com,+919123450405,Here is the Zoom link for today's Big Data workshop: https://zoom.us/j/9812345678 Passcode: 102938,2026-09-19 04:45:00,VoIP,Normal,98,18,16,9,1,12,Fraud
MSG10381,refund@tax-gov.org,user_416@example.com,Your Uber ride is arriving in 3 minutes. Driver: Suresh (MH-02-AB-1234).,2026-09-14 20:53:00,Email,Normal,72,14,7,8,0,10,Spam
MSG10383,colleague@vti.edu.in,user_298@example.com,Your Uber ride is arriving in 3 minutes. Driver: Suresh (MH-02-AB-1234).,2026-09-07 14:35:00,VoIP,Normal,72,14,7,8,0,10,Spam
MSG10386,colleague@vti.edu.in,user_434@example.com,SECURITY ALERT: Your net banking account #7819 was accessed from suspicious IP. Call customer care +919876543210 immediately to unblock. Case: #60324,2026-09-19 22:53:00,VoIP,Fraud,149,21,21,7,0,18,Spam
MSG10387,refund@tax-gov.org,user_350@example.com,Try our new weight loss supplement for FREE! Order trial pack at www.fitlife.net,2026-09-05 02:17:00,Email,Spam,80,15,0,3,1,6,Spam
MSG10389,friend@gmail.com,+919123450381,Our project advisor offered extra lab hours for Apache Spark model tuning.,2026-09-06 12:44:00,SMS,Normal,74,12,0,1,0,9,Spam
MSG10392,+917766554433,+919123450497,Can you send me the practical lab manual for Apache Spark?,2026-09-10 21:14:00,Email,Normal,58,11,0,1,0,10,Spam
MSG10396,admin@college.edu.in,+919123450435,FINAL NOTICE: Court summons issued for unpaid loan. Contact advocate immediately or visit http://legal-notice-portal.com to avoid arrest.,2026-09-07 08:56:00,Email,Fraud,137,21,0,9,1,3,Spam
MSG10397,alerts@security-update.org,+919123450489,My bank branch is closed tomorrow due to a public holiday.,2026-09-23 14:37:00,VoIP,Normal,58,11,0,1,0,9,Spam
MSG10398,service@amazon.in,user_292@example.com,"Your salary payment of $3,200 was credited to your bank account #8912. Statement at https://mybank.com/stmt",2026-09-04 18:29:00,VoIP,Normal,107,19,8,9,1,3,Fraud
MSG10399,admin@college.edu.in,+919123450455,Earn $500/day working from home with no investment required! Sign up at http://easycash.net,2026-09-22 00:38:00,WhatsApp,Spam,91,16,3,7,1,1,Spam
MSG10401,service@amazon.in,user_208@example.com,Your Paytm wallet is restricted due to incomplete e-KYC. Reply with OTP code 882910 to unblock immediately.,2026-09-13 13:18:00,VoIP,Fraud,107,18,6,3,0,7,Spam
MSG10402,+919988776655,+919123450389,Happy Birthday! Hope you have a fantastic day ahead with family.,2026-09-16 23:27:00,VoIP,Normal,64,11,0,2,0,10,Spam
MSG10403,refund@tax-gov.org,user_108@example.com,SECURITY NOTICE: Your SBI net banking account was accessed from unauthorized location. Click http://sbi-login-verify.com to secure your account immediately! Case: #92074,2026-09-08 12:33:00,SMS,Fraud,169,25,5,11,1,13,Fraud
MSG10404,service@amazon.in,+919123450203,"Hey, are we still meeting for the Big Data lecture at 2 PM in Lab 304?",2026-09-15 01:43:00,Email,Normal,70,16,4,2,0,15,Spam
MSG10405,admin@college.edu.in,user_142@example.com,Let's grab lunch after the distributed systems lab session. Note ref: #469,2026-09-08 20:47:00,WhatsApp,Normal,74,13,3,4,0,11,Spam
MSG10406,alerts@security-update.org,+919123450319,"Your salary payment of $3,200 was credited to your bank account #8912. Statement at https://mybank.com/stmt",2026-09-05 15:57:00,SMS,Normal,107,19,8,9,1,3,Fraud
MSG10407,alerts@security-update.org,+919123450365,Here is the Zoom link for today's Big Data workshop: https://zoom.us/j/9812345678 Passcode: 102938 Note ref: #707,2026-09-01 18:08:00,VoIP,Normal,113,21,19,11,1,15,Fraud
MSG10410,+919988776655,user_428@example.com,ALERT: Your Paytm Wallet has been restricted. Share your OTP 482910 with our support agent to unblock your wallet instantly.,2026-09-04 10:43:00,Email,Fraud,124,20,6,3,0,12,Spam
MSG10412,refund@tax-gov.org,+919123450211,Exclusive loan offer at 0% interest rate! Apply instantly at http://quickloan-approval.com,2026-09-05 21:44:00,SMS,Spam,90,14,1,7,1,3,Spam
MSG10413,kyc-alert@fast-verify.com,+919123450279,Don't forget to submit the assignment before midnight today.,2026-09-15 15:31:00,VoIP,Normal,60,10,0,2,0,8,Spam
MSG10414,+918877665544,+919123450227,Huge End-of-Season Sale! Buy 1 Get 2 Free on all clothing items at www.fashionstore.com,2026-09-02 13:17:00,WhatsApp,Spam,87,18,2,5,1,6,Spam
MSG10415,colleague@vti.edu.in,user_196@example.com,"Congratulations! Your mobile number won 50,000 reward points! Redeem at www.rewardpoints.com",2026-09-14 18:48:00,VoIP,Spam,92,14,5,5,1,6,Fraud
MSG10417,suresh.driver@uber.com,+919123450167,"Hey, are we still meeting for the Big Data lecture at 2 PM in Lab 304?",2026-09-20 11:41:00,VoIP,Normal,70,16,4,2,0,15,Spam
MSG10419,+919876543210,user_130@example.com,"Hey, are we still meeting for the Big Data lecture at 2 PM in Lab 304?",2026-09-24 09:21:00,VoIP,Normal,70,16,4,2,0,15,Spam
MSG10420,service@amazon.in,user_316@example.com,My bank branch is closed tomorrow due to a public holiday.,2026-09-05 02:01:00,VoIP,Normal,58,11,0,1,0,9,Spam
MSG10424,+917766554433,user_332@example.com,Can you send me the practical lab manual for Apache Spark?,2026-09-15 09:49:00,SMS,Normal,58,11,0,1,0,10,Spam
MSG10429,support@bank-verify.net,user_230@example.com,"Hey bro, did you complete the Hadoop installation step on your laptop?",2026-09-06 13:58:00,SMS,Normal,70,12,0,2,0,11,Spam
MSG10433,support@bank-verify.net,user_214@example.com,I paid the exam registration fee of $120 via net banking. Transaction ID #TXN98123.,2026-09-19 13:55:00,SMS,Normal,83,14,8,4,0,4,Spam
MSG10434,student1@somaiya.edu,+919123450267,Good morning! Hope you have a productive week ahead.,2026-09-22 02:53:00,SMS,Normal,52,9,0,2,0,8,Spam
MSG10435,student1@somaiya.edu,user_478@example.com,Are you available for a quick phone call regarding the group project?,2026-09-22 10:43:00,Email,Normal,69,12,0,1,0,11,Spam
MSG10436,info@superdeals.com,+919123450475,Here is the Zoom link for today's Big Data workshop: https://zoom.us/j/9812345678 Passcode: 102938,2026-09-08 04:27:00,Email,Normal,98,18,16,9,1,12,Fraud
MSG10439,+919876543210,user_172@example.com,FINAL NOTICE: Court summons issued for unpaid loan. Contact advocate immediately or visit http://legal-notice-portal.com to avoid arrest.,2026-09-05 13:36:00,WhatsApp,Fraud,137,21,0,9,1,3,Spam
MSG10440,colleague@vti.edu.in,+919123450311,The professor updated the syllabus on the college portal. Check https://portal.somaiya.edu/syllabus,2026-09-22 04:45:00,WhatsApp,Normal,99,15,0,7,1,10,Spam
MSG10443,suresh.driver@uber.com,user_262@example.com,"URGENT: Your Amazon account has been locked due to suspicious purchase of $1,200. Verify identity at http://amazon-account-security-check.com",2026-09-13 17:02:00,VoIP,Fraud,141,23,4,11,1,4,Fraud
MSG10445,offers@megasale.xyz,user_494@example.com,Your Amazon order #408-1928374 of $45.50 has been delivered. Track at https://www.amazon.in/order-tracking,2026-09-21 21:36:00,Email,Normal,106,19,14,12,1,11,Fraud
MSG10450,+919988776655,+919123450201,Our project advisor offered extra lab hours for Apache Spark model tuning.,2026-09-18 06:35:00,VoIP,Normal,74,12,0,1,0,9,Spam
MSG10453,service@amazon.in,user_470@example.com,Good morning! Hope you have a productive week ahead. Note ref: #687,2026-09-23 21:54:00,VoIP,Normal,67,12,3,4,0,11,Spam
MSG10455,alerts@security-update.org,+919123450431,"Hi Team, the project review meeting has been rescheduled to tomorrow morning at 10 AM. Note ref: #734",2026-09-24 00:55:00,WhatsApp,Normal,101,18,5,4,0,17,Spam
MSG10456,+918877665544,+919123450243,Please verify your attendance record on the college ERP portal before Friday.,2026-09-07 13:53:00,VoIP,Normal,77,12,0,1,0,10,Spam
MSG10459,alerts@security-update.org,+919123450115,"Hey, are we still meeting for the Big Data lecture at 2 PM in Lab 304?",2026-09-03 23:59:00,WhatsApp,Normal,70,16,4,2,0,15,Spam
MSG10460,alerts@security-update.org,+919123450181,BIG WEEKEND SALE! Get 50% discount on all branded apparel! Reply YES for coupon code.,2026-09-12 14:43:00,SMS,Spam,85,15,2,4,0,9,Spam
MSG10461,+919876543210,+919123450491,Get instant credit score check for FREE! No hidden charges. Visit http://free-credit-check.org,2026-09-19 00:15:00,Email,Spam,94,16,0,8,1,4,Spam
MSG10468,service@amazon.in,+919123450427,"Hi Team, the project review meeting has been rescheduled to tomorrow morning at 10 AM.",2026-09-15 18:33:00,VoIP,Normal,86,15,2,2,0,14,Spam
MSG10474,+917766554433,user_468@example.com,My bank branch is closed tomorrow due to a public holiday. Note ref: #362,2026-09-03 12:35:00,SMS,Normal,73,14,3,3,0,12,Spam
MSG10475,support@bank-verify.net,+919123450311,The store issued a full refund of $35 for your returned item.,2026-09-18 13:39:00,VoIP,Normal,61,12,2,2,0,6,Spam
MSG10476,alerts@security-update.org,+919123450183,Reminder: Library books are due for return by Friday 5 PM. Note ref: #590,2026-09-04 16:30:00,VoIP,Normal,73,14,4,4,0,13,Spam
MSG10478,+918877665544,user_380@example.com,Reminder: Library books are due for return by Friday 5 PM.,2026-09-16 17:07:00,SMS,Normal,58,11,1,2,0,10,Spam
MSG10479,+919820112233,user_320@example.com,Meeting confirmed for tomorrow at 11 AM in Lab 304.,2026-09-21 02:15:00,Email,Normal,51,10,5,1,0,9,Spam
MSG10482,friend@gmail.com,user_202@example.com,Can you send me the practical lab manual for Apache Spark?,2026-09-02 12:06:00,SMS,Normal,58,11,0,1,0,10,Spam
MSG10483,+918877665544,user_342@example.com,"Your salary payment of $3,200 was credited to your bank account #8912. Statement at https://mybank.com/stmt",2026-09-15 08:48:00,SMS,Normal,107,19,8,9,1,3,Fraud
MSG10486,+919876543210,+919123450177,The professor updated the syllabus on the college portal. Check https://portal.somaiya.edu/syllabus,2026-09-05 05:36:00,SMS,Normal,99,15,0,7,1,10,Spam
MSG10487,alerts@security-update.org,+919123450383,Free home delivery on all grocery orders above $30. Order now at local store!,2026-09-18 22:49:00,SMS,Spam,77,14,2,3,0,13,Spam
MSG10493,+919820112233,user_458@example.com,Let's grab lunch after the distributed systems lab session.,2026-09-06 10:54:00,VoIP,Normal,59,10,0,2,0,8,Spam
MSG10494,+917766554433,user_154@example.com,"Hi Team, the project review meeting has been rescheduled to tomorrow morning at 10 AM.",2026-09-14 08:29:00,SMS,Normal,86,15,2,2,0,14,Spam
MSG10495,admin@college.edu.in,user_296@example.com,BANK ALERT: Your debit card has been disabled due to wrong PIN entries. Reactivate your card immediately at http://debitcard-activate-now.com,2026-09-22 20:41:00,VoIP,Fraud,141,23,0,8,1,4,Spam
MSG10497,admin@college.edu.in,user_290@example.com,Special Offer: Get 80% OFF on all branded shoes! Visit www.superdeals.com before offer ends!,2026-09-16 17:02:00,SMS,Spam,92,16,2,6,1,2,Spam
MSG10498,friend@gmail.com,user_456@example.com,"Congratulations! Your mobile number won 50,000 reward points! Redeem at www.rewardpoints.com",2026-09-11 16:59:00,SMS,Spam,92,14,5,5,1,6,Fraud
MSG10499,suresh.driver@uber.com,+919123450237,The store issued a full refund of $35 for your returned item.,2026-09-05 09:31:00,VoIP,Normal,61,12,2,2,0,6,Spam
MSG10500,service@amazon.in,+919123450479,Are you available for a quick phone call regarding the group project?,2026-09-24 20:09:00,VoIP,Normal,69,12,0,1,0,11,Spam
MSG10501,support@bank-verify.net,+919123450133,SECURITY NOTICE: Your SBI net banking account was accessed from unauthorized location. Click http://sbi-login-verify.com to secure your account immediately!,2026-09-24 09:33:00,WhatsApp,Fraud,156,23,0,9,1,11,Spam
MSG10503,offers@megasale.xyz,user_460@example.com,Huge End-of-Season Sale! Buy 1 Get 2 Free on all clothing items at www.fashionstore.com Code: 1828,2026-09-13 19:15:00,Email,Spam,98,20,6,6,1,8,Fraud
MSG10504,+917766554433,user_448@example.com,Good morning! Hope you have a productive week ahead.,2026-09-12 08:15:00,SMS,Normal,52,9,0,2,0,8,Spam
MSG10505,friend@gmail.com,user_400@example.com,Meeting confirmed for tomorrow at 11 AM in Lab 304.,2026-09-17 00:00:00,WhatsApp,Normal,51,10,5,1,0,9,Spam
MSG10506,+918877665544,+919123450245,Let's grab lunch after the distributed systems lab session.,2026-09-18 22:13:00,SMS,Normal,59,10,0,2,0,8,Spam
MSG10510,info@superdeals.com,user_338@example.com,BANK ALERT: Your debit card has been disabled due to wrong PIN entries. Reactivate your card immediately at http://debitcard-activate-now.com,2026-09-25 00:40:00,WhatsApp,Fraud,141,23,0,8,1,4,Spam
MSG10511,+919820112233,+919123450361,Limited time clearance sale! Up to 90% off electronics at http://mega-sale-online.com,2026-09-14 04:45:00,WhatsApp,Spam,85,15,2,8,1,10,Spam
MSG10513,student1@somaiya.edu,user_196@example.com,My bank branch is closed tomorrow due to a public holiday.,2026-09-24 21:01:00,Email,Normal,58,11,0,1,0,9,Spam
MSG10517,offers@megasale.xyz,+919123450359,BIG WEEKEND SALE! Get 50% discount on all branded apparel! Reply YES for coupon code.,2026-09-09 01:40:00,WhatsApp,Spam,85,15,2,4,0,9,Spam
MSG10519,support@bank-verify.net,user_448@example.com,Free home delivery on all grocery orders above $30. Order now at local store!,2026-09-05 09:32:00,WhatsApp,Spam,77,14,2,3,0,13,Spam
MSG10520,student1@somaiya.edu,+919123450315,The professor updated the syllabus on the college portal. Check https://portal.somaiya.edu/syllabus,2026-09-18 05:58:00,WhatsApp,Normal,99,15,0,7,1,10,Spam
MSG10523,info@superdeals.com,+919123450275,"Hi Team, the project review meeting has been rescheduled to tomorrow morning at 10 AM.",2026-09-22 03:47:00,VoIP,Normal,86,15,2,2,0,14,Spam
MSG10525,info@superdeals.com,+919123450489,Please find attached the project submission guidelines for Semester 7. Note ref: #380,2026-09-08 13:03:00,Email,Normal,85,13,4,3,0,12,Spam
MSG10526,+919988776655,user_414@example.com,Our project advisor offered extra lab hours for Apache Spark model tuning.,2026-09-20 21:01:00,VoIP,Normal,74,12,0,1,0,9,Spam
MSG10527,+919876543210,+919123450373,Here is the Zoom link for today's Big Data workshop: https://zoom.us/j/9812345678 Passcode: 102938,2026-09-18 07:31:00,Email,Normal,98,18,16,9,1,12,Fraud
MSG10528,colleague@vti.edu.in,+919123450197,PRIZE WINNER ALERT: You won 25 Lakh INR in KBC Lucky Draw! Deposit processing fee of $200 at http://kbc-prize-claim.xyz to release funds!,2026-09-01 12:30:00,SMS,Fraud,137,26,5,10,1,9,Fraud
MSG10530,+918877665544,+919123450123,"Hey bro, did you complete the Hadoop installation step on your laptop?",2026-09-14 13:39:00,WhatsApp,Normal,70,12,0,2,0,11,Spam
MSG10531,suresh.driver@uber.com,user_322@example.com,The exam timetable for 7th semester engineering has been published on portal.,2026-09-16 22:21:00,Email,Normal,77,12,1,1,0,11,Spam
MSG10534,+919876543210,user_292@example.com,Your Uber ride is arriving in 3 minutes. Driver: Suresh (MH-02-AB-1234).,2026-09-25 16:04:00,WhatsApp,Normal,72,14,7,8,0,10,Spam
MSG10535,+917766554433,user_434@example.com,Super offer! Get unlimited streaming for just $5 per month. Sign up today.,2026-09-03 12:41:00,SMS,Spam,74,13,1,4,0,12,Spam
MSG10536,+917766554433,user_380@example.com,Try our new weight loss supplement for FREE! Order trial pack at www.fitlife.net,2026-09-22 22:10:00,WhatsApp,Spam,80,15,0,3,1,6,Spam
MSG10538,+919988776655,user_314@example.com,Get instant credit score check for FREE! No hidden charges. Visit http://free-credit-check.org,2026-09-24 14:47:00,SMS,Spam,94,16,0,8,1,4,Spam
MSG10539,+917766554433,user_354@example.com,Flat 50% discount on online coding courses! Limited seats remaining. Enrol today at www.learnfast.org,2026-09-10 10:10:00,Email,Spam,101,16,2,5,1,11,Spam
MSG10542,+917766554433,+919123450393,"Hey, are we still meeting for the Big Data lecture at 2 PM in Lab 304?",2026-09-08 02:54:00,VoIP,Normal,70,16,4,2,0,15,Spam
MSG10543,admin@college.edu.in,+919123450429,URGENT: Your debit card PIN was entered incorrectly 3 times. Visit your local bank branch or call 1800-112-211 immediately. Case: #23276,2026-09-22 02:53:00,Email,Fraud,136,23,16,7,0,9,Spam
MSG10546,support@bank-verify.net,user_268@example.com,SECURITY NOTICE: Your SBI net banking account was accessed from unauthorized location. Click http://sbi-login-verify.com to secure your account immediately! Case: #28139,2026-09-21 06:06:00,WhatsApp,Fraud,169,25,5,11,1,13,Fraud
MSG10547,+918877665544,user_290@example.com,URGENT SECURITY: Your WhatsApp account code is 918-243. Never share this code with anyone. Click http://whatsapp-verify-security.com to protect.,2026-09-09 15:44:00,WhatsApp,Fraud,144,23,6,11,1,4,Fraud
MSG10550,kyc-alert@fast-verify.com,user_498@example.com,Exclusive VIP pass for tech conference! Claim your free seat at http://techvip-pass.com,2026-09-02 15:28:00,WhatsApp,Spam,87,15,0,6,1,4,Spam
MSG10552,+919820112233,user_460@example.com,Let's grab lunch after the distributed systems lab session.,2026-09-16 17:30:00,Email,Normal,59,10,0,2,0,8,Spam
MSG10553,+917766554433,+919123450321,My bank branch is closed tomorrow due to a public holiday.,2026-09-23 06:23:00,Email,Normal,58,11,0,1,0,9,Spam
MSG10554,+919988776655,+919123450385,I paid the exam registration fee of $120 via net banking. Transaction ID #TXN98123.,2026-09-01 20:43:00,SMS,Normal,83,14,8,4,0,4,Spam
MSG10555,friend@gmail.com,+919123450353,"Win a jackpot of $10,000 in our lucky draw! Text WIN to 58888 now to enter!",2026-09-04 17:46:00,Email,Spam,75,17,10,4,0,13,Spam
MSG10556,admin@college.edu.in,+919123450125,Hot summer deal! Flight tickets starting at just $49! Book now at http://cheapflights.net,2026-09-18 13:34:00,Email,Spam,89,15,2,7,1,12,Spam
MSG10557,refund@tax-gov.org,+919123450145,The professor updated the syllabus on the college portal. Check https://portal.somaiya.edu/syllabus Note ref: #554,2026-09-21 16:19:00,VoIP,Normal,114,18,3,9,1,13,Fraud
MSG10560,alerts@security-update.org,user_332@example.com,BANK ALERT: Your debit card has been disabled due to wrong PIN entries. Reactivate your card immediately at http://debitcard-activate-now.com,2026-09-22 20:47:00,WhatsApp,Fraud,141,23,0,8,1,4,Spam
MSG10562,student1@somaiya.edu,user_380@example.com,"Your salary payment of $3,200 was credited to your bank account #8912. Statement at https://mybank.com/stmt",2026-09-06 04:07:00,WhatsApp,Normal,107,19,8,9,1,3,Fraud
MSG10564,info@superdeals.com,user_466@example.com,Reminder: Library books are due for return by Friday 5 PM.,2026-09-06 05:42:00,WhatsApp,Normal,58,11,1,2,0,10,Spam
MSG10565,+917766554433,+919123450495,Special Offer: Get 80% OFF on all branded shoes! Visit www.superdeals.com before offer ends!,2026-09-22 03:35:00,VoIP,Spam,92,16,2,6,1,2,Spam
MSG10566,+919820112233,+919123450371,Special discount on summer online courses. Limited seats available today! Call 1800-9988-77. Code: 9172,2026-09-21 00:44:00,SMS,Spam,103,16,14,6,0,12,Spam
MSG10567,support@bank-verify.net,user_454@example.com,BIG WEEKEND SALE! Get 50% discount on all branded apparel! Reply YES for coupon code.,2026-09-07 04:13:00,Email,Spam,85,15,2,4,0,9,Spam
MSG10568,suresh.driver@uber.com,user_358@example.com,I paid the exam registration fee of $120 via net banking. Transaction ID #TXN98123.,2026-09-20 09:17:00,VoIP,Normal,83,14,8,4,0,4,Spam
MSG10571,offers@megasale.xyz,user_444@example.com,Meeting confirmed for tomorrow at 11 AM in Lab 304.,2026-09-09 10:13:00,Email,Normal,51,10,5,1,0,9,Spam
MSG10573,student1@somaiya.edu,user_316@example.com,I paid the exam registration fee of $120 via net banking. Transaction ID #TXN98123.,2026-09-25 02:57:00,SMS,Normal,83,14,8,4,0,4,Spam
MSG10575,student1@somaiya.edu,user_204@example.com,URGENT SECURITY: Your WhatsApp account code is 918-243. Never share this code with anyone. Click http://whatsapp-verify-security.com to protect. Case: #18130,2026-09-17 15:46:00,SMS,Fraud,157,25,11,13,1,6,Fraud
MSG10576,alerts@security-update.org,user_480@example.com,Flat 50% discount on online coding courses! Limited seats remaining. Enrol today at www.learnfast.org,2026-09-12 03:31:00,VoIP,Spam,101,16,2,5,1,11,Spam
MSG10578,+919876543210,user_106@example.com,PRIZE WINNER ALERT: You won 25 Lakh INR in KBC Lucky Draw! Deposit processing fee of $200 at http://kbc-prize-claim.xyz to release funds!,2026-09-10 13:49:00,WhatsApp,Fraud,137,26,5,10,1,9,Fraud
MSG10579,offers@megasale.xyz,user_486@example.com,Exclusive VIP pass for tech conference! Claim your free seat at http://techvip-pass.com,2026-09-10 03:21:00,Email,Spam,87,15,0,6,1,4,Spam
MSG10582,+919988776655,user_120@example.com,Good morning! Hope you have a productive week ahead.,2026-09-16 00:23:00,Email,Normal,52,9,0,2,0,8,Spam
MSG10584,support@bank-verify.net,user_366@example.com,Hot summer deal! Flight tickets starting at just $49! Book now at http://cheapflights.net,2026-09-24 07:44:00,SMS,Spam,89,15,2,7,1,12,Spam
MSG10586,info@superdeals.com,+919123450485,Hot summer deal! Flight tickets starting at just $49! Book now at http://cheapflights.net,2026-09-01 17:36:00,VoIP,Spam,89,15,2,7,1,12,Spam
MSG10587,alerts@security-update.org,user_120@example.com,Your Uber ride is arriving in 3 minutes. Driver: Suresh (MH-02-AB-1234).,2026-09-18 16:33:00,WhatsApp,Normal,72,14,7,8,0,10,Spam
MSG10588,student1@somaiya.edu,user_112@example.com,ATTENTION: Your electricity bill of $240 is unpaid. Power supply will be disconnected at 9 PM. Pay immediately at http://power-bill-pay.com or call 9876543210!,2026-09-24 17:45:00,WhatsApp,Fraud,159,27,14,11,1,22,Fraud
MSG10590,+919820112233,user_420@example.com,Don't forget to submit the assignment before midnight today.,2026-09-10 22:13:00,SMS,Normal,60,10,0,2,0,8,Spam
MSG10591,service@amazon.in,+919123450153,Unsubscribe from daily promotional alerts by clicking http://optout-deals.com or replying STOP.,2026-09-25 19:22:00,Email,Spam,95,14,0,6,1,7,Spam
MSG10593,+919876543210,+919123450191,Your Amazon order #408-1928374 of $45.50 has been delivered. Track at https://www.amazon.in/order-tracking Note ref: #175,2026-09-04 12:56:00,WhatsApp,Normal,121,22,17,14,1,14,Fraud
MSG10595,+917766554433,+919123450373,"Hey, are we still meeting for the Big Data lecture at 2 PM in Lab 304?",2026-09-04 05:04:00,SMS,Normal,70,16,4,2,0,15,Spam
MSG10597,student1@somaiya.edu,+919123450491,"Congratulations! Your mobile number won 50,000 reward points! Redeem at www.rewardpoints.com",2026-09-18 16:36:00,VoIP,Spam,92,14,5,5,1,6,Fraud
MSG10599,offers@megasale.xyz,+919123450105,"Your salary payment of $3,200 was credited to your bank account #8912. Statement at https://mybank.com/stmt",2026-09-06 22:36:00,Email,Normal,107,19,8,9,1,3,Fraud
MSG10603,+918877665544,user_228@example.com,Please verify your attendance record on the college ERP portal before Friday. Note ref: #787,2026-09-10 07:37:00,SMS,Normal,92,15,3,3,0,13,Spam
MSG10604,offers@megasale.xyz,+919123450165,BIG WEEKEND SALE! Get 50% discount on all branded apparel! Reply YES for coupon code.,2026-09-05 21:16:00,Email,Spam,85,15,2,4,0,9,Spam
MSG10605,suresh.driver@uber.com,user_348@example.com,Can you send me the practical lab manual for Apache Spark?,2026-09-16 06:38:00,VoIP,Normal,58,11,0,1,0,10,Spam
MSG10607,alerts@security-update.org,user_464@example.com,"TAX REFUND NOTICE: You are eligible for an income tax refund of $1,450. Click http://income-tax-refund-portal.net to claim your refund to bank account. Case: #42266",2026-09-13 22:12:00,VoIP,Fraud,164,30,9,14,1,13,Fraud
MSG10609,+917766554433,+919123450189,Happy Birthday! Hope you have a fantastic day ahead with family.,2026-09-14 02:30:00,SMS,Normal,64,11,0,2,0,10,Spam
MSG10613,student1@somaiya.edu,user_168@example.com,Our project advisor offered extra lab hours for Apache Spark model tuning.,2026-09-24 03:21:00,VoIP,Normal,74,12,0,1,0,9,Spam
MSG10616,friend@gmail.com,user_218@example.com,SECURITY NOTICE: Your SBI net banking account was accessed from unauthorized location. Click http://sbi-login-verify.com to secure your account immediately!,2026-09-13 08:44:00,SMS,Fraud,156,23,0,9,1,11,Spam
MSG10620,offers@megasale.xyz,user_276@example.com,The professor updated the syllabus on the college portal. Check https://portal.somaiya.edu/syllabus,2026-09-23 06:35:00,VoIP,Normal,99,15,0,7,1,10,Spam
MSG10622,+919988776655,+919123450195,"Your salary payment of $3,200 was credited to your bank account #8912. Statement at https://mybank.com/stmt",2026-09-17 19:38:00,Email,Normal,107,19,8,9,1,3,Fraud
MSG10624,support@bank-verify.net,+919123450431,BIG WEEKEND SALE! Get 50% discount on all branded apparel! Reply YES for coupon code.,2026-09-02 08:31:00,VoIP,Spam,85,15,2,4,0,9,Spam
MSG10626,colleague@vti.edu.in,+919123450307,Let's grab lunch after the distributed systems lab session.,2026-09-14 05:36:00,SMS,Normal,59,10,0,2,0,8,Spam
MSG10627,friend@gmail.com,user_346@example.com,"FRAUD ALERT: Suspicious transaction of $899 detected on your Credit Card ending 4321. If not done by you, verify details at http://card-security-alert.net",2026-09-11 07:36:00,Email,Fraud,154,26,7,10,1,4,Fraud
MSG10632,+919820112233,user_496@example.com,"Hi Team, the project review meeting has been rescheduled to tomorrow morning at 10 AM.",2026-09-25 02:12:00,VoIP,Normal,86,15,2,2,0,14,Spam
MSG10634,+917766554433,+919123450317,The store issued a full refund of $35 for your returned item.,2026-09-12 22:00:00,Email,Normal,61,12,2,2,0,6,Spam
MSG10636,+919820112233,+919123450395,My bank branch is closed tomorrow due to a public holiday.,2026-09-24 23:43:00,SMS,Normal,58,11,0,1,0,9,Spam
MSG10637,suresh.driver@uber.com,+919123450309,"Your salary payment of $3,200 was credited to your bank account #8912. Statement at https://mybank.com/stmt",2026-09-06 04:25:00,WhatsApp,Normal,107,19,8,9,1,3,Fraud
MSG10641,refund@tax-gov.org,user_458@example.com,Flat 50% discount on online coding courses! Limited seats remaining. Enrol today at www.learnfast.org,2026-09-05 21:31:00,Email,Spam,101,16,2,5,1,11,Spam
MSG10643,service@amazon.in,+919123450145,Exclusive loan offer at 0% interest rate! Apply instantly at http://quickloan-approval.com,2026-09-13 07:21:00,SMS,Spam,90,14,1,7,1,3,Spam
MSG10649,student1@somaiya.edu,+919123450471,My bank branch is closed tomorrow due to a public holiday. Note ref: #192,2026-09-17 03:32:00,WhatsApp,Normal,73,14,3,3,0,12,Spam
MSG10650,info@superdeals.com,user_332@example.com,URGENT SECURITY: Your WhatsApp account code is 918-243. Never share this code with anyone. Click http://whatsapp-verify-security.com to protect.,2026-09-01 13:04:00,VoIP,Fraud,144,23,6,11,1,4,Fraud
MSG10653,suresh.driver@uber.com,+919123450497,Our project advisor offered extra lab hours for Apache Spark model tuning.,2026-09-22 07:13:00,VoIP,Normal,74,12,0,1,0,9,Spam
MSG10658,admin@college.edu.in,+919123450205,Huge End-of-Season Sale! Buy 1 Get 2 Free on all clothing items at www.fashionstore.com,2026-09-10 13:28:00,Email,Spam,87,18,2,5,1,6,Spam
MSG10662,colleague@vti.edu.in,user_316@example.com,"Hey bro, did you complete the Hadoop installation step on your laptop?",2026-09-25 22:39:00,VoIP,Normal,70,12,0,2,0,11,Spam
MSG10664,info@superdeals.com,user_294@example.com,My bank branch is closed tomorrow due to a public holiday. Note ref: #790,2026-09-16 03:27:00,SMS,Normal,73,14,3,3,0,12,Spam
MSG10665,admin@college.edu.in,+919123450221,Let's grab lunch after the distributed systems lab session.,2026-09-22 18:50:00,WhatsApp,Normal,59,10,0,2,0,8,Spam
MSG10666,friend@gmail.com,+919123450317,PRIZE WINNER ALERT: You won 25 Lakh INR in KBC Lucky Draw! Deposit processing fee of $200 at http://kbc-prize-claim.xyz to release funds!,2026-09-20 09:45:00,Email,Fraud,137,26,5,10,1,9,Fraud
MSG10667,kyc-alert@fast-verify.com,+919123450243,Boost your Instagram followers by 10k in 24 hours! Visit www.socialgrow.xyz now!,2026-09-09 12:29:00,VoIP,Spam,80,14,4,4,1,11,Fraud
MSG10668,+917766554433,+919123450469,"Hey bro, did you complete the Hadoop installation step on your laptop?",2026-09-12 01:33:00,WhatsApp,Normal,70,12,0,2,0,11,Spam
MSG10670,colleague@vti.edu.in,+919123450373,"Hi Team, the project review meeting has been rescheduled to tomorrow morning at 10 AM.",2026-09-23 11:31:00,WhatsApp,Normal,86,15,2,2,0,14,Spam
MSG10671,+919876543210,+919123450303,Please verify your attendance record on the college ERP portal before Friday.,2026-09-08 18:24:00,SMS,Normal,77,12,0,1,0,10,Spam
MSG10672,+917766554433,user_330@example.com,Let's grab lunch after the distributed systems lab session.,2026-09-13 03:44:00,WhatsApp,Normal,59,10,0,2,0,8,Spam
MSG10674,info@superdeals.com,+919123450395,I paid the exam registration fee of $120 via net banking. Transaction ID #TXN98123.,2026-09-14 06:52:00,Email,Normal,83,14,8,4,0,4,Spam
MSG10676,suresh.driver@uber.com,+919123450315,"Hi Team, the project review meeting has been rescheduled to tomorrow morning at 10 AM.",2026-09-04 13:55:00,VoIP,Normal,86,15,2,2,0,14,Spam
MSG10679,+919820112233,user_164@example.com,FINAL NOTICE: Court summons issued for unpaid loan. Contact advocate immediately or visit http://legal-notice-portal.com to avoid arrest.,2026-09-12 18:51:00,Email,Fraud,137,21,0,9,1,3,Spam
MSG10681,+919820112233,user_494@example.com,SECURITY ALERT: Your net banking account #7819 was accessed from suspicious IP. Call customer care +919876543210 immediately to unblock.,2026-09-25 04:19:00,VoIP,Fraud,136,19,16,5,0,16,Spam
MSG10682,+918877665544,+919123450435,Earn $500/day working from home with no investment required! Sign up at http://easycash.net Code: 3544,2026-09-15 09:54:00,VoIP,Spam,102,18,7,8,1,3,Fraud
MSG10683,+919988776655,+919123450167,The store issued a full refund of $35 for your returned item.,2026-09-02 15:12:00,Email,Normal,61,12,2,2,0,6,Spam
MSG10684,suresh.driver@uber.com,+919123450343,Your Uber ride is arriving in 3 minutes. Driver: Suresh (MH-02-AB-1234).,2026-09-25 22:27:00,VoIP,Normal,72,14,7,8,0,10,Spam
MSG10685,support@bank-verify.net,user_402@example.com,Your Paytm wallet is restricted due to incomplete e-KYC. Reply with OTP code 882910 to unblock immediately.,2026-09-21 03:06:00,VoIP,Fraud,107,18,6,3,0,7,Spam
MSG10690,+919820112233,user_380@example.com,Super offer! Get unlimited streaming for just $5 per month. Sign up today.,2026-09-09 21:58:00,WhatsApp,Spam,74,13,1,4,0,12,Spam
MSG10694,refund@tax-gov.org,+919123450239,Don't forget to submit the assignment before midnight today.,2026-09-09 21:06:00,VoIP,Normal,60,10,0,2,0,8,Spam
MSG10695,+919820112233,+919123450195,"Hi Team, the project review meeting has been rescheduled to tomorrow morning at 10 AM. Note ref: #647",2026-09-14 04:08:00,SMS,Normal,101,18,5,4,0,17,Spam
MSG10697,student1@somaiya.edu,+919123450355,Are you available for a quick phone call regarding the group project?,2026-09-22 10:28:00,WhatsApp,Normal,69,12,0,1,0,11,Spam
MSG10699,admin@college.edu.in,+919123450295,Here is the Zoom link for today's Big Data workshop: https://zoom.us/j/9812345678 Passcode: 102938,2026-09-06 21:12:00,SMS,Normal,98,18,16,9,1,12,Fraud
MSG10700,refund@tax-gov.org,user_226@example.com,INCOME TAX WARNING: Legal action initiated against your PAN for tax evasion. Call immediately at +91-9988776655 to settle compliance.,2026-09-10 09:33:00,SMS,Fraud,133,20,12,5,0,10,Spam
MSG10704,support@bank-verify.net,+919123450241,"Hi, please check your email or visit https://github.com/mumbai-univ/big-data-proj for project slides.",2026-09-19 08:19:00,SMS,Normal,101,18,0,11,1,10,Spam
MSG10705,friend@gmail.com,user_452@example.com,CONGRATS! You have won a free iPhone 15 Pro Max! Click http://win-iphone.xyz to claim now!,2026-09-18 05:39:00,Email,Spam,90,18,2,8,1,3,Spam
MSG10706,+918877665544,+919123450451,Huge End-of-Season Sale! Buy 1 Get 2 Free on all clothing items at www.fashionstore.com,2026-09-04 01:35:00,WhatsApp,Spam,87,18,2,5,1,6,Spam
MSG10707,+917766554433,user_164@example.com,"Your salary payment of $3,200 was credited to your bank account #8912. Statement at https://mybank.com/stmt",2026-09-11 22:08:00,VoIP,Normal,107,19,8,9,1,3,Fraud
MSG10710,info@superdeals.com,user_390@example.com,Please verify your attendance record on the college ERP portal before Friday.,2026-09-26 01:46:00,Email,Normal,77,12,0,1,0,10,Spam
MSG10711,support@bank-verify.net,+919123450135,The store issued a full refund of $35 for your returned item.,2026-09-21 18:50:00,Email,Normal,61,12,2,2,0,6,Spam
MSG10713,alerts@security-update.org,user_264@example.com,URGENT: Income tax department flagged your account for unpaid dues. Contact officer at +919820112233.,2026-09-25 20:41:00,SMS,Fraud,101,14,12,4,0,13,Spam
MSG10716,+919876543210,+919123450203,Exclusive loan offer at 0% interest rate! Apply instantly at http://quickloan-approval.com,2026-09-23 10:09:00,SMS,Spam,90,14,1,7,1,3,Spam
MSG10718,offers@megasale.xyz,+919123450213,Claim your $100 shopping voucher today! Reply CLAIM to 56767 to activate.,2026-09-01 22:17:00,SMS,Spam,73,12,8,3,0,5,Spam
MSG10719,+918877665544,+919123450339,"FRAUD ALERT: Suspicious transaction of $899 detected on your Credit Card ending 4321. If not done by you, verify details at http://card-security-alert.net",2026-09-17 18:13:00,SMS,Fraud,154,26,7,10,1,4,Fraud
MSG10723,+917766554433,user_492@example.com,Please verify your attendance record on the college ERP portal before Friday.,2026-09-22 05:02:00,WhatsApp,Normal,77,12,0,1,0,10,Spam
MSG10724,support@bank-verify.net,user_192@example.com,Try our new weight loss supplement for FREE! Order trial pack at www.fitlife.net,2026-09-24 07:15:00,VoIP,Spam,80,15,0,3,1,6,Spam
MSG10727,admin@college.edu.in,user_284@example.com,Are you available for a quick phone call regarding the group project?,2026-09-21 16:47:00,VoIP,Normal,69,12,0,1,0,11,Spam
MSG10729,info@superdeals.com,+919123450261,Happy Birthday! Hope you have a fantastic day ahead with family. Note ref: #327,2026-09-13 21:25:00,SMS,Normal,79,14,3,4,0,13,Spam
MSG10730,+919988776655,user_148@example.com,URGENT: Your debit card PIN was entered incorrectly 3 times. Visit your local bank branch or call 1800-112-211 immediately.,2026-09-22 06:50:00,SMS,Fraud,123,21,11,5,0,7,Spam
MSG10731,alerts@security-update.org,+919123450219,"Hi Team, the project review meeting has been rescheduled to tomorrow morning at 10 AM.",2026-09-15 00:00:00,WhatsApp,Normal,86,15,2,2,0,14,Spam
MSG10735,+917766554433,user_494@example.com,FINAL NOTICE: Court summons issued for unpaid loan. Contact advocate immediately or visit http://legal-notice-portal.com to avoid arrest.,2026-09-01 20:29:00,Email,Fraud,137,21,0,9,1,3,Spam
MSG10738,suresh.driver@uber.com,user_142@example.com,Reminder: Library books are due for return by Friday 5 PM.,2026-09-03 13:51:00,VoIP,Normal,58,11,1,2,0,10,Spam
MSG10739,service@amazon.in,user_496@example.com,Let's grab lunch after the distributed systems lab session. Note ref: #613,2026-09-07 11:18:00,Email,Normal,74,13,3,4,0,11,Spam
MSG10740,info@superdeals.com,+919123450387,Are you available for a quick phone call regarding the group project?,2026-09-12 08:40:00,Email,Normal,69,12,0,1,0,11,Spam
MSG10741,+918877665544,+919123450157,Our project advisor offered extra lab hours for Apache Spark model tuning.,2026-09-20 14:37:00,VoIP,Normal,74,12,0,1,0,9,Spam
MSG10744,offers@megasale.xyz,+919123450179,The professor updated the syllabus on the college portal. Check https://portal.somaiya.edu/syllabus,2026-09-06 10:44:00,SMS,Normal,99,15,0,7,1,10,Spam
MSG10745,+919988776655,+919123450247,Huge End-of-Season Sale! Buy 1 Get 2 Free on all clothing items at www.fashionstore.com,2026-09-16 22:56:00,SMS,Spam,87,18,2,5,1,6,Spam
MSG10746,friend@gmail.com,+919123450111,Flat 50% discount on online coding courses! Limited seats remaining. Enrol today at www.learnfast.org,2026-09-10 20:17:00,WhatsApp,Spam,101,16,2,5,1,11,Spam
MSG10747,colleague@vti.edu.in,user_484@example.com,Unsubscribe from daily promotional alerts by clicking http://optout-deals.com or replying STOP.,2026-09-26 07:26:00,WhatsApp,Spam,95,14,0,6,1,7,Spam
MSG10748,+919820112233,user_292@example.com,The store issued a full refund of $35 for your returned item.,2026-09-12 23:01:00,SMS,Normal,61,12,2,2,0,6,Spam
MSG10753,friend@gmail.com,+919123450301,The exam timetable for 7th semester engineering has been published on portal.,2026-09-02 04:04:00,Email,Normal,77,12,1,1,0,11,Spam
MSG10755,+919820112233,user_384@example.com,Limited time clearance sale! Up to 90% off electronics at http://mega-sale-online.com,2026-09-11 14:23:00,WhatsApp,Spam,85,15,2,8,1,10,Spam
MSG10756,+918877665544,+919123450473,Reminder: Library books are due for return by Friday 5 PM.,2026-09-25 00:45:00,VoIP,Normal,58,11,1,2,0,10,Spam
MSG10758,suresh.driver@uber.com,+919123450329,Happy Birthday! Hope you have a fantastic day ahead with family.,2026-09-10 17:50:00,Email,Normal,64,11,0,2,0,10,Spam
MSG10759,info@superdeals.com,user_170@example.com,Claim your $100 shopping voucher today! Reply CLAIM to 56767 to activate.,2026-09-25 04:08:00,WhatsApp,Spam,73,12,8,3,0,5,Spam
MSG10762,service@amazon.in,user_310@example.com,Hot summer deal! Flight tickets starting at just $49! Book now at http://cheapflights.net,2026-09-21 11:52:00,WhatsApp,Spam,89,15,2,7,1,12,Spam
MSG10764,alerts@security-update.org,+919123450405,Meeting confirmed for tomorrow at 11 AM in Lab 304.,2026-09-11 20:13:00,Email,Normal,51,10,5,1,0,9,Spam
MSG10765,+919988776655,+919123450357,Boost your Instagram followers by 10k in 24 hours! Visit www.socialgrow.xyz now! Code: 8808,2026-09-18 08:27:00,VoIP,Spam,91,16,8,5,1,13,Fraud
MSG10766,+919988776655,+919123450183,Reminder: Library books are due for return by Friday 5 PM.,2026-09-11 15:09:00,Email,Normal,58,11,1,2,0,10,Spam
MSG10769,+919876543210,+919123450411,INCOME TAX WARNING: Legal action initiated against your PAN for tax evasion. Call immediately at +91-9988776655 to settle compliance.,2026-09-15 13:46:00,VoIP,Fraud,133,20,12,5,0,10,Spam
MSG10770,colleague@vti.edu.in,user_428@example.com,The store issued a full refund of $35 for your returned item.,2026-09-25 00:41:00,SMS,Normal,61,12,2,2,0,6,Spam
MSG10771,+919876543210,+919123450225,Good morning! Hope you have a productive week ahead.,2026-09-03 02:52:00,VoIP,Normal,52,9,0,2,0,8,Spam
MSG10772,+919876543210,+919123450197,The exam timetable for 7th semester engineering has been published on portal.,2026-09-21 08:06:00,WhatsApp,Normal,77,12,1,1,0,11,Spam
MSG10773,student1@somaiya.edu,user_336@example.com,Happy Birthday! Hope you have a fantastic day ahead with family.,2026-09-20 13:26:00,Email,Normal,64,11,0,2,0,10,Spam
MSG10774,+919988776655,+919123450337,Please find attached the project submission guidelines for Semester 7.,2026-09-05 10:47:00,VoIP,Normal,70,10,1,1,0,9,Spam
MSG10775,+919988776655,+919123450301,Flat 50% discount on online coding courses! Limited seats remaining. Enrol today at www.learnfast.org,2026-09-16 01:18:00,VoIP,Spam,101,16,2,5,1,11,Spam
MSG10778,+918877665544,user_368@example.com,Good morning! Hope you have a productive week ahead.,2026-09-24 14:52:00,VoIP,Normal,52,9,0,2,0,8,Spam
MSG10779,kyc-alert@fast-verify.com,user_122@example.com,"Win a jackpot of $10,000 in our lucky draw! Text WIN to 58888 now to enter!",2026-09-16 14:07:00,Email,Spam,75,17,10,4,0,13,Spam
MSG10783,friend@gmail.com,+919123450221,"Hey, are we still meeting for the Big Data lecture at 2 PM in Lab 304?",2026-09-22 23:36:00,Email,Normal,70,16,4,2,0,15,Spam
MSG10786,support@bank-verify.net,user_182@example.com,Can you send me the practical lab manual for Apache Spark? Note ref: #526,2026-09-09 09:47:00,WhatsApp,Normal,73,14,3,3,0,13,Spam
MSG10787,+919876543210,+919123450147,BANK NOTICE: Your account #4092 is suspended. Please verify identity at nearest branch or call +919988776655.,2026-09-16 00:36:00,WhatsApp,Fraud,109,16,16,5,0,9,Spam
MSG10789,admin@college.edu.in,user_268@example.com,Don't forget to submit the assignment before midnight today.,2026-09-25 05:03:00,VoIP,Normal,60,10,0,2,0,8,Spam
MSG10790,+917766554433,user_392@example.com,Are you available for a quick phone call regarding the group project?,2026-09-23 08:17:00,SMS,Normal,69,12,0,1,0,11,Spam
MSG10793,support@bank-verify.net,user_412@example.com,BIG WEEKEND SALE! Get 50% discount on all branded apparel! Reply YES for coupon code.,2026-09-14 13:17:00,Email,Spam,85,15,2,4,0,9,Spam
MSG10797,+919820112233,+919123450189,Your Amazon order #408-1928374 of $45.50 has been delivered. Track at https://www.amazon.in/order-tracking,2026-09-16 09:00:00,Email,Normal,106,19,14,12,1,11,Fraud
MSG10801,offers@megasale.xyz,+919123450133,Your Amazon order #408-1928374 of $45.50 has been delivered. Track at https://www.amazon.in/order-tracking,2026-09-14 02:20:00,Email,Normal,106,19,14,12,1,11,Fraud
MSG10803,suresh.driver@uber.com,+919123450463,Our project advisor offered extra lab hours for Apache Spark model tuning.,2026-09-13 16:32:00,SMS,Normal,74,12,0,1,0,9,Spam
MSG10804,offers@megasale.xyz,+919123450331,Here is the Zoom link for today's Big Data workshop: https://zoom.us/j/9812345678 Passcode: 102938,2026-09-11 04:04:00,WhatsApp,Normal,98,18,16,9,1,12,Fraud
MSG10805,+919876543210,user_498@example.com,Thanks for sharing the study notes for the upcoming viva exams. Note ref: #903,2026-09-05 13:08:00,Email,Normal,78,14,3,3,0,13,Spam
MSG10806,colleague@vti.edu.in,user_178@example.com,"Hey, are we still meeting for the Big Data lecture at 2 PM in Lab 304?",2026-09-16 19:29:00,Email,Normal,70,16,4,2,0,15,Spam
MSG10808,+919876543210,+919123450335,Exclusive loan offer at 0% interest rate! Apply instantly at http://quickloan-approval.com,2026-09-25 02:32:00,VoIP,Spam,90,14,1,7,1,3,Spam
MSG10809,+918877665544,user_270@example.com,Happy Birthday! Hope you have a fantastic day ahead with family.,2026-09-03 10:23:00,VoIP,Normal,64,11,0,2,0,10,Spam
MSG10811,suresh.driver@uber.com,+919123450495,Are you available for a quick phone call regarding the group project?,2026-09-06 16:30:00,VoIP,Normal,69,12,0,1,0,11,Spam
MSG10812,+919820112233,user_418@example.com,Thanks for sharing the study notes for the upcoming viva exams.,2026-09-10 17:38:00,SMS,Normal,63,11,0,1,0,10,Spam
MSG10813,+919988776655,user_460@example.com,Please verify your attendance record on the college ERP portal before Friday.,2026-09-12 11:24:00,WhatsApp,Normal,77,12,0,1,0,10,Spam
MSG10814,suresh.driver@uber.com,user_376@example.com,Happy Birthday! Hope you have a fantastic day ahead with family.,2026-09-03 15:24:00,VoIP,Normal,64,11,0,2,0,10,Spam
MSG10816,refund@tax-gov.org,+919123450415,Reminder: Library books are due for return by Friday 5 PM.,2026-09-15 13:16:00,WhatsApp,Normal,58,11,1,2,0,10,Spam
MSG10819,admin@college.edu.in,user_286@example.com,The professor updated the syllabus on the college portal. Check https://portal.somaiya.edu/syllabus,2026-09-09 16:16:00,VoIP,Normal,99,15,0,7,1,10,Spam
MSG10821,refund@tax-gov.org,+919123450187,Don't forget to submit the assignment before midnight today.,2026-09-17 04:46:00,WhatsApp,Normal,60,10,0,2,0,8,Spam
MSG10824,friend@gmail.com,user_296@example.com,Free home delivery on all grocery orders above $30. Order now at local store!,2026-09-16 20:09:00,SMS,Spam,77,14,2,3,0,13,Spam
MSG10826,+918877665544,user_478@example.com,"Win a jackpot of $10,000 in our lucky draw! Text WIN to 58888 now to enter!",2026-09-06 12:52:00,VoIP,Spam,75,17,10,4,0,13,Spam
MSG10828,kyc-alert@fast-verify.com,+919123450267,URGENT: Your bank account will be blocked within 24 hours due to missing PAN card details. Update immediately at http://bank-pan-verification.org,2026-09-04 03:09:00,VoIP,Fraud,145,24,2,8,1,4,Spam
MSG10829,+919820112233,+919123450487,"Hi Team, the project review meeting has been rescheduled to tomorrow morning at 10 AM.",2026-09-08 02:59:00,Email,Normal,86,15,2,2,0,14,Spam
MSG10831,service@amazon.in,+919123450467,I paid the exam registration fee of $120 via net banking. Transaction ID #TXN98123.,2026-09-05 09:31:00,WhatsApp,Normal,83,14,8,4,0,4,Spam
MSG10839,refund@tax-gov.org,user_296@example.com,"Hi, please check your email or visit https://github.com/mumbai-univ/big-data-proj for project slides.",2026-09-11 14:34:00,WhatsApp,Normal,101,18,0,11,1,10,Spam
MSG10841,+919876543210,user_390@example.com,BANK NOTICE: Your account #4092 is suspended. Please verify identity at nearest branch or call +919988776655.,2026-09-18 02:35:00,VoIP,Fraud,109,16,16,5,0,9,Spam
MSG10843,+918877665544,+919123450225,The exam timetable for 7th semester engineering has been published on portal.,2026-09-04 21:17:00,VoIP,Normal,77,12,1,1,0,11,Spam
MSG10848,+918877665544,user_242@example.com,Can you send me the practical lab manual for Apache Spark?,2026-09-07 08:46:00,WhatsApp,Normal,58,11,0,1,0,10,Spam
MSG10849,+919820112233,+919123450479,Get instant credit score check for FREE! No hidden charges. Visit http://free-credit-check.org,2026-09-09 06:43:00,SMS,Spam,94,16,0,8,1,4,Spam
MSG10850,offers@megasale.xyz,+919123450189,ALERT: Your Paytm Wallet has been restricted. Share your OTP 482910 with our support agent to unblock your wallet instantly.,2026-09-12 01:59:00,WhatsApp,Fraud,124,20,6,3,0,12,Spam
MSG10851,suresh.driver@uber.com,+919123450143,The exam timetable for 7th semester engineering has been published on portal.,2026-09-08 08:22:00,Email,Normal,77,12,1,1,0,11,Spam
MSG10852,alerts@security-update.org,user_438@example.com,Try our new weight loss supplement for FREE! Order trial pack at www.fitlife.net,2026-09-08 22:43:00,VoIP,Spam,80,15,0,3,1,6,Spam
MSG10854,student1@somaiya.edu,+919123450343,Good morning! Hope you have a productive week ahead.,2026-09-18 14:50:00,Email,Normal,52,9,0,2,0,8,Spam
MSG10855,+919988776655,+919123450371,Limited time clearance sale! Up to 90% off electronics at http://mega-sale-online.com,2026-09-01 20:57:00,VoIP,Spam,85,15,2,8,1,10,Spam
MSG10856,suresh.driver@uber.com,+919123450371,Good morning! Hope you have a productive week ahead.,2026-09-05 18:20:00,SMS,Normal,52,9,0,2,0,8,Spam
MSG10857,service@amazon.in,user_412@example.com,BANK ALERT: Your debit card has been disabled due to wrong PIN entries. Reactivate your card immediately at http://debitcard-activate-now.com,2026-09-16 13:52:00,WhatsApp,Fraud,141,23,0,8,1,4,Spam
MSG10859,support@bank-verify.net,user_260@example.com,I paid the exam registration fee of $120 via net banking. Transaction ID #TXN98123.,2026-09-01 17:15:00,SMS,Normal,83,14,8,4,0,4,Spam
MSG10860,colleague@vti.edu.in,+919123450153,CONGRATS! You have won a free iPhone 15 Pro Max! Click http://win-iphone.xyz to claim now!,2026-09-17 07:56:00,VoIP,Spam,90,18,2,8,1,3,Spam
MSG10861,+919876543210,user_112@example.com,Happy Birthday! Hope you have a fantastic day ahead with family.,2026-09-03 22:07:00,SMS,Normal,64,11,0,2,0,10,Spam
MSG10862,+917766554433,user_462@example.com,"FRAUD ALERT: Suspicious transaction of $899 detected on your Credit Card ending 4321. If not done by you, verify details at http://card-security-alert.net",2026-09-05 06:21:00,SMS,Fraud,154,26,7,10,1,4,Fraud
MSG10863,support@bank-verify.net,user_156@example.com,ALERT: Your Paytm Wallet has been restricted. Share your OTP 482910 with our support agent to unblock your wallet instantly.,2026-09-12 20:42:00,Email,Fraud,124,20,6,3,0,12,Spam
MSG10864,refund@tax-gov.org,+919123450241,I paid the exam registration fee of $120 via net banking. Transaction ID #TXN98123.,2026-09-16 01:14:00,VoIP,Normal,83,14,8,4,0,4,Spam
MSG10865,+919876543210,+919123450295,Our project advisor offered extra lab hours for Apache Spark model tuning. Note ref: #895,2026-09-16 11:20:00,VoIP,Normal,89,15,3,3,0,12,Spam
MSG10867,support@bank-verify.net,user_430@example.com,Are you available for a quick phone call regarding the group project?,2026-09-06 06:26:00,VoIP,Normal,69,12,0,1,0,11,Spam
MSG10872,+918877665544,user_376@example.com,The store issued a full refund of $35 for your returned item.,2026-09-01 11:36:00,Email,Normal,61,12,2,2,0,6,Spam
MSG10880,info@superdeals.com,user_434@example.com,The store issued a full refund of $35 for your returned item. Note ref: #221,2026-09-25 18:04:00,VoIP,Normal,76,15,5,4,0,9,Spam
MSG10881,+918877665544,user_118@example.com,"Hey bro, did you complete the Hadoop installation step on your laptop?",2026-09-23 14:00:00,Email,Normal,70,12,0,2,0,11,Spam
MSG10882,+919876543210,user_224@example.com,BIG WEEKEND SALE! Get 50% discount on all branded apparel! Reply YES for coupon code.,2026-09-01 23:41:00,Email,Spam,85,15,2,4,0,9,Spam
MSG10884,+918877665544,+919123450203,Flat 50% discount on online coding courses! Limited seats remaining. Enrol today at www.learnfast.org Code: 4613,2026-09-16 16:28:00,VoIP,Spam,112,18,6,6,1,13,Fraud
MSG10885,+919988776655,user_264@example.com,Limited time clearance sale! Up to 90% off electronics at http://mega-sale-online.com,2026-09-03 09:47:00,Email,Spam,85,15,2,8,1,10,Spam
MSG10886,+919988776655,+919123450487,Your Amazon order #408-1928374 of $45.50 has been delivered. Track at https://www.amazon.in/order-tracking Note ref: #380,2026-09-08 23:33:00,VoIP,Normal,121,22,17,14,1,14,Fraud
MSG10889,student1@somaiya.edu,+919123450313,Thanks for sharing the study notes for the upcoming viva exams.,2026-09-07 02:36:00,VoIP,Normal,63,11,0,1,0,10,Spam
MSG10890,refund@tax-gov.org,user_310@example.com,"Your salary payment of $3,200 was credited to your bank account #8912. Statement at https://mybank.com/stmt",2026-09-09 06:39:00,Email,Normal,107,19,8,9,1,3,Fraud
MSG10891,friend@gmail.com,+919123450413,Special Offer: Get 80% OFF on all branded shoes! Visit www.superdeals.com before offer ends!,2026-09-15 00:59:00,SMS,Spam,92,16,2,6,1,2,Spam
MSG10892,info@superdeals.com,user_160@example.com,"Hey, are we still meeting for the Big Data lecture at 2 PM in Lab 304?",2026-09-17 19:17:00,SMS,Normal,70,16,4,2,0,15,Spam
MSG10896,+917766554433,+919123450479,Our project advisor offered extra lab hours for Apache Spark model tuning.,2026-09-25 18:56:00,SMS,Normal,74,12,0,1,0,9,Spam
MSG10898,suresh.driver@uber.com,+919123450217,Your Amazon order #408-1928374 of $45.50 has been delivered. Track at https://www.amazon.in/order-tracking,2026-09-16 04:13:00,SMS,Normal,106,19,14,12,1,11,Fraud
MSG10899,info@superdeals.com,user_292@example.com,The professor updated the syllabus on the college portal. Check https://portal.somaiya.edu/syllabus,2026-09-04 16:18:00,Email,Normal,99,15,0,7,1,10,Spam
MSG10902,+919876543210,+919123450243,"Hi Team, the project review meeting has been rescheduled to tomorrow morning at 10 AM. Note ref: #682",2026-09-06 09:21:00,Email,Normal,101,18,5,4,0,17,Spam
MSG10903,suresh.driver@uber.com,user_212@example.com,SBI URGENT: Download SBI Safety App APK immediately from http://sbi-secure-app.xyz to prevent account hacking!,2026-09-08 11:15:00,WhatsApp,Fraud,110,18,0,8,1,8,Spam
MSG10904,alerts@security-update.org,user_144@example.com,Super offer! Get unlimited streaming for just $5 per month. Sign up today.,2026-09-25 01:54:00,VoIP,Spam,74,13,1,4,0,12,Spam
MSG10906,service@amazon.in,user_396@example.com,Huge End-of-Season Sale! Buy 1 Get 2 Free on all clothing items at www.fashionstore.com,2026-09-08 02:42:00,Email,Spam,87,18,2,5,1,6,Spam
MSG10910,+919820112233,+919123450345,"Your salary payment of $3,200 was credited to your bank account #8912. Statement at https://mybank.com/stmt",2026-09-08 16:43:00,WhatsApp,Normal,107,19,8,9,1,3,Fraud
MSG10914,info@superdeals.com,user_450@example.com,Let's grab lunch after the distributed systems lab session.,2026-09-16 14:40:00,SMS,Normal,59,10,0,2,0,8,Spam
MSG10915,offers@megasale.xyz,user_126@example.com,Special Offer: Get 80% OFF on all branded shoes! Visit www.superdeals.com before offer ends!,2026-09-18 18:17:00,SMS,Spam,92,16,2,6,1,2,Spam
MSG10917,+917766554433,user_432@example.com,Your Amazon order #408-1928374 of $45.50 has been delivered. Track at https://www.amazon.in/order-tracking,2026-09-10 21:09:00,VoIP,Normal,106,19,14,12,1,11,Fraud
MSG10918,admin@college.edu.in,+919123450357,Huge End-of-Season Sale! Buy 1 Get 2 Free on all clothing items at www.fashionstore.com,2026-09-13 22:42:00,VoIP,Spam,87,18,2,5,1,6,Spam
MSG10919,friend@gmail.com,user_356@example.com,Your Uber ride is arriving in 3 minutes. Driver: Suresh (MH-02-AB-1234).,2026-09-22 17:32:00,SMS,Normal,72,14,7,8,0,10,Spam
MSG10925,suresh.driver@uber.com,user_348@example.com,Try our new weight loss supplement for FREE! Order trial pack at www.fitlife.net,2026-09-22 04:15:00,VoIP,Spam,80,15,0,3,1,6,Spam
MSG10929,+917766554433,+919123450121,ALERT: Your Paytm Wallet has been restricted. Share your OTP 482910 with our support agent to unblock your wallet instantly.,2026-09-07 02:08:00,WhatsApp,Fraud,124,20,6,3,0,12,Spam
MSG10930,+919876543210,user_440@example.com,Your Uber ride is arriving in 3 minutes. Driver: Suresh (MH-02-AB-1234).,2026-09-16 23:34:00,WhatsApp,Normal,72,14,7,8,0,10,Spam
MSG10931,support@bank-verify.net,+919123450373,Good morning! Hope you have a productive week ahead.,2026-09-06 20:41:00,WhatsApp,Normal,52,9,0,2,0,8,Spam
MSG10932,+919988776655,user_334@example.com,"URGENT: Your Amazon account has been locked due to suspicious purchase of $1,200. Verify identity at http://amazon-account-security-check.com",2026-09-08 10:27:00,WhatsApp,Fraud,141,23,4,11,1,4,Fraud
MSG10933,colleague@vti.edu.in,+919123450269,The store issued a full refund of $35 for your returned item.,2026-09-22 21:38:00,WhatsApp,Normal,61,12,2,2,0,6,Spam
MSG10935,+917766554433,+919123450257,ALERT: Your Paytm Wallet has been restricted. Share your OTP 482910 with our support agent to unblock your wallet instantly.,2026-09-19 14:41:00,SMS,Fraud,124,20,6,3,0,12,Spam
MSG10936,+918877665544,+919123450267,Huge End-of-Season Sale! Buy 1 Get 2 Free on all clothing items at www.fashionstore.com,2026-09-10 05:09:00,SMS,Spam,87,18,2,5,1,6,Spam
MSG10939,+919876543210,+919123450441,Meeting confirmed for tomorrow at 11 AM in Lab 304.,2026-09-19 10:14:00,WhatsApp,Normal,51,10,5,1,0,9,Spam
MSG10941,+918877665544,user_210@example.com,Good morning! Hope you have a productive week ahead.,2026-09-20 05:57:00,VoIP,Normal,52,9,0,2,0,8,Spam
MSG10943,student1@somaiya.edu,+919123450343,Super offer! Get unlimited streaming for just $5 per month. Sign up today. Code: 4404,2026-09-04 08:12:00,WhatsApp,Spam,85,15,5,5,0,14,Spam
MSG10945,+919988776655,user_202@example.com,Please verify your attendance record on the college ERP portal before Friday.,2026-09-18 16:59:00,Email,Normal,77,12,0,1,0,10,Spam
MSG10946,student1@somaiya.edu,+919123450399,Here is the Zoom link for today's Big Data workshop: https://zoom.us/j/9812345678 Passcode: 102938 Note ref: #946,2026-09-23 19:41:00,WhatsApp,Normal,113,21,19,11,1,15,Fraud
MSG10950,friend@gmail.com,+919123450455,Let's grab lunch after the distributed systems lab session.,2026-09-18 07:38:00,SMS,Normal,59,10,0,2,0,8,Spam
MSG10952,support@bank-verify.net,+919123450127,My bank branch is closed tomorrow due to a public holiday.,2026-09-17 18:29:00,WhatsApp,Normal,58,11,0,1,0,9,Spam
MSG10954,+917766554433,user_406@example.com,"Your salary payment of $3,200 was credited to your bank account #8912. Statement at https://mybank.com/stmt",2026-09-26 01:52:00,Email,Normal,107,19,8,9,1,3,Fraud
MSG10955,student1@somaiya.edu,user_238@example.com,Your Amazon order #408-1928374 of $45.50 has been delivered. Track at https://www.amazon.in/order-tracking,2026-09-05 16:40:00,WhatsApp,Normal,106,19,14,12,1,11,Fraud
MSG10957,support@bank-verify.net,user_152@example.com,Try our new weight loss supplement for FREE! Order trial pack at www.fitlife.net,2026-09-08 08:48:00,Email,Spam,80,15,0,3,1,6,Spam
MSG10959,+919820112233,+919123450345,Can you send me the practical lab manual for Apache Spark? Note ref: #234,2026-09-15 12:19:00,WhatsApp,Normal,73,14,3,3,0,13,Spam
MSG10960,colleague@vti.edu.in,user_490@example.com,Exclusive loan offer at 0% interest rate! Apply instantly at http://quickloan-approval.com,2026-09-09 04:05:00,WhatsApp,Spam,90,14,1,7,1,3,Spam
MSG10964,friend@gmail.com,user_160@example.com,Special discount on summer online courses. Limited seats available today! Call 1800-9988-77.,2026-09-03 07:16:00,WhatsApp,Spam,92,14,10,5,0,10,Spam
MSG10969,colleague@vti.edu.in,user_462@example.com,The store issued a full refund of $35 for your returned item. Note ref: #319,2026-09-18 00:16:00,VoIP,Normal,76,15,5,4,0,9,Spam
MSG10971,+917766554433,+919123450489,The exam timetable for 7th semester engineering has been published on portal.,2026-09-06 23:01:00,WhatsApp,Normal,77,12,1,1,0,11,Spam
MSG10974,service@amazon.in,user_196@example.com,"Hi, please check your email or visit https://github.com/mumbai-univ/big-data-proj for project slides.",2026-09-22 23:33:00,SMS,Normal,101,18,0,11,1,10,Spam
MSG10976,+917766554433,+919123450173,I paid the exam registration fee of $120 via net banking. Transaction ID #TXN98123.,2026-09-19 13:35:00,VoIP,Normal,83,14,8,4,0,4,Spam
MSG10978,kyc-alert@fast-verify.com,user_162@example.com,Meeting confirmed for tomorrow at 11 AM in Lab 304.,2026-09-20 15:53:00,Email,Normal,51,10,5,1,0,9,Spam
MSG10979,admin@college.edu.in,+919123450487,Get instant credit score check for FREE! No hidden charges. Visit http://free-credit-check.org,2026-09-17 12:57:00,VoIP,Spam,94,16,0,8,1,4,Spam
MSG10980,friend@gmail.com,+919123450361,Meeting confirmed for tomorrow at 11 AM in Lab 304.,2026-09-08 00:58:00,WhatsApp,Normal,51,10,5,1,0,9,Spam
MSG10983,student1@somaiya.edu,user_418@example.com,I paid the exam registration fee of $120 via net banking. Transaction ID #TXN98123.,2026-09-04 19:34:00,SMS,Normal,83,14,8,4,0,4,Spam
MSG10985,+919820112233,+919123450491,Let's grab lunch after the distributed systems lab session.,2026-09-20 22:07:00,SMS,Normal,59,10,0,2,0,8,Spam
MSG10986,suresh.driver@uber.com,user_292@example.com,ATTENTION: Your electricity bill of $240 is unpaid. Power supply will be disconnected at 9 PM. Pay immediately at http://power-bill-pay.com or call 9876543210!,2026-09-22 06:04:00,VoIP,Fraud,159,27,14,11,1,22,Fraud
MSG10987,student1@somaiya.edu,+919123450461,Thanks for sharing the study notes for the upcoming viva exams.,2026-09-23 16:49:00,Email,Normal,63,11,0,1,0,10,Spam
MSG10988,friend@gmail.com,+919123450491,Happy Birthday! Hope you have a fantastic day ahead with family.,2026-09-23 15:48:00,SMS,Normal,64,11,0,2,0,10,Spam
MSG10990,kyc-alert@fast-verify.com,+919123450415,Let's grab lunch after the distributed systems lab session.,2026-09-14 06:40:00,WhatsApp,Normal,59,10,0,2,0,8,Spam
MSG10992,service@amazon.in,user_276@example.com,Hot summer deal! Flight tickets starting at just $49! Book now at http://cheapflights.net,2026-09-20 01:56:00,WhatsApp,Spam,89,15,2,7,1,12,Spam
MSG10994,+917766554433,user_272@example.com,URGENT: Your bank account will be blocked within 24 hours due to missing PAN card details. Update immediately at http://bank-pan-verification.org,2026-09-02 05:31:00,Email,Fraud,145,24,2,8,1,4,Spam
MSG11002,student1@somaiya.edu,user_358@example.com,Can you send me the practical lab manual for Apache Spark?,2026-09-21 00:51:00,WhatsApp,Normal,58,11,0,1,0,10,Spam
MSG11003,kyc-alert@fast-verify.com,user_228@example.com,Hot summer deal! Flight tickets starting at just $49! Book now at http://cheapflights.net,2026-09-26 06:05:00,VoIP,Spam,89,15,2,7,1,12,Spam
MSG11004,colleague@vti.edu.in,+919123450195,"Hey, are we still meeting for the Big Data lecture at 2 PM in Lab 304?",2026-09-11 00:36:00,VoIP,Normal,70,16,4,2,0,15,Spam
MSG11005,service@amazon.in,+919123450389,Exclusive VIP pass for tech conference! Claim your free seat at http://techvip-pass.com,2026-09-25 02:27:00,SMS,Spam,87,15,0,6,1,4,Spam
MSG11006,+919988776655,user_482@example.com,Good morning! Hope you have a productive week ahead.,2026-09-21 03:33:00,WhatsApp,Normal,52,9,0,2,0,8,Spam
MSG11010,admin@college.edu.in,+919123450437,"Hi Team, the project review meeting has been rescheduled to tomorrow morning at 10 AM. Note ref: #908",2026-09-03 06:07:00,Email,Normal,101,18,5,4,0,17,Spam
MSG11012,+918877665544,+919123450303,FINAL NOTICE: Court summons issued for unpaid loan. Contact advocate immediately or visit http://legal-notice-portal.com to avoid arrest.,2026-09-12 01:49:00,Email,Fraud,137,21,0,9,1,3,Spam
MSG11013,+917766554433,+919123450367,The store issued a full refund of $35 for your returned item.,2026-09-23 22:15:00,WhatsApp,Normal,61,12,2,2,0,6,Spam
MSG11016,offers@megasale.xyz,user_458@example.com,"Hey bro, did you complete the Hadoop installation step on your laptop? Note ref: #646",2026-09-15 17:41:00,SMS,Normal,85,15,3,4,0,14,Spam
MSG11019,offers@megasale.xyz,user_450@example.com,Happy Birthday! Hope you have a fantastic day ahead with family.,2026-09-25 16:15:00,SMS,Normal,64,11,0,2,0,10,Spam
MSG11020,kyc-alert@fast-verify.com,user_230@example.com,SBI URGENT: Download SBI Safety App APK immediately from http://sbi-secure-app.xyz to prevent account hacking!,2026-09-05 10:34:00,WhatsApp,Fraud,110,18,0,8,1,8,Spam
MSG11021,support@bank-verify.net,user_324@example.com,INCOME TAX WARNING: Legal action initiated against your PAN for tax evasion. Call immediately at +91-9988776655 to settle compliance.,2026-09-19 19:46:00,WhatsApp,Fraud,133,20,12,5,0,10,Spam
MSG11022,friend@gmail.com,+919123450341,Get instant credit score check for FREE! No hidden charges. Visit http://free-credit-check.org,2026-09-16 11:25:00,VoIP,Spam,94,16,0,8,1,4,Spam
MSG11025,+919988776655,+919123450101,"Win a jackpot of $10,000 in our lucky draw! Text WIN to 58888 now to enter!",2026-09-10 10:32:00,VoIP,Spam,75,17,10,4,0,13,Spam
MSG11028,suresh.driver@uber.com,user_244@example.com,ALERT: Your Paytm Wallet has been restricted. Share your OTP 482910 with our support agent to unblock your wallet instantly.,2026-09-05 04:11:00,Email,Fraud,124,20,6,3,0,12,Spam
MSG11029,kyc-alert@fast-verify.com,user_392@example.com,Thanks for sharing the study notes for the upcoming viva exams.,2026-09-02 06:38:00,Email,Normal,63,11,0,1,0,10,Spam
MSG11031,service@amazon.in,+919123450407,Thanks for sharing the study notes for the upcoming viva exams. Note ref: #732,2026-09-08 03:01:00,WhatsApp,Normal,78,14,3,3,0,13,Spam
MSG11032,+917766554433,+919123450107,Your Uber ride is arriving in 3 minutes. Driver: Suresh (MH-02-AB-1234).,2026-09-21 23:34:00,VoIP,Normal,72,14,7,8,0,10,Spam
MSG11033,info@superdeals.com,user_236@example.com,BIG WEEKEND SALE! Get 50% discount on all branded apparel! Reply YES for coupon code. Code: 4328,2026-09-23 19:45:00,WhatsApp,Spam,96,17,6,5,0,11,Spam
MSG11034,info@superdeals.com,user_244@example.com,"Hi, please check your email or visit https://github.com/mumbai-univ/big-data-proj for project slides.",2026-09-20 08:55:00,Email,Normal,101,18,0,11,1,10,Spam
MSG11036,+918877665544,+919123450105,I paid the exam registration fee of $120 via net banking. Transaction ID #TXN98123.,2026-09-07 09:29:00,VoIP,Normal,83,14,8,4,0,4,Spam
MSG11038,alerts@security-update.org,+919123450341,Please verify your attendance record on the college ERP portal before Friday. Note ref: #440,2026-09-03 09:42:00,WhatsApp,Normal,92,15,3,3,0,13,Spam
MSG11039,student1@somaiya.edu,user_302@example.com,The exam timetable for 7th semester engineering has been published on portal.,2026-09-07 08:26:00,WhatsApp,Normal,77,12,1,1,0,11,Spam
MSG11042,admin@college.edu.in,user_482@example.com,"Hi Team, the project review meeting has been rescheduled to tomorrow morning at 10 AM.",2026-09-20 21:46:00,WhatsApp,Normal,86,15,2,2,0,14,Spam
MSG11045,+919876543210,user_340@example.com,"Hi Team, the project review meeting has been rescheduled to tomorrow morning at 10 AM. Note ref: #287",2026-09-08 18:38:00,WhatsApp,Normal,101,18,5,4,0,17,Spam
MSG11050,+919820112233,+919123450245,Flat 50% discount on online coding courses! Limited seats remaining. Enrol today at www.learnfast.org,2026-09-19 06:32:00,SMS,Spam,101,16,2,5,1,11,Spam
MSG11051,+919988776655,user_114@example.com,Don't forget to submit the assignment before midnight today.,2026-09-22 06:41:00,SMS,Normal,60,10,0,2,0,8,Spam
MSG11052,admin@college.edu.in,user_404@example.com,BIG WEEKEND SALE! Get 50% discount on all branded apparel! Reply YES for coupon code.,2026-09-16 07:49:00,SMS,Spam,85,15,2,4,0,9,Spam
MSG11053,suresh.driver@uber.com,user_474@example.com,URGENT: Income tax department flagged your account for unpaid dues. Contact officer at +919820112233.,2026-09-10 22:52:00,Email,Fraud,101,14,12,4,0,13,Spam
MSG11054,+919876543210,user_480@example.com,DEAR CUSTOMER: Your SIM card will be deactivated today due to non-verification. Complete e-KYC now at http://sim-kyc-update-online.com,2026-09-26 05:38:00,SMS,Fraud,134,24,0,11,1,2,Spam
MSG11055,support@bank-verify.net,user_222@example.com,"URGENT: Your Amazon account has been locked due to suspicious purchase of $1,200. Verify identity at http://amazon-account-security-check.com Case: #43444",2026-09-05 09:25:00,VoIP,Fraud,154,25,9,13,1,6,Fraud
MSG11056,kyc-alert@fast-verify.com,+919123450245,Are you available for a quick phone call regarding the group project?,2026-09-06 19:43:00,Email,Normal,69,12,0,1,0,11,Spam
MSG11057,student1@somaiya.edu,user_450@example.com,"Hi, please check your email or visit https://github.com/mumbai-univ/big-data-proj for project slides.",2026-09-17 16:10:00,Email,Normal,101,18,0,11,1,10,Spam
MSG11058,friend@gmail.com,user_328@example.com,Boost your Instagram followers by 10k in 24 hours! Visit www.socialgrow.xyz now!,2026-09-23 00:23:00,VoIP,Spam,80,14,4,4,1,11,Fraud
MSG11059,service@amazon.in,user_288@example.com,Meeting confirmed for tomorrow at 11 AM in Lab 304.,2026-09-21 02:09:00,Email,Normal,51,10,5,1,0,9,Spam
MSG11061,colleague@vti.edu.in,user_142@example.com,URGENT: Your debit card PIN was entered incorrectly 3 times. Visit your local bank branch or call 1800-112-211 immediately.,2026-09-22 15:25:00,WhatsApp,Fraud,123,21,11,5,0,7,Spam
MSG11063,+918877665544,+919123450123,Happy Birthday! Hope you have a fantastic day ahead with family.,2026-09-24 13:46:00,SMS,Normal,64,11,0,2,0,10,Spam
MSG11065,support@bank-verify.net,+919123450193,CONGRATS! You have won a free iPhone 15 Pro Max! Click http://win-iphone.xyz to claim now! Code: 8583,2026-09-03 09:26:00,VoIP,Spam,101,20,6,9,1,5,Fraud
MSG11067,+918877665544,user_482@example.com,Thanks for sharing the study notes for the upcoming viva exams.,2026-09-06 04:08:00,WhatsApp,Normal,63,11,0,1,0,10,Spam
MSG11069,student1@somaiya.edu,user_416@example.com,Super offer! Get unlimited streaming for just $5 per month. Sign up today.,2026-09-19 07:26:00,WhatsApp,Spam,74,13,1,4,0,12,Spam
MSG11070,info@superdeals.com,+919123450157,Earn $500/day working from home with no investment required! Sign up at http://easycash.net Code: 1227,2026-09-09 21:35:00,SMS,Spam,102,18,7,8,1,3,Fraud
MSG11071,+919988776655,user_432@example.com,"FRAUD ALERT: Suspicious transaction of $899 detected on your Credit Card ending 4321. If not done by you, verify details at http://card-security-alert.net",2026-09-21 03:59:00,Email,Fraud,154,26,7,10,1,4,Fraud
MSG11072,student1@somaiya.edu,user_494@example.com,Free home delivery on all grocery orders above $30. Order now at local store!,2026-09-08 01:50:00,VoIP,Spam,77,14,2,3,0,13,Spam
MSG11074,student1@somaiya.edu,+919123450391,BANK NOTICE: Your account #4092 is suspended. Please verify identity at nearest branch or call +919988776655.,2026-09-03 15:37:00,VoIP,Fraud,109,16,16,5,0,9,Spam
MSG11077,+918877665544,+919123450237,"Hey bro, did you complete the Hadoop installation step on your laptop?",2026-09-22 21:00:00,VoIP,Normal,70,12,0,2,0,11,Spam
MSG11081,support@bank-verify.net,user_418@example.com,BANK ALERT: Your debit card has been disabled due to wrong PIN entries. Reactivate your card immediately at http://debitcard-activate-now.com,2026-09-14 04:31:00,Email,Fraud,141,23,0,8,1,4,Spam
MSG11082,+919988776655,user_188@example.com,Earn $500/day working from home with no investment required! Sign up at http://easycash.net,2026-09-08 10:44:00,Email,Spam,91,16,3,7,1,1,Spam
MSG11084,admin@college.edu.in,user_282@example.com,"Hey, are we still meeting for the Big Data lecture at 2 PM in Lab 304?",2026-09-09 06:50:00,Email,Normal,70,16,4,2,0,15,Spam
MSG11085,suresh.driver@uber.com,user_320@example.com,Special discount on summer online courses. Limited seats available today! Call 1800-9988-77. Code: 2043,2026-09-11 15:36:00,SMS,Spam,103,16,14,6,0,12,Spam
MSG11086,suresh.driver@uber.com,+919123450281,The professor updated the syllabus on the college portal. Check https://portal.somaiya.edu/syllabus,2026-09-13 12:10:00,SMS,Normal,99,15,0,7,1,10,Spam
MSG11087,+917766554433,+919123450461,URGENT: Your debit card PIN was entered incorrectly 3 times. Visit your local bank branch or call 1800-112-211 immediately.,2026-09-21 06:13:00,SMS,Fraud,123,21,11,5,0,7,Spam
MSG11088,+917766554433,+919123450387,Flat 50% discount on online coding courses! Limited seats remaining. Enrol today at www.learnfast.org,2026-09-24 10:06:00,SMS,Spam,101,16,2,5,1,11,Spam
MSG11090,+917766554433,user_178@example.com,BIG WEEKEND SALE! Get 50% discount on all branded apparel! Reply YES for coupon code.,2026-09-16 13:28:00,WhatsApp,Spam,85,15,2,4,0,9,Spam
MSG11091,refund@tax-gov.org,user_312@example.com,Flat 50% discount on online coding courses! Limited seats remaining. Enrol today at www.learnfast.org,2026-09-12 11:57:00,SMS,Spam,101,16,2,5,1,11,Spam
MSG11092,colleague@vti.edu.in,+919123450187,BIG WEEKEND SALE! Get 50% discount on all branded apparel! Reply YES for coupon code.,2026-09-13 10:33:00,SMS,Spam,85,15,2,4,0,9,Spam
MSG11093,alerts@security-update.org,+919123450177,Our project advisor offered extra lab hours for Apache Spark model tuning.,2026-09-11 17:14:00,VoIP,Normal,74,12,0,1,0,9,Spam
MSG11097,colleague@vti.edu.in,+919123450251,SECURITY NOTICE: Your SBI net banking account was accessed from unauthorized location. Click http://sbi-login-verify.com to secure your account immediately!,2026-09-19 15:05:00,VoIP,Fraud,156,23,0,9,1,11,Spam
MSG11099,kyc-alert@fast-verify.com,user_328@example.com,URGENT: Income tax department flagged your account for unpaid dues. Contact officer at +919820112233.,2026-09-26 02:39:00,Email,Fraud,101,14,12,4,0,13,Spam
MSG11101,kyc-alert@fast-verify.com,+919123450471,URGENT: Your bank account will be blocked within 24 hours due to missing PAN card details. Update immediately at http://bank-pan-verification.org Case: #53842,2026-09-25 00:29:00,Email,Fraud,158,26,7,10,1,6,Fraud
MSG11102,colleague@vti.edu.in,user_382@example.com,DEAR CUSTOMER: Your SIM card will be deactivated today due to non-verification. Complete e-KYC now at http://sim-kyc-update-online.com,2026-09-25 01:26:00,WhatsApp,Fraud,134,24,0,11,1,2,Spam
MSG11103,+919820112233,user_376@example.com,"Your salary payment of $3,200 was credited to your bank account #8912. Statement at https://mybank.com/stmt",2026-09-12 07:36:00,WhatsApp,Normal,107,19,8,9,1,3,Fraud
MSG11107,+919988776655,+919123450465,I paid the exam registration fee of $120 via net banking. Transaction ID #TXN98123.,2026-09-24 23:36:00,VoIP,Normal,83,14,8,4,0,4,Spam
MSG11110,refund@tax-gov.org,+919123450139,"Hi Team, the project review meeting has been rescheduled to tomorrow morning at 10 AM.",2026-09-25 06:48:00,WhatsApp,Normal,86,15,2,2,0,14,Spam
MSG11111,kyc-alert@fast-verify.com,+919123450235,Please verify your attendance record on the college ERP portal before Friday.,2026-09-20 14:29:00,VoIP,Normal,77,12,0,1,0,10,Spam
MSG11114,offers@megasale.xyz,user_160@example.com,Please find attached the project submission guidelines for Semester 7.,2026-09-06 08:30:00,VoIP,Normal,70,10,1,1,0,9,Spam
MSG11117,student1@somaiya.edu,user_210@example.com,Try our new weight loss supplement for FREE! Order trial pack at www.fitlife.net Code: 5999,2026-09-23 13:53:00,Email,Spam,91,17,4,4,1,8,Fraud
MSG11118,+919876543210,+919123450313,Please verify your attendance record on the college ERP portal before Friday.,2026-09-15 10:16:00,VoIP,Normal,77,12,0,1,0,10,Spam
MSG11120,refund@tax-gov.org,user_176@example.com,Good morning! Hope you have a productive week ahead.,2026-09-05 09:33:00,WhatsApp,Normal,52,9,0,2,0,8,Spam
MSG11121,alerts@security-update.org,user_302@example.com,Super offer! Get unlimited streaming for just $5 per month. Sign up today.,2026-09-25 22:54:00,WhatsApp,Spam,74,13,1,4,0,12,Spam
MSG11122,admin@college.edu.in,user_430@example.com,I paid the exam registration fee of $120 via net banking. Transaction ID #TXN98123.,2026-09-08 20:53:00,SMS,Normal,83,14,8,4,0,4,Spam
MSG11123,student1@somaiya.edu,+919123450387,Claim your $100 shopping voucher today! Reply CLAIM to 56767 to activate.,2026-09-05 05:00:00,SMS,Spam,73,12,8,3,0,5,Spam
MSG11125,support@bank-verify.net,+919123450109,"Hey, are we still meeting for the Big Data lecture at 2 PM in Lab 304?",2026-09-10 16:47:00,WhatsApp,Normal,70,16,4,2,0,15,Spam
MSG11126,refund@tax-gov.org,+919123450143,My bank branch is closed tomorrow due to a public holiday.,2026-09-19 14:52:00,WhatsApp,Normal,58,11,0,1,0,9,Spam
MSG11127,+919820112233,user_274@example.com,Here is the Zoom link for today's Big Data workshop: https://zoom.us/j/9812345678 Passcode: 102938,2026-09-09 13:09:00,VoIP,Normal,98,18,16,9,1,12,Fraud
MSG11129,admin@college.edu.in,+919123450493,Happy Birthday! Hope you have a fantastic day ahead with family.,2026-09-08 08:27:00,SMS,Normal,64,11,0,2,0,10,Spam
MSG11130,+919876543210,user_414@example.com,"Hi, please check your email or visit https://github.com/mumbai-univ/big-data-proj for project slides.",2026-09-09 14:12:00,WhatsApp,Normal,101,18,0,11,1,10,Spam
MSG11131,+917766554433,+919123450263,Please find attached the project submission guidelines for Semester 7.,2026-09-20 02:54:00,Email,Normal,70,10,1,1,0,9,Spam
MSG11133,colleague@vti.edu.in,+919123450485,Claim your $100 shopping voucher today! Reply CLAIM to 56767 to activate.,2026-09-06 13:41:00,VoIP,Spam,73,12,8,3,0,5,Spam
MSG11136,service@amazon.in,user_328@example.com,Exclusive loan offer at 0% interest rate! Apply instantly at http://quickloan-approval.com,2026-09-24 02:36:00,SMS,Spam,90,14,1,7,1,3,Spam
MSG11137,support@bank-verify.net,+919123450225,"Hi Team, the project review meeting has been rescheduled to tomorrow morning at 10 AM.",2026-09-21 21:25:00,VoIP,Normal,86,15,2,2,0,14,Spam
MSG11140,colleague@vti.edu.in,user_244@example.com,Unsubscribe from daily promotional alerts by clicking http://optout-deals.com or replying STOP.,2026-09-08 16:18:00,SMS,Spam,95,14,0,6,1,7,Spam
MSG11142,info@superdeals.com,user_412@example.com,Get instant credit score check for FREE! No hidden charges. Visit http://free-credit-check.org,2026-09-16 22:14:00,WhatsApp,Spam,94,16,0,8,1,4,Spam
MSG11143,suresh.driver@uber.com,user_274@example.com,Exclusive VIP pass for tech conference! Claim your free seat at http://techvip-pass.com,2026-09-22 06:13:00,Email,Spam,87,15,0,6,1,4,Spam
MSG11144,+919820112233,+919123450411,PRIZE WINNER ALERT: You won 25 Lakh INR in KBC Lucky Draw! Deposit processing fee of $200 at http://kbc-prize-claim.xyz to release funds! Case: #27527,2026-09-01 12:40:00,VoIP,Fraud,150,28,10,12,1,11,Fraud
MSG11146,+919820112233,+919123450443,"Your salary payment of $3,200 was credited to your bank account #8912. Statement at https://mybank.com/stmt",2026-09-06 22:48:00,VoIP,Normal,107,19,8,9,1,3,Fraud
MSG11147,offers@megasale.xyz,user_298@example.com,Reminder: Library books are due for return by Friday 5 PM.,2026-09-01 17:12:00,Email,Normal,58,11,1,2,0,10,Spam
MSG11149,student1@somaiya.edu,+919123450467,Boost your Instagram followers by 10k in 24 hours! Visit www.socialgrow.xyz now!,2026-09-11 23:52:00,Email,Spam,80,14,4,4,1,11,Fraud
MSG11154,+919876543210,+919123450265,"Hi, please check your email or visit https://github.com/mumbai-univ/big-data-proj for project slides.",2026-09-19 20:25:00,VoIP,Normal,101,18,0,11,1,10,Spam
MSG11156,suresh.driver@uber.com,user_102@example.com,"Hi, please check your email or visit https://github.com/mumbai-univ/big-data-proj for project slides.",2026-09-10 04:33:00,VoIP,Normal,101,18,0,11,1,10,Spam
MSG11158,student1@somaiya.edu,user_132@example.com,"FRAUD ALERT: Suspicious transaction of $899 detected on your Credit Card ending 4321. If not done by you, verify details at http://card-security-alert.net",2026-09-02 14:26:00,SMS,Fraud,154,26,7,10,1,4,Fraud
MSG11159,suresh.driver@uber.com,user_228@example.com,"Hey, are we still meeting for the Big Data lecture at 2 PM in Lab 304?",2026-09-06 05:47:00,Email,Normal,70,16,4,2,0,15,Spam
MSG11165,refund@tax-gov.org,+919123450319,URGENT: Income tax department flagged your account for unpaid dues. Contact officer at +919820112233. Case: #60321,2026-09-16 18:57:00,SMS,Fraud,114,16,17,6,0,15,Spam
MSG11166,suresh.driver@uber.com,user_400@example.com,CONGRATS! You have won a free iPhone 15 Pro Max! Click http://win-iphone.xyz to claim now!,2026-09-06 05:58:00,Email,Spam,90,18,2,8,1,3,Spam
MSG11167,info@superdeals.com,+919123450393,Meeting confirmed for tomorrow at 11 AM in Lab 304.,2026-09-24 11:51:00,Email,Normal,51,10,5,1,0,9,Spam
MSG11168,refund@tax-gov.org,+919123450195,"Hi, please check your email or visit https://github.com/mumbai-univ/big-data-proj for project slides.",2026-09-07 14:22:00,Email,Normal,101,18,0,11,1,10,Spam
MSG11170,+919988776655,user_340@example.com,Please verify your attendance record on the college ERP portal before Friday.,2026-09-16 22:32:00,WhatsApp,Normal,77,12,0,1,0,10,Spam
MSG11171,+919988776655,+919123450129,"Hey, are we still meeting for the Big Data lecture at 2 PM in Lab 304?",2026-09-24 09:53:00,Email,Normal,70,16,4,2,0,15,Spam
MSG11174,suresh.driver@uber.com,+919123450415,Your Amazon order #408-1928374 of $45.50 has been delivered. Track at https://www.amazon.in/order-tracking,2026-09-20 09:19:00,WhatsApp,Normal,106,19,14,12,1,11,Fraud
MSG11175,+919876543210,+919123450353,Don't forget to submit the assignment before midnight today.,2026-09-01 12:02:00,Email,Normal,60,10,0,2,0,8,Spam
MSG11176,info@superdeals.com,user_222@example.com,Huge End-of-Season Sale! Buy 1 Get 2 Free on all clothing items at www.fashionstore.com,2026-09-16 10:06:00,VoIP,Spam,87,18,2,5,1,6,Spam
MSG11177,support@bank-verify.net,+919123450103,Limited time clearance sale! Up to 90% off electronics at http://mega-sale-online.com,2026-09-01 18:48:00,WhatsApp,Spam,85,15,2,8,1,10,Spam
MSG11178,+919988776655,user_248@example.com,"Hey, are we still meeting for the Big Data lecture at 2 PM in Lab 304?",2026-09-10 04:20:00,VoIP,Normal,70,16,4,2,0,15,Spam
MSG11179,info@superdeals.com,+919123450201,Boost your Instagram followers by 10k in 24 hours! Visit www.socialgrow.xyz now! Code: 1486,2026-09-09 06:12:00,WhatsApp,Spam,91,16,8,5,1,13,Fraud
MSG11181,+917766554433,user_110@example.com,Thanks for sharing the study notes for the upcoming viva exams.,2026-09-18 13:53:00,Email,Normal,63,11,0,1,0,10,Spam
MSG11182,info@superdeals.com,user_256@example.com,Flat 50% discount on online coding courses! Limited seats remaining. Enrol today at www.learnfast.org,2026-09-12 06:18:00,VoIP,Spam,101,16,2,5,1,11,Spam
MSG11186,+919876543210,user_422@example.com,"Hi Team, the project review meeting has been rescheduled to tomorrow morning at 10 AM.",2026-09-07 02:07:00,WhatsApp,Normal,86,15,2,2,0,14,Spam
MSG11189,offers@megasale.xyz,+919123450369,Thanks for sharing the study notes for the upcoming viva exams.,2026-09-23 20:26:00,VoIP,Normal,63,11,0,1,0,10,Spam
MSG11191,student1@somaiya.edu,+919123450317,The professor updated the syllabus on the college portal. Check https://portal.somaiya.edu/syllabus,2026-09-08 11:42:00,VoIP,Normal,99,15,0,7,1,10,Spam
MSG11193,+919876543210,user_338@example.com,Your Uber ride is arriving in 3 minutes. Driver: Suresh (MH-02-AB-1234).,2026-09-20 17:25:00,WhatsApp,Normal,72,14,7,8,0,10,Spam
MSG11195,+918877665544,+919123450283,Good morning! Hope you have a productive week ahead.,2026-09-14 17:41:00,SMS,Normal,52,9,0,2,0,8,Spam
MSG11200,colleague@vti.edu.in,+919123450489,CONGRATS! You have won a free iPhone 15 Pro Max! Click http://win-iphone.xyz to claim now!,2026-09-19 10:10:00,Email,Spam,90,18,2,8,1,3,Spam
MSG11201,friend@gmail.com,+919123450219,The store issued a full refund of $35 for your returned item.,2026-09-22 07:58:00,VoIP,Normal,61,12,2,2,0,6,Spam
MSG11205,+919876543210,+919123450171,"Hey bro, did you complete the Hadoop installation step on your laptop? Note ref: #904",2026-09-16 08:43:00,Email,Normal,85,15,3,4,0,14,Spam
MSG11207,+917766554433,user_268@example.com,Reminder: Library books are due for return by Friday 5 PM.,2026-09-15 04:45:00,VoIP,Normal,58,11,1,2,0,10,Spam
MSG11209,kyc-alert@fast-verify.com,+919123450245,Can you send me the practical lab manual for Apache Spark?,2026-09-11 22:32:00,Email,Normal,58,11,0,1,0,10,Spam
MSG11210,offers@megasale.xyz,+919123450365,The exam timetable for 7th semester engineering has been published on portal. Note ref: #158,2026-09-09 03:40:00,SMS,Normal,92,15,4,3,0,14,Spam
MSG11214,info@superdeals.com,+919123450103,I paid the exam registration fee of $120 via net banking. Transaction ID #TXN98123.,2026-09-21 14:51:00,Email,Normal,83,14,8,4,0,4,Spam
MSG11216,student1@somaiya.edu,user_430@example.com,"Hey bro, did you complete the Hadoop installation step on your laptop? Note ref: #193",2026-09-17 02:46:00,VoIP,Normal,85,15,3,4,0,14,Spam
MSG11219,support@bank-verify.net,user_240@example.com,Special Offer: Get 80% OFF on all branded shoes! Visit www.superdeals.com before offer ends!,2026-09-04 08:54:00,WhatsApp,Spam,92,16,2,6,1,2,Spam
MSG11221,suresh.driver@uber.com,+919123450309,Don't forget to submit the assignment before midnight today.,2026-09-08 20:02:00,VoIP,Normal,60,10,0,2,0,8,Spam
MSG11223,kyc-alert@fast-verify.com,+919123450119,Reminder: Library books are due for return by Friday 5 PM.,2026-09-12 17:43:00,SMS,Normal,58,11,1,2,0,10,Spam
MSG11227,+919820112233,user_446@example.com,Reminder: Library books are due for return by Friday 5 PM.,2026-09-08 07:39:00,WhatsApp,Normal,58,11,1,2,0,10,Spam
MSG11228,+919876543210,+919123450445,Thanks for sharing the study notes for the upcoming viva exams.,2026-09-21 10:50:00,Email,Normal,63,11,0,1,0,10,Spam
MSG11231,+919820112233,user_272@example.com,"Hey, are we still meeting for the Big Data lecture at 2 PM in Lab 304?",2026-09-04 05:00:00,Email,Normal,70,16,4,2,0,15,Spam
MSG11232,support@bank-verify.net,user_470@example.com,Don't forget to submit the assignment before midnight today.,2026-09-03 08:04:00,Email,Normal,60,10,0,2,0,8,Spam
MSG11234,+917766554433,user_218@example.com,"URGENT: Your Amazon account has been locked due to suspicious purchase of $1,200. Verify identity at http://amazon-account-security-check.com",2026-09-06 03:39:00,Email,Fraud,141,23,4,11,1,4,Fraud
MSG11238,kyc-alert@fast-verify.com,+919123450447,URGENT: Income tax department flagged your account for unpaid dues. Contact officer at +919820112233.,2026-09-16 10:41:00,Email,Fraud,101,14,12,4,0,13,Spam
MSG11240,refund@tax-gov.org,+919123450295,Meeting confirmed for tomorrow at 11 AM in Lab 304.,2026-09-24 05:52:00,Email,Normal,51,10,5,1,0,9,Spam
MSG11241,+917766554433,user_258@example.com,"Hey, are we still meeting for the Big Data lecture at 2 PM in Lab 304?",2026-09-20 20:02:00,Email,Normal,70,16,4,2,0,15,Spam
MSG11242,offers@megasale.xyz,+919123450355,Super offer! Get unlimited streaming for just $5 per month. Sign up today. Code: 3253,2026-09-10 12:39:00,WhatsApp,Spam,85,15,5,5,0,14,Spam
MSG11243,alerts@security-update.org,+919123450471,Are you available for a quick phone call regarding the group project?,2026-09-16 07:01:00,VoIP,Normal,69,12,0,1,0,11,Spam
MSG11244,+919876543210,user_366@example.com,Your Amazon order #408-1928374 of $45.50 has been delivered. Track at https://www.amazon.in/order-tracking,2026-09-14 11:04:00,VoIP,Normal,106,19,14,12,1,11,Fraud
MSG11245,suresh.driver@uber.com,+919123450275,Huge End-of-Season Sale! Buy 1 Get 2 Free on all clothing items at www.fashionstore.com,2026-09-10 16:48:00,Email,Spam,87,18,2,5,1,6,Spam
MSG11246,alerts@security-update.org,+919123450411,I paid the exam registration fee of $120 via net banking. Transaction ID #TXN98123.,2026-09-25 01:35:00,VoIP,Normal,83,14,8,4,0,4,Spam
MSG11247,+918877665544,+919123450351,Good morning! Hope you have a productive week ahead.,2026-09-10 02:13:00,SMS,Normal,52,9,0,2,0,8,Spam
MSG11248,+919988776655,user_146@example.com,"Hi Team, the project review meeting has been rescheduled to tomorrow morning at 10 AM.",2026-09-26 07:29:00,Email,Normal,86,15,2,2,0,14,Spam
MSG11251,info@superdeals.com,+919123450239,Good morning! Hope you have a productive week ahead.,2026-09-04 23:23:00,VoIP,Normal,52,9,0,2,0,8,Spam
MSG11253,+919988776655,user_346@example.com,The store issued a full refund of $35 for your returned item.,2026-09-18 16:36:00,SMS,Normal,61,12,2,2,0,6,Spam
MSG11254,student1@somaiya.edu,user_404@example.com,Can you send me the practical lab manual for Apache Spark?,2026-09-09 07:54:00,Email,Normal,58,11,0,1,0,10,Spam
MSG11256,+919988776655,+919123450197,My bank branch is closed tomorrow due to a public holiday.,2026-09-01 22:01:00,SMS,Normal,58,11,0,1,0,9,Spam
MSG11257,service@amazon.in,user_302@example.com,BANK ALERT: Your debit card has been disabled due to wrong PIN entries. Reactivate your card immediately at http://debitcard-activate-now.com,2026-09-18 19:28:00,WhatsApp,Fraud,141,23,0,8,1,4,Spam
MSG11258,+918877665544,+919123450309,"Your salary payment of $3,200 was credited to your bank account #8912. Statement at https://mybank.com/stmt",2026-09-06 23:57:00,SMS,Normal,107,19,8,9,1,3,Fraud
MSG11260,kyc-alert@fast-verify.com,+919123450317,Boost your Instagram followers by 10k in 24 hours! Visit www.socialgrow.xyz now!,2026-09-12 08:42:00,Email,Spam,80,14,4,4,1,11,Fraud
MSG11261,+919820112233,+919123450457,Your Uber ride is arriving in 3 minutes. Driver: Suresh (MH-02-AB-1234).,2026-09-13 05:26:00,Email,Normal,72,14,7,8,0,10,Spam
MSG11263,+918877665544,+919123450365,Limited time clearance sale! Up to 90% off electronics at http://mega-sale-online.com,2026-09-20 13:58:00,Email,Spam,85,15,2,8,1,10,Spam
MSG11265,+919988776655,+919123450237,Earn $500/day working from home with no investment required! Sign up at http://easycash.net Code: 6642,2026-09-19 10:41:00,Email,Spam,102,18,7,8,1,3,Fraud
MSG11268,info@superdeals.com,+919123450349,Thanks for sharing the study notes for the upcoming viva exams.,2026-09-24 04:59:00,Email,Normal,63,11,0,1,0,10,Spam
MSG11272,+917766554433,user_104@example.com,Here is the Zoom link for today's Big Data workshop: https://zoom.us/j/9812345678 Passcode: 102938,2026-09-13 10:37:00,SMS,Normal,98,18,16,9,1,12,Fraud
MSG11274,admin@college.edu.in,user_348@example.com,Limited time clearance sale! Up to 90% off electronics at http://mega-sale-online.com,2026-09-16 16:07:00,VoIP,Spam,85,15,2,8,1,10,Spam
MSG11277,+919988776655,+919123450113,My bank branch is closed tomorrow due to a public holiday.,2026-09-25 11:35:00,SMS,Normal,58,11,0,1,0,9,Spam
MSG11278,alerts@security-update.org,user_288@example.com,My bank branch is closed tomorrow due to a public holiday.,2026-09-22 23:02:00,VoIP,Normal,58,11,0,1,0,9,Spam
MSG11279,suresh.driver@uber.com,user_108@example.com,I paid the exam registration fee of $120 via net banking. Transaction ID #TXN98123.,2026-09-03 09:58:00,WhatsApp,Normal,83,14,8,4,0,4,Spam
MSG11280,alerts@security-update.org,user_410@example.com,PRIZE WINNER ALERT: You won 25 Lakh INR in KBC Lucky Draw! Deposit processing fee of $200 at http://kbc-prize-claim.xyz to release funds!,2026-09-19 13:05:00,VoIP,Fraud,137,26,5,10,1,9,Fraud
MSG11281,friend@gmail.com,+919123450437,Earn $500/day working from home with no investment required! Sign up at http://easycash.net,2026-09-18 20:22:00,SMS,Spam,91,16,3,7,1,1,Spam
MSG11284,info@superdeals.com,+919123450187,Please verify your attendance record on the college ERP portal before Friday.,2026-09-06 03:12:00,SMS,Normal,77,12,0,1,0,10,Spam
MSG11285,kyc-alert@fast-verify.com,user_492@example.com,My bank branch is closed tomorrow due to a public holiday. Note ref: #434,2026-09-11 08:42:00,WhatsApp,Normal,73,14,3,3,0,12,Spam
MSG11289,+917766554433,+919123450145,Don't forget to submit the assignment before midnight today.,2026-09-09 21:31:00,WhatsApp,Normal,60,10,0,2,0,8,Spam
MSG11291,kyc-alert@fast-verify.com,user_316@example.com,"Hey bro, did you complete the Hadoop installation step on your laptop?",2026-09-17 22:42:00,WhatsApp,Normal,70,12,0,2,0,11,Spam
MSG11292,alerts@security-update.org,user_154@example.com,Exclusive loan offer at 0% interest rate! Apply instantly at http://quickloan-approval.com,2026-09-01 18:02:00,VoIP,Spam,90,14,1,7,1,3,Spam
MSG11293,student1@somaiya.edu,user_212@example.com,Good morning! Hope you have a productive week ahead.,2026-09-22 01:50:00,VoIP,Normal,52,9,0,2,0,8,Spam
MSG11294,+919876543210,user_406@example.com,Happy Birthday! Hope you have a fantastic day ahead with family.,2026-09-15 09:23:00,WhatsApp,Normal,64,11,0,2,0,10,Spam
MSG11296,suresh.driver@uber.com,user_178@example.com,Reminder: Library books are due for return by Friday 5 PM. Note ref: #929,2026-09-11 13:50:00,Email,Normal,73,14,4,4,0,13,Spam
MSG11297,support@bank-verify.net,+919123450349,Special Offer: Get 80% OFF on all branded shoes! Visit www.superdeals.com before offer ends!,2026-09-14 22:41:00,VoIP,Spam,92,16,2,6,1,2,Spam
MSG11298,kyc-alert@fast-verify.com,user_272@example.com,"TAX REFUND NOTICE: You are eligible for an income tax refund of $1,450. Click http://income-tax-refund-portal.net to claim your refund to bank account.",2026-09-22 21:06:00,VoIP,Fraud,151,28,4,12,1,11,Fraud
MSG11300,kyc-alert@fast-verify.com,+919123450149,Unsubscribe from daily promotional alerts by clicking http://optout-deals.com or replying STOP.,2026-09-16 01:15:00,Email,Spam,95,14,0,6,1,7,Spam
MSG11301,+919876543210,+919123450463,Claim your $100 shopping voucher today! Reply CLAIM to 56767 to activate.,2026-09-22 03:44:00,WhatsApp,Spam,73,12,8,3,0,5,Spam
MSG11304,support@bank-verify.net,user_128@example.com,"Hi, please check your email or visit https://github.com/mumbai-univ/big-data-proj for project slides.",2026-09-17 12:23:00,SMS,Normal,101,18,0,11,1,10,Spam
MSG11306,+917766554433,+919123450223,"URGENT: Your Amazon account has been locked due to suspicious purchase of $1,200. Verify identity at http://amazon-account-security-check.com",2026-09-23 13:42:00,VoIP,Fraud,141,23,4,11,1,4,Fraud
MSG11307,kyc-alert@fast-verify.com,+919123450497,Meeting confirmed for tomorrow at 11 AM in Lab 304.,2026-09-22 10:27:00,SMS,Normal,51,10,5,1,0,9,Spam
MSG11309,colleague@vti.edu.in,+919123450215,Don't forget to submit the assignment before midnight today.,2026-09-23 03:44:00,SMS,Normal,60,10,0,2,0,8,Spam
MSG11310,support@bank-verify.net,user_296@example.com,The store issued a full refund of $35 for your returned item. Note ref: #707,2026-09-21 01:40:00,VoIP,Normal,76,15,5,4,0,9,Spam
MSG11311,support@bank-verify.net,+919123450307,"Hi Team, the project review meeting has been rescheduled to tomorrow morning at 10 AM. Note ref: #165",2026-09-19 06:07:00,SMS,Normal,101,18,5,4,0,17,Spam
MSG11313,+917766554433,+919123450485,Free home delivery on all grocery orders above $30. Order now at local store!,2026-09-06 16:09:00,Email,Spam,77,14,2,3,0,13,Spam
MSG11315,support@bank-verify.net,user_144@example.com,"Hi Team, the project review meeting has been rescheduled to tomorrow morning at 10 AM.",2026-09-02 22:14:00,WhatsApp,Normal,86,15,2,2,0,14,Spam
MSG11316,offers@megasale.xyz,user_378@example.com,Don't forget to submit the assignment before midnight today.,2026-09-20 14:05:00,Email,Normal,60,10,0,2,0,8,Spam
MSG11320,info@superdeals.com,user_402@example.com,Are you available for a quick phone call regarding the group project?,2026-09-13 22:59:00,WhatsApp,Normal,69,12,0,1,0,11,Spam
MSG11322,service@amazon.in,+919123450455,Can you send me the practical lab manual for Apache Spark?,2026-09-25 17:21:00,Email,Normal,58,11,0,1,0,10,Spam
MSG11326,suresh.driver@uber.com,user_498@example.com,Can you send me the practical lab manual for Apache Spark?,2026-09-07 23:49:00,WhatsApp,Normal,58,11,0,1,0,10,Spam
MSG11327,+917766554433,+919123450293,INCOME TAX WARNING: Legal action initiated against your PAN for tax evasion. Call immediately at +91-9988776655 to settle compliance.,2026-09-18 13:34:00,Email,Fraud,133,20,12,5,0,10,Spam
MSG11329,student1@somaiya.edu,user_382@example.com,My bank branch is closed tomorrow due to a public holiday.,2026-09-05 20:12:00,WhatsApp,Normal,58,11,0,1,0,9,Spam
MSG11330,kyc-alert@fast-verify.com,user_192@example.com,"TAX REFUND NOTICE: You are eligible for an income tax refund of $1,450. Click http://income-tax-refund-portal.net to claim your refund to bank account.",2026-09-25 12:44:00,WhatsApp,Fraud,151,28,4,12,1,11,Fraud
MSG11331,+919988776655,user_232@example.com,Reminder: Library books are due for return by Friday 5 PM.,2026-09-24 16:57:00,SMS,Normal,58,11,1,2,0,10,Spam
MSG11332,+919876543210,+919123450471,Exclusive loan offer at 0% interest rate! Apply instantly at http://quickloan-approval.com Code: 5380,2026-09-12 16:05:00,WhatsApp,Spam,101,16,5,8,1,5,Fraud
MSG11334,colleague@vti.edu.in,+919123450467,Let's grab lunch after the distributed systems lab session.,2026-09-15 05:20:00,Email,Normal,59,10,0,2,0,8,Spam
MSG11336,+918877665544,user_184@example.com,Earn $500/day working from home with no investment required! Sign up at http://easycash.net,2026-09-05 04:23:00,SMS,Spam,91,16,3,7,1,1,Spam
MSG11338,+917766554433,+919123450307,I paid the exam registration fee of $120 via net banking. Transaction ID #TXN98123.,2026-09-09 23:43:00,SMS,Normal,83,14,8,4,0,4,Spam
MSG11340,support@bank-verify.net,user_138@example.com,URGENT: Your debit card PIN was entered incorrectly 3 times. Visit your local bank branch or call 1800-112-211 immediately.,2026-09-07 09:37:00,WhatsApp,Fraud,123,21,11,5,0,7,Spam
MSG11341,kyc-alert@fast-verify.com,+919123450187,Please find attached the project submission guidelines for Semester 7.,2026-09-06 11:40:00,WhatsApp,Normal,70,10,1,1,0,9,Spam
MSG11342,+917766554433,user_248@example.com,I paid the exam registration fee of $120 via net banking. Transaction ID #TXN98123.,2026-09-23 07:42:00,WhatsApp,Normal,83,14,8,4,0,4,Spam
MSG11343,kyc-alert@fast-verify.com,+919123450211,Are you available for a quick phone call regarding the group project? Note ref: #746,2026-09-24 19:05:00,WhatsApp,Normal,84,15,3,3,0,14,Spam
MSG11344,friend@gmail.com,+919123450129,Special Offer: Get 80% OFF on all branded shoes! Visit www.superdeals.com before offer ends!,2026-09-01 14:26:00,WhatsApp,Spam,92,16,2,6,1,2,Spam
MSG11345,+917766554433,user_102@example.com,Hot summer deal! Flight tickets starting at just $49! Book now at http://cheapflights.net,2026-09-09 19:20:00,WhatsApp,Spam,89,15,2,7,1,12,Spam
MSG11346,info@superdeals.com,+919123450143,"Hey, are we still meeting for the Big Data lecture at 2 PM in Lab 304? Note ref: #603",2026-09-20 00:36:00,Email,Normal,85,19,7,4,0,18,Spam
MSG11348,support@bank-verify.net,user_374@example.com,Your Uber ride is arriving in 3 minutes. Driver: Suresh (MH-02-AB-1234).,2026-09-06 06:43:00,WhatsApp,Normal,72,14,7,8,0,10,Spam
MSG11349,offers@megasale.xyz,user_482@example.com,SBI URGENT: Download SBI Safety App APK immediately from http://sbi-secure-app.xyz to prevent account hacking!,2026-09-01 14:20:00,VoIP,Fraud,110,18,0,8,1,8,Spam
MSG11351,+919876543210,user_182@example.com,The store issued a full refund of $35 for your returned item.,2026-09-23 03:31:00,Email,Normal,61,12,2,2,0,6,Spam
MSG11356,alerts@security-update.org,user_416@example.com,Can you send me the practical lab manual for Apache Spark?,2026-09-24 14:24:00,Email,Normal,58,11,0,1,0,10,Spam
MSG11358,+917766554433,user_458@example.com,My bank branch is closed tomorrow due to a public holiday.,2026-09-09 22:04:00,Email,Normal,58,11,0,1,0,9,Spam
MSG11360,+919988776655,user_318@example.com,Let's grab lunch after the distributed systems lab session.,2026-09-10 10:03:00,SMS,Normal,59,10,0,2,0,8,Spam
MSG11361,colleague@vti.edu.in,user_256@example.com,Please find attached the project submission guidelines for Semester 7.,2026-09-11 10:14:00,Email,Normal,70,10,1,1,0,9,Spam
MSG11365,admin@college.edu.in,+919123450351,Meeting confirmed for tomorrow at 11 AM in Lab 304. Note ref: #289,2026-09-16 13:07:00,WhatsApp,Normal,66,13,8,3,0,12,Spam
MSG11368,+919988776655,user_422@example.com,Can you send me the practical lab manual for Apache Spark?,2026-09-03 04:49:00,SMS,Normal,58,11,0,1,0,10,Spam
MSG11372,+917766554433,+919123450323,SBI URGENT: Download SBI Safety App APK immediately from http://sbi-secure-app.xyz to prevent account hacking!,2026-09-23 07:22:00,SMS,Fraud,110,18,0,8,1,8,Spam
MSG11375,support@bank-verify.net,user_324@example.com,Special discount on summer online courses. Limited seats available today! Call 1800-9988-77.,2026-09-19 02:15:00,VoIP,Spam,92,14,10,5,0,10,Spam
MSG11376,+919820112233,+919123450181,Let's grab lunch after the distributed systems lab session.,2026-09-01 17:40:00,Email,Normal,59,10,0,2,0,8,Spam
MSG11377,colleague@vti.edu.in,user_232@example.com,URGENT: Your debit card PIN was entered incorrectly 3 times. Visit your local bank branch or call 1800-112-211 immediately.,2026-09-11 08:39:00,WhatsApp,Fraud,123,21,11,5,0,7,Spam
MSG11378,support@bank-verify.net,user_214@example.com,Let's grab lunch after the distributed systems lab session.,2026-09-25 14:47:00,SMS,Normal,59,10,0,2,0,8,Spam
MSG11380,info@superdeals.com,+919123450373,Huge End-of-Season Sale! Buy 1 Get 2 Free on all clothing items at www.fashionstore.com,2026-09-01 09:31:00,SMS,Spam,87,18,2,5,1,6,Spam
MSG11381,suresh.driver@uber.com,user_142@example.com,Super offer! Get unlimited streaming for just $5 per month. Sign up today.,2026-09-07 09:56:00,WhatsApp,Spam,74,13,1,4,0,12,Spam
MSG11383,+919820112233,+919123450375,Let's grab lunch after the distributed systems lab session.,2026-09-18 17:13:00,SMS,Normal,59,10,0,2,0,8,Spam
MSG11385,kyc-alert@fast-verify.com,+919123450179,"Hey bro, did you complete the Hadoop installation step on your laptop?",2026-09-11 21:06:00,VoIP,Normal,70,12,0,2,0,11,Spam
MSG11387,friend@gmail.com,+919123450473,Thanks for sharing the study notes for the upcoming viva exams.,2026-09-14 04:04:00,Email,Normal,63,11,0,1,0,10,Spam
MSG11388,kyc-alert@fast-verify.com,+919123450451,Thanks for sharing the study notes for the upcoming viva exams.,2026-09-04 11:51:00,Email,Normal,63,11,0,1,0,10,Spam
MSG11389,kyc-alert@fast-verify.com,+919123450151,"Hi, please check your email or visit https://github.com/mumbai-univ/big-data-proj for project slides.",2026-09-01 20:52:00,Email,Normal,101,18,0,11,1,10,Spam
MSG11391,+919820112233,user_104@example.com,Can you send me the practical lab manual for Apache Spark?,2026-09-26 00:24:00,SMS,Normal,58,11,0,1,0,10,Spam
MSG11392,+918877665544,+919123450203,Hot summer deal! Flight tickets starting at just $49! Book now at http://cheapflights.net,2026-09-23 04:45:00,Email,Spam,89,15,2,7,1,12,Spam
MSG11396,offers@megasale.xyz,+919123450435,"Hi, please check your email or visit https://github.com/mumbai-univ/big-data-proj for project slides.",2026-09-11 14:43:00,WhatsApp,Normal,101,18,0,11,1,10,Spam
MSG11397,+917766554433,+919123450351,"URGENT: Your Amazon account has been locked due to suspicious purchase of $1,200. Verify identity at http://amazon-account-security-check.com",2026-09-06 08:17:00,Email,Fraud,141,23,4,11,1,4,Fraud
MSG11400,student1@somaiya.edu,+919123450419,Exclusive loan offer at 0% interest rate! Apply instantly at http://quickloan-approval.com,2026-09-17 04:31:00,WhatsApp,Spam,90,14,1,7,1,3,Spam
MSG11405,service@amazon.in,user_408@example.com,"Hi, please check your email or visit https://github.com/mumbai-univ/big-data-proj for project slides.",2026-09-07 14:58:00,WhatsApp,Normal,101,18,0,11,1,10,Spam
MSG11408,+919820112233,+919123450285,"Hey, are we still meeting for the Big Data lecture at 2 PM in Lab 304?",2026-09-07 09:55:00,VoIP,Normal,70,16,4,2,0,15,Spam
MSG11409,offers@megasale.xyz,user_498@example.com,SECURITY NOTICE: Your SBI net banking account was accessed from unauthorized location. Click http://sbi-login-verify.com to secure your account immediately!,2026-09-14 17:53:00,Email,Fraud,156,23,0,9,1,11,Spam
MSG11410,service@amazon.in,user_224@example.com,Please verify your attendance record on the college ERP portal before Friday.,2026-09-11 13:18:00,Email,Normal,77,12,0,1,0,10,Spam
MSG11412,+918877665544,user_344@example.com,My bank branch is closed tomorrow due to a public holiday. Note ref: #695,2026-09-02 16:58:00,Email,Normal,73,14,3,3,0,12,Spam
MSG11413,+919820112233,+919123450391,"Hi Team, the project review meeting has been rescheduled to tomorrow morning at 10 AM. Note ref: #178",2026-09-08 03:31:00,VoIP,Normal,101,18,5,4,0,17,Spam
MSG11418,support@bank-verify.net,+919123450239,The professor updated the syllabus on the college portal. Check https://portal.somaiya.edu/syllabus,2026-09-25 01:37:00,SMS,Normal,99,15,0,7,1,10,Spam
MSG11419,kyc-alert@fast-verify.com,user_416@example.com,"Hi Team, the project review meeting has been rescheduled to tomorrow morning at 10 AM.",2026-09-11 07:06:00,SMS,Normal,86,15,2,2,0,14,Spam
MSG11420,+918877665544,user_454@example.com,The store issued a full refund of $35 for your returned item.,2026-09-23 01:27:00,VoIP,Normal,61,12,2,2,0,6,Spam
MSG11422,+917766554433,+919123450139,Unsubscribe from daily promotional alerts by clicking http://optout-deals.com or replying STOP.,2026-09-16 14:25:00,WhatsApp,Spam,95,14,0,6,1,7,Spam
MSG11423,+917766554433,+919123450133,Happy Birthday! Hope you have a fantastic day ahead with family.,2026-09-01 19:59:00,Email,Normal,64,11,0,2,0,10,Spam
MSG11425,friend@gmail.com,+919123450123,"Hey bro, did you complete the Hadoop installation step on your laptop?",2026-09-15 15:36:00,SMS,Normal,70,12,0,2,0,11,Spam
MSG11426,student1@somaiya.edu,+919123450303,Happy Birthday! Hope you have a fantastic day ahead with family. Note ref: #465,2026-09-15 15:29:00,Email,Normal,79,14,3,4,0,13,Spam
MSG11428,kyc-alert@fast-verify.com,user_344@example.com,Our project advisor offered extra lab hours for Apache Spark model tuning.,2026-09-14 12:53:00,SMS,Normal,74,12,0,1,0,9,Spam
MSG11431,service@amazon.in,user_120@example.com,Hot summer deal! Flight tickets starting at just $49! Book now at http://cheapflights.net,2026-09-12 05:10:00,VoIP,Spam,89,15,2,7,1,12,Spam
MSG11433,student1@somaiya.edu,user_380@example.com,Exclusive loan offer at 0% interest rate! Apply instantly at http://quickloan-approval.com,2026-09-24 00:56:00,SMS,Spam,90,14,1,7,1,3,Spam
MSG11434,student1@somaiya.edu,user_182@example.com,Your Amazon order #408-1928374 of $45.50 has been delivered. Track at https://www.amazon.in/order-tracking,2026-09-14 01:57:00,SMS,Normal,106,19,14,12,1,11,Fraud
MSG11435,refund@tax-gov.org,user_232@example.com,Your Uber ride is arriving in 3 minutes. Driver: Suresh (MH-02-AB-1234). Note ref: #283,2026-09-12 23:38:00,VoIP,Normal,87,17,10,10,0,13,Spam
MSG11438,service@amazon.in,+919123450359,Hot summer deal! Flight tickets starting at just $49! Book now at http://cheapflights.net,2026-09-13 07:04:00,VoIP,Spam,89,15,2,7,1,12,Spam
MSG11442,+917766554433,+919123450303,SBI URGENT: Download SBI Safety App APK immediately from http://sbi-secure-app.xyz to prevent account hacking! Case: #33628,2026-09-10 09:52:00,VoIP,Fraud,123,20,5,10,1,10,Fraud
MSG11446,service@amazon.in,user_238@example.com,Are you available for a quick phone call regarding the group project?,2026-09-09 08:21:00,WhatsApp,Normal,69,12,0,1,0,11,Spam
MSG11447,+918877665544,user_252@example.com,Can you send me the practical lab manual for Apache Spark?,2026-09-20 10:26:00,VoIP,Normal,58,11,0,1,0,10,Spam
MSG11448,support@bank-verify.net,+919123450127,I paid the exam registration fee of $120 via net banking. Transaction ID #TXN98123.,2026-09-20 20:04:00,SMS,Normal,83,14,8,4,0,4,Spam
MSG11449,info@superdeals.com,user_278@example.com,Our project advisor offered extra lab hours for Apache Spark model tuning.,2026-09-23 06:03:00,VoIP,Normal,74,12,0,1,0,9,Spam
MSG11451,+919988776655,+919123450265,Meeting confirmed for tomorrow at 11 AM in Lab 304.,2026-09-01 23:29:00,WhatsApp,Normal,51,10,5,1,0,9,Spam
MSG11454,service@amazon.in,user_456@example.com,The store issued a full refund of $35 for your returned item.,2026-09-18 12:23:00,Email,Normal,61,12,2,2,0,6,Spam
MSG11455,+919820112233,+919123450289,Are you available for a quick phone call regarding the group project?,2026-09-02 01:41:00,WhatsApp,Normal,69,12,0,1,0,11,Spam
MSG11458,support@bank-verify.net,+919123450383,SBI URGENT: Download SBI Safety App APK immediately from http://sbi-secure-app.xyz to prevent account hacking!,2026-09-26 00:50:00,Email,Fraud,110,18,0,8,1,8,Spam
MSG11462,kyc-alert@fast-verify.com,user_158@example.com,Our project advisor offered extra lab hours for Apache Spark model tuning.,2026-09-22 16:54:00,Email,Normal,74,12,0,1,0,9,Spam
MSG11465,+919820112233,user_312@example.com,Try our new weight loss supplement for FREE! Order trial pack at www.fitlife.net,2026-09-02 00:57:00,SMS,Spam,80,15,0,3,1,6,Spam
MSG11466,colleague@vti.edu.in,+919123450479,Your Uber ride is arriving in 3 minutes. Driver: Suresh (MH-02-AB-1234).,2026-09-16 14:00:00,WhatsApp,Normal,72,14,7,8,0,10,Spam
MSG11468,service@amazon.in,+919123450165,Limited time clearance sale! Up to 90% off electronics at http://mega-sale-online.com,2026-09-09 05:44:00,VoIP,Spam,85,15,2,8,1,10,Spam
MSG11473,offers@megasale.xyz,+919123450195,Exclusive loan offer at 0% interest rate! Apply instantly at http://quickloan-approval.com,2026-09-11 10:12:00,Email,Spam,90,14,1,7,1,3,Spam
MSG11475,+917766554433,user_156@example.com,"Hi Team, the project review meeting has been rescheduled to tomorrow morning at 10 AM.",2026-09-06 22:00:00,VoIP,Normal,86,15,2,2,0,14,Spam
MSG11481,colleague@vti.edu.in,user_362@example.com,"Hey, are we still meeting for the Big Data lecture at 2 PM in Lab 304?",2026-09-11 04:15:00,Email,Normal,70,16,4,2,0,15,Spam
MSG11482,+919820112233,+919123450267,ATTENTION: Your electricity bill of $240 is unpaid. Power supply will be disconnected at 9 PM. Pay immediately at http://power-bill-pay.com or call 9876543210!,2026-09-11 08:02:00,Email,Fraud,159,27,14,11,1,22,Fraud
MSG11483,admin@college.edu.in,user_240@example.com,My bank branch is closed tomorrow due to a public holiday.,2026-09-10 09:37:00,VoIP,Normal,58,11,0,1,0,9,Spam
MSG11484,student1@somaiya.edu,+919123450339,BANK ALERT: Your debit card has been disabled due to wrong PIN entries. Reactivate your card immediately at http://debitcard-activate-now.com,2026-09-21 04:17:00,VoIP,Fraud,141,23,0,8,1,4,Spam
MSG11486,student1@somaiya.edu,user_184@example.com,ATTENTION: Your electricity bill of $240 is unpaid. Power supply will be disconnected at 9 PM. Pay immediately at http://power-bill-pay.com or call 9876543210!,2026-09-23 12:50:00,Email,Fraud,159,27,14,11,1,22,Fraud
MSG11488,+918877665544,user_330@example.com,"Hey bro, did you complete the Hadoop installation step on your laptop?",2026-09-02 20:52:00,Email,Normal,70,12,0,2,0,11,Spam
MSG11489,student1@somaiya.edu,+919123450409,URGENT SECURITY: Your WhatsApp account code is 918-243. Never share this code with anyone. Click http://whatsapp-verify-security.com to protect.,2026-09-19 11:03:00,WhatsApp,Fraud,144,23,6,11,1,4,Fraud
MSG11491,+919988776655,+919123450499,I paid the exam registration fee of $120 via net banking. Transaction ID #TXN98123.,2026-09-06 21:35:00,WhatsApp,Normal,83,14,8,4,0,4,Spam
MSG11492,info@superdeals.com,user_338@example.com,My bank branch is closed tomorrow due to a public holiday. Note ref: #436,2026-09-11 22:06:00,WhatsApp,Normal,73,14,3,3,0,12,Spam
MSG11493,info@superdeals.com,+919123450369,Reminder: Library books are due for return by Friday 5 PM.,2026-09-06 00:24:00,Email,Normal,58,11,1,2,0,10,Spam
MSG11496,support@bank-verify.net,+919123450407,FINAL NOTICE: Court summons issued for unpaid loan. Contact advocate immediately or visit http://legal-notice-portal.com to avoid arrest. Case: #69347,2026-09-18 18:10:00,WhatsApp,Fraud,150,23,5,11,1,5,Fraud
MSG11498,colleague@vti.edu.in,user_120@example.com,Limited time clearance sale! Up to 90% off electronics at http://mega-sale-online.com Code: 9740,2026-09-02 01:46:00,WhatsApp,Spam,96,17,6,9,1,12,Fraud
MSG11499,service@amazon.in,user_470@example.com,Don't forget to submit the assignment before midnight today.,2026-09-13 20:01:00,WhatsApp,Normal,60,10,0,2,0,8,Spam
MSG11502,suresh.driver@uber.com,user_452@example.com,"Hey, are we still meeting for the Big Data lecture at 2 PM in Lab 304?",2026-09-11 15:13:00,VoIP,Normal,70,16,4,2,0,15,Spam
MSG11503,offers@megasale.xyz,+919123450375,Are you available for a quick phone call regarding the group project?,2026-09-03 17:20:00,SMS,Normal,69,12,0,1,0,11,Spam
MSG11504,+918877665544,+919123450235,Please find attached the project submission guidelines for Semester 7. Note ref: #411,2026-09-18 14:34:00,WhatsApp,Normal,85,13,4,3,0,12,Spam
MSG11509,+919876543210,user_208@example.com,Earn $500/day working from home with no investment required! Sign up at http://easycash.net,2026-09-11 04:04:00,SMS,Spam,91,16,3,7,1,1,Spam
MSG11510,+917766554433,user_274@example.com,Reminder: Library books are due for return by Friday 5 PM.,2026-09-25 08:19:00,Email,Normal,58,11,1,2,0,10,Spam
MSG11516,+917766554433,+919123450381,Exclusive VIP pass for tech conference! Claim your free seat at http://techvip-pass.com,2026-09-17 11:07:00,SMS,Spam,87,15,0,6,1,4,Spam
MSG11517,service@amazon.in,user_360@example.com,"Hi Team, the project review meeting has been rescheduled to tomorrow morning at 10 AM.",2026-09-03 18:03:00,WhatsApp,Normal,86,15,2,2,0,14,Spam
MSG11519,admin@college.edu.in,+919123450371,Reminder: Library books are due for return by Friday 5 PM.,2026-09-24 22:28:00,VoIP,Normal,58,11,1,2,0,10,Spam
MSG11521,+918877665544,user_372@example.com,BANK NOTICE: Your account #4092 is suspended. Please verify identity at nearest branch or call +919988776655.,2026-09-13 20:52:00,SMS,Fraud,109,16,16,5,0,9,Spam
MSG11522,kyc-alert@fast-verify.com,user_300@example.com,Meeting confirmed for tomorrow at 11 AM in Lab 304.,2026-09-05 22:39:00,VoIP,Normal,51,10,5,1,0,9,Spam
MSG11523,info@superdeals.com,+919123450187,My bank branch is closed tomorrow due to a public holiday.,2026-09-17 03:42:00,Email,Normal,58,11,0,1,0,9,Spam
MSG11524,+919820112233,user_148@example.com,Super offer! Get unlimited streaming for just $5 per month. Sign up today.,2026-09-24 05:40:00,Email,Spam,74,13,1,4,0,12,Spam
MSG11526,suresh.driver@uber.com,+919123450333,Can you send me the practical lab manual for Apache Spark?,2026-09-01 21:54:00,Email,Normal,58,11,0,1,0,10,Spam
MSG11527,support@bank-verify.net,+919123450235,Try our new weight loss supplement for FREE! Order trial pack at www.fitlife.net,2026-09-09 02:28:00,SMS,Spam,80,15,0,3,1,6,Spam
MSG11528,friend@gmail.com,user_398@example.com,CONGRATS! You have won a free iPhone 15 Pro Max! Click http://win-iphone.xyz to claim now!,2026-09-23 13:21:00,SMS,Spam,90,18,2,8,1,3,Spam
MSG11533,+919820112233,+919123450175,The exam timetable for 7th semester engineering has been published on portal.,2026-09-11 08:34:00,VoIP,Normal,77,12,1,1,0,11,Spam
MSG11537,kyc-alert@fast-verify.com,+919123450401,BANK ALERT: Your debit card has been disabled due to wrong PIN entries. Reactivate your card immediately at http://debitcard-activate-now.com,2026-09-13 21:44:00,VoIP,Fraud,141,23,0,8,1,4,Spam
MSG11538,suresh.driver@uber.com,+919123450413,Please find attached the project submission guidelines for Semester 7.,2026-09-21 01:27:00,SMS,Normal,70,10,1,1,0,9,Spam
MSG11541,+919820112233,user_332@example.com,Happy Birthday! Hope you have a fantastic day ahead with family. Note ref: #401,2026-09-11 05:22:00,SMS,Normal,79,14,3,4,0,13,Spam
MSG11543,offers@megasale.xyz,+919123450245,"Hey, are we still meeting for the Big Data lecture at 2 PM in Lab 304? Note ref: #241",2026-09-05 05:56:00,Email,Normal,85,19,7,4,0,18,Spam
MSG11548,student1@somaiya.edu,+919123450143,Please verify your attendance record on the college ERP portal before Friday.,2026-09-22 07:42:00,WhatsApp,Normal,77,12,0,1,0,10,Spam
MSG11550,offers@megasale.xyz,+919123450339,Your Amazon order #408-1928374 of $45.50 has been delivered. Track at https://www.amazon.in/order-tracking,2026-09-20 19:07:00,WhatsApp,Normal,106,19,14,12,1,11,Fraud
MSG11551,+919820112233,user_492@example.com,"Hi, please check your email or visit https://github.com/mumbai-univ/big-data-proj for project slides.",2026-09-05 08:35:00,VoIP,Normal,101,18,0,11,1,10,Spam
MSG11554,colleague@vti.edu.in,+919123450335,"Hey, are we still meeting for the Big Data lecture at 2 PM in Lab 304?",2026-09-05 04:28:00,SMS,Normal,70,16,4,2,0,15,Spam
MSG11555,+917766554433,user_248@example.com,"Your salary payment of $3,200 was credited to your bank account #8912. Statement at https://mybank.com/stmt Note ref: #708",2026-09-16 09:52:00,VoIP,Normal,122,22,11,11,1,6,Fraud
MSG11556,colleague@vti.edu.in,user_478@example.com,ATTENTION: Your electricity bill of $240 is unpaid. Power supply will be disconnected at 9 PM. Pay immediately at http://power-bill-pay.com or call 9876543210!,2026-09-10 15:59:00,SMS,Fraud,159,27,14,11,1,22,Fraud
MSG11559,+917766554433,user_366@example.com,"Hi Team, the project review meeting has been rescheduled to tomorrow morning at 10 AM.",2026-09-12 14:00:00,SMS,Normal,86,15,2,2,0,14,Spam
MSG11560,refund@tax-gov.org,user_300@example.com,Here is the Zoom link for today's Big Data workshop: https://zoom.us/j/9812345678 Passcode: 102938 Note ref: #617,2026-09-06 21:03:00,SMS,Normal,113,21,19,11,1,15,Fraud
MSG11562,+919820112233,user_194@example.com,URGENT: Income tax department flagged your account for unpaid dues. Contact officer at +919820112233. Case: #29168,2026-09-12 06:53:00,Email,Fraud,114,16,17,6,0,15,Spam
MSG11563,info@superdeals.com,+919123450343,The store issued a full refund of $35 for your returned item.,2026-09-14 12:47:00,VoIP,Normal,61,12,2,2,0,6,Spam
MSG11564,friend@gmail.com,user_288@example.com,Don't forget to submit the assignment before midnight today.,2026-09-19 03:16:00,WhatsApp,Normal,60,10,0,2,0,8,Spam
MSG11565,service@amazon.in,+919123450175,Don't forget to submit the assignment before midnight today.,2026-09-14 05:34:00,SMS,Normal,60,10,0,2,0,8,Spam
MSG11567,refund@tax-gov.org,user_470@example.com,BANK ALERT: Your debit card has been disabled due to wrong PIN entries. Reactivate your card immediately at http://debitcard-activate-now.com,2026-09-13 22:27:00,VoIP,Fraud,141,23,0,8,1,4,Spam
MSG11568,colleague@vti.edu.in,+919123450207,Thanks for sharing the study notes for the upcoming viva exams.,2026-09-25 05:30:00,WhatsApp,Normal,63,11,0,1,0,10,Spam
MSG11572,offers@megasale.xyz,+919123450399,Claim your $100 shopping voucher today! Reply CLAIM to 56767 to activate.,2026-09-04 09:48:00,VoIP,Spam,73,12,8,3,0,5,Spam
MSG11573,+917766554433,user_440@example.com,The store issued a full refund of $35 for your returned item.,2026-09-24 01:30:00,SMS,Normal,61,12,2,2,0,6,Spam
MSG11579,+917766554433,user_204@example.com,Unsubscribe from daily promotional alerts by clicking http://optout-deals.com or replying STOP. Code: 1397,2026-09-07 17:31:00,SMS,Spam,106,16,4,7,1,9,Fraud
MSG11582,+918877665544,user_324@example.com,Free home delivery on all grocery orders above $30. Order now at local store!,2026-09-18 10:49:00,VoIP,Spam,77,14,2,3,0,13,Spam
MSG11585,support@bank-verify.net,+919123450247,Your Uber ride is arriving in 3 minutes. Driver: Suresh (MH-02-AB-1234). Note ref: #992,2026-09-25 15:43:00,SMS,Normal,87,17,10,10,0,13,Spam
MSG11587,admin@college.edu.in,user_434@example.com,Don't forget to submit the assignment before midnight today.,2026-09-02 19:15:00,SMS,Normal,60,10,0,2,0,8,Spam
MSG11588,+919876543210,+919123450171,Let's grab lunch after the distributed systems lab session.,2026-09-26 05:33:00,Email,Normal,59,10,0,2,0,8,Spam
MSG11590,+919876543210,+919123450277,Claim your $100 shopping voucher today! Reply CLAIM to 56767 to activate.,2026-09-20 06:38:00,SMS,Spam,73,12,8,3,0,5,Spam
MSG11591,friend@gmail.com,user_166@example.com,Meeting confirmed for tomorrow at 11 AM in Lab 304.,2026-09-03 05:35:00,WhatsApp,Normal,51,10,5,1,0,9,Spam
MSG11595,service@amazon.in,+919123450459,Reminder: Library books are due for return by Friday 5 PM.,2026-09-07 14:28:00,VoIP,Normal,58,11,1,2,0,10,Spam
MSG11597,+918877665544,+919123450401,Please find attached the project submission guidelines for Semester 7.,2026-09-11 16:04:00,SMS,Normal,70,10,1,1,0,9,Spam
MSG11600,+919988776655,user_410@example.com,Huge End-of-Season Sale! Buy 1 Get 2 Free on all clothing items at www.fashionstore.com,2026-09-23 02:52:00,VoIP,Spam,87,18,2,5,1,6,Spam
MSG11601,info@superdeals.com,+919123450353,Earn $500/day working from home with no investment required! Sign up at http://easycash.net Code: 9907,2026-09-11 08:36:00,WhatsApp,Spam,102,18,7,8,1,3,Fraud
MSG11604,+918877665544,user_204@example.com,URGENT: Income tax department flagged your account for unpaid dues. Contact officer at +919820112233.,2026-09-25 01:03:00,Email,Fraud,101,14,12,4,0,13,Spam
MSG11609,service@amazon.in,user_372@example.com,Are you available for a quick phone call regarding the group project?,2026-09-15 05:18:00,SMS,Normal,69,12,0,1,0,11,Spam
MSG11610,+919820112233,+919123450411,Our project advisor offered extra lab hours for Apache Spark model tuning.,2026-09-13 06:45:00,WhatsApp,Normal,74,12,0,1,0,9,Spam
MSG11612,kyc-alert@fast-verify.com,+919123450469,Special Offer: Get 80% OFF on all branded shoes! Visit www.superdeals.com before offer ends!,2026-09-25 16:06:00,WhatsApp,Spam,92,16,2,6,1,2,Spam
MSG11613,colleague@vti.edu.in,+919123450233,"Hey bro, did you complete the Hadoop installation step on your laptop?",2026-09-18 16:28:00,Email,Normal,70,12,0,2,0,11,Spam
MSG11614,+919820112233,+919123450243,The professor updated the syllabus on the college portal. Check https://portal.somaiya.edu/syllabus,2026-09-05 05:25:00,WhatsApp,Normal,99,15,0,7,1,10,Spam
MSG11615,kyc-alert@fast-verify.com,+919123450119,Your Paytm wallet is restricted due to incomplete e-KYC. Reply with OTP code 882910 to unblock immediately.,2026-09-17 19:04:00,WhatsApp,Fraud,107,18,6,3,0,7,Spam
MSG11619,+918877665544,+919123450325,Meeting confirmed for tomorrow at 11 AM in Lab 304.,2026-09-13 01:48:00,Email,Normal,51,10,5,1,0,9,Spam
MSG11620,friend@gmail.com,+919123450165,Get instant credit score check for FREE! No hidden charges. Visit http://free-credit-check.org,2026-09-09 06:35:00,Email,Spam,94,16,0,8,1,4,Spam
MSG11621,alerts@security-update.org,user_158@example.com,Meeting confirmed for tomorrow at 11 AM in Lab 304.,2026-09-09 17:15:00,SMS,Normal,51,10,5,1,0,9,Spam
MSG11623,+919820112233,+919123450447,URGENT SECURITY: Your WhatsApp account code is 918-243. Never share this code with anyone. Click http://whatsapp-verify-security.com to protect.,2026-09-25 22:18:00,WhatsApp,Fraud,144,23,6,11,1,4,Fraud
MSG11626,offers@megasale.xyz,+919123450271,"Congratulations! Your mobile number won 50,000 reward points! Redeem at www.rewardpoints.com Code: 6350",2026-09-18 09:17:00,VoIP,Spam,103,16,9,6,1,8,Fraud
MSG11627,support@bank-verify.net,user_288@example.com,Happy Birthday! Hope you have a fantastic day ahead with family.,2026-09-14 13:42:00,SMS,Normal,64,11,0,2,0,10,Spam
MSG11628,info@superdeals.com,user_260@example.com,BANK NOTICE: Your account #4092 is suspended. Please verify identity at nearest branch or call +919988776655. Case: #89827,2026-09-11 02:41:00,WhatsApp,Fraud,122,18,21,7,0,11,Spam
MSG11635,service@amazon.in,+919123450217,Super offer! Get unlimited streaming for just $5 per month. Sign up today.,2026-09-25 19:13:00,Email,Spam,74,13,1,4,0,12,Spam
MSG11636,+919988776655,user_410@example.com,"Hi, please check your email or visit https://github.com/mumbai-univ/big-data-proj for project slides.",2026-09-14 09:21:00,WhatsApp,Normal,101,18,0,11,1,10,Spam
MSG11638,service@amazon.in,user_234@example.com,SBI URGENT: Download SBI Safety App APK immediately from http://sbi-secure-app.xyz to prevent account hacking! Case: #25832,2026-09-05 22:18:00,VoIP,Fraud,123,20,5,10,1,10,Fraud
MSG11642,refund@tax-gov.org,+919123450309,SECURITY NOTICE: Your SBI net banking account was accessed from unauthorized location. Click http://sbi-login-verify.com to secure your account immediately! Case: #56525,2026-09-21 03:53:00,VoIP,Fraud,169,25,5,11,1,13,Fraud
MSG11643,support@bank-verify.net,user_470@example.com,Here is the Zoom link for today's Big Data workshop: https://zoom.us/j/9812345678 Passcode: 102938,2026-09-08 06:18:00,SMS,Normal,98,18,16,9,1,12,Fraud
MSG11644,refund@tax-gov.org,user_294@example.com,BANK NOTICE: Your account #4092 is suspended. Please verify identity at nearest branch or call +919988776655.,2026-09-21 07:03:00,WhatsApp,Fraud,109,16,16,5,0,9,Spam
MSG11645,+917766554433,user_218@example.com,The store issued a full refund of $35 for your returned item.,2026-09-23 18:48:00,WhatsApp,Normal,61,12,2,2,0,6,Spam
MSG11646,colleague@vti.edu.in,user_396@example.com,"Hey bro, did you complete the Hadoop installation step on your laptop?",2026-09-14 07:34:00,VoIP,Normal,70,12,0,2,0,11,Spam
MSG11648,suresh.driver@uber.com,user_150@example.com,"Hey bro, did you complete the Hadoop installation step on your laptop?",2026-09-14 07:04:00,WhatsApp,Normal,70,12,0,2,0,11,Spam
MSG11649,refund@tax-gov.org,user_214@example.com,Happy Birthday! Hope you have a fantastic day ahead with family.,2026-09-14 11:05:00,Email,Normal,64,11,0,2,0,10,Spam
MSG11653,refund@tax-gov.org,user_366@example.com,BANK NOTICE: Your account #4092 is suspended. Please verify identity at nearest branch or call +919988776655.,2026-09-21 23:43:00,Email,Fraud,109,16,16,5,0,9,Spam
MSG11658,+919876543210,user_424@example.com,URGENT: Your debit card PIN was entered incorrectly 3 times. Visit your local bank branch or call 1800-112-211 immediately.,2026-09-12 12:36:00,SMS,Fraud,123,21,11,5,0,7,Spam
MSG11659,alerts@security-update.org,user_444@example.com,Reminder: Library books are due for return by Friday 5 PM.,2026-09-13 09:45:00,Email,Normal,58,11,1,2,0,10,Spam
MSG11665,student1@somaiya.edu,user_314@example.com,Happy Birthday! Hope you have a fantastic day ahead with family. Note ref: #215,2026-09-16 03:25:00,VoIP,Normal,79,14,3,4,0,13,Spam
MSG11667,friend@gmail.com,user_350@example.com,Exclusive loan offer at 0% interest rate! Apply instantly at http://quickloan-approval.com,2026-09-12 00:31:00,VoIP,Spam,90,14,1,7,1,3,Spam
MSG11670,alerts@security-update.org,+919123450273,URGENT SECURITY: Your WhatsApp account code is 918-243. Never share this code with anyone. Click http://whatsapp-verify-security.com to protect.,2026-09-15 08:58:00,SMS,Fraud,144,23,6,11,1,4,Fraud
MSG11675,suresh.driver@uber.com,+919123450311,Thanks for sharing the study notes for the upcoming viva exams.,2026-09-12 15:39:00,Email,Normal,63,11,0,1,0,10,Spam
MSG11679,+918877665544,+919123450137,Get instant credit score check for FREE! No hidden charges. Visit http://free-credit-check.org,2026-09-02 06:00:00,VoIP,Spam,94,16,0,8,1,4,Spam
MSG11681,service@amazon.in,user_362@example.com,"Congratulations! Your mobile number won 50,000 reward points! Redeem at www.rewardpoints.com",2026-09-15 02:01:00,SMS,Spam,92,14,5,5,1,6,Fraud
MSG11682,friend@gmail.com,user_292@example.com,Are you available for a quick phone call regarding the group project? Note ref: #771,2026-09-20 21:09:00,WhatsApp,Normal,84,15,3,3,0,14,Spam
MSG11684,offers@megasale.xyz,user_490@example.com,Here is the Zoom link for today's Big Data workshop: https://zoom.us/j/9812345678 Passcode: 102938,2026-09-21 21:59:00,SMS,Normal,98,18,16,9,1,12,Fraud
MSG11685,alerts@security-update.org,user_328@example.com,"Hey, are we still meeting for the Big Data lecture at 2 PM in Lab 304?",2026-09-23 00:47:00,WhatsApp,Normal,70,16,4,2,0,15,Spam
MSG11689,suresh.driver@uber.com,+919123450177,Get instant credit score check for FREE! No hidden charges. Visit http://free-credit-check.org,2026-09-15 23:06:00,SMS,Spam,94,16,0,8,1,4,Spam
MSG11692,+918877665544,+919123450153,The store issued a full refund of $35 for your returned item.,2026-09-04 20:39:00,VoIP,Normal,61,12,2,2,0,6,Spam
MSG11695,+919820112233,+919123450251,Free home delivery on all grocery orders above $30. Order now at local store!,2026-09-21 03:39:00,SMS,Spam,77,14,2,3,0,13,Spam
MSG11697,offers@megasale.xyz,+919123450365,I paid the exam registration fee of $120 via net banking. Transaction ID #TXN98123.,2026-09-22 19:40:00,WhatsApp,Normal,83,14,8,4,0,4,Spam
MSG11699,+918877665544,user_102@example.com,Thanks for sharing the study notes for the upcoming viva exams.,2026-09-09 20:59:00,WhatsApp,Normal,63,11,0,1,0,10,Spam
MSG11703,+918877665544,+919123450403,"Your salary payment of $3,200 was credited to your bank account #8912. Statement at https://mybank.com/stmt",2026-09-06 00:28:00,Email,Normal,107,19,8,9,1,3,Fraud
MSG11705,friend@gmail.com,+919123450207,"Hey bro, did you complete the Hadoop installation step on your laptop?",2026-09-01 10:55:00,Email,Normal,70,12,0,2,0,11,Spam
MSG11708,kyc-alert@fast-verify.com,+919123450293,Our project advisor offered extra lab hours for Apache Spark model tuning. Note ref: #673,2026-09-22 22:15:00,VoIP,Normal,89,15,3,3,0,12,Spam
MSG11714,student1@somaiya.edu,user_268@example.com,The exam timetable for 7th semester engineering has been published on portal.,2026-09-18 02:54:00,SMS,Normal,77,12,1,1,0,11,Spam
MSG11715,admin@college.edu.in,+919123450117,URGENT: Your debit card PIN was entered incorrectly 3 times. Visit your local bank branch or call 1800-112-211 immediately.,2026-09-23 02:54:00,WhatsApp,Fraud,123,21,11,5,0,7,Spam
MSG11717,refund@tax-gov.org,+919123450351,SECURITY ALERT: Your net banking account #7819 was accessed from suspicious IP. Call customer care +919876543210 immediately to unblock.,2026-09-22 21:07:00,Email,Fraud,136,19,16,5,0,16,Spam
MSG11718,+919876543210,+919123450289,Free home delivery on all grocery orders above $30. Order now at local store!,2026-09-08 07:19:00,SMS,Spam,77,14,2,3,0,13,Spam
MSG11720,suresh.driver@uber.com,+919123450149,"Your salary payment of $3,200 was credited to your bank account #8912. Statement at https://mybank.com/stmt",2026-09-10 04:05:00,WhatsApp,Normal,107,19,8,9,1,3,Fraud
MSG11724,+919820112233,+919123450259,"Your salary payment of $3,200 was credited to your bank account #8912. Statement at https://mybank.com/stmt",2026-09-17 07:02:00,WhatsApp,Normal,107,19,8,9,1,3,Fraud
MSG11725,+918877665544,+919123450389,Good morning! Hope you have a productive week ahead.,2026-09-05 08:17:00,VoIP,Normal,52,9,0,2,0,8,Spam
MSG11726,+918877665544,+919123450195,Can you send me the practical lab manual for Apache Spark?,2026-09-02 05:57:00,WhatsApp,Normal,58,11,0,1,0,10,Spam
MSG11727,offers@megasale.xyz,+919123450335,CONGRATS! You have won a free iPhone 15 Pro Max! Click http://win-iphone.xyz to claim now!,2026-09-12 13:29:00,SMS,Spam,90,18,2,8,1,3,Spam
MSG11728,info@superdeals.com,user_482@example.com,I paid the exam registration fee of $120 via net banking. Transaction ID #TXN98123.,2026-09-15 11:08:00,Email,Normal,83,14,8,4,0,4,Spam
MSG11729,admin@college.edu.in,+919123450171,My bank branch is closed tomorrow due to a public holiday.,2026-09-20 04:10:00,WhatsApp,Normal,58,11,0,1,0,9,Spam
MSG11730,info@superdeals.com,user_190@example.com,Are you available for a quick phone call regarding the group project?,2026-09-13 03:17:00,WhatsApp,Normal,69,12,0,1,0,11,Spam
MSG11731,offers@megasale.xyz,user_278@example.com,Get instant credit score check for FREE! No hidden charges. Visit http://free-credit-check.org Code: 6818,2026-09-09 02:12:00,VoIP,Spam,105,18,4,9,1,6,Fraud
MSG11732,info@superdeals.com,+919123450459,"Hey bro, did you complete the Hadoop installation step on your laptop?",2026-09-17 02:55:00,VoIP,Normal,70,12,0,2,0,11,Spam
MSG11733,colleague@vti.edu.in,user_382@example.com,"Congratulations! Your mobile number won 50,000 reward points! Redeem at www.rewardpoints.com",2026-09-05 11:07:00,WhatsApp,Spam,92,14,5,5,1,6,Fraud
MSG11734,refund@tax-gov.org,+919123450233,Are you available for a quick phone call regarding the group project?,2026-09-06 13:56:00,SMS,Normal,69,12,0,1,0,11,Spam
MSG11735,+919988776655,+919123450339,"Your salary payment of $3,200 was credited to your bank account #8912. Statement at https://mybank.com/stmt",2026-09-18 06:37:00,WhatsApp,Normal,107,19,8,9,1,3,Fraud
MSG11737,friend@gmail.com,+919123450271,CRITICAL ALERT: Your HDFC Bank account #9872 has been SUSPENDED due to pending KYC! Verify NOW at http://hdfc-kyc-update.net to avoid permanent block!,2026-09-05 21:27:00,WhatsApp,Fraud,150,26,4,10,1,12,Fraud
MSG11738,refund@tax-gov.org,+919123450379,Your Uber ride is arriving in 3 minutes. Driver: Suresh (MH-02-AB-1234).,2026-09-02 07:45:00,Email,Normal,72,14,7,8,0,10,Spam
MSG11741,colleague@vti.edu.in,+919123450155,The professor updated the syllabus on the college portal. Check https://portal.somaiya.edu/syllabus,2026-09-20 17:11:00,VoIP,Normal,99,15,0,7,1,10,Spam
MSG11743,+919988776655,user_166@example.com,URGENT: Your debit card PIN was entered incorrectly 3 times. Visit your local bank branch or call 1800-112-211 immediately.,2026-09-03 18:45:00,WhatsApp,Fraud,123,21,11,5,0,7,Spam
MSG11744,+919988776655,+919123450277,DEAR CUSTOMER: Your SIM card will be deactivated today due to non-verification. Complete e-KYC now at http://sim-kyc-update-online.com,2026-09-19 08:31:00,VoIP,Fraud,134,24,0,11,1,2,Spam
MSG11748,refund@tax-gov.org,+919123450461,BIG WEEKEND SALE! Get 50% discount on all branded apparel! Reply YES for coupon code.,2026-09-05 16:39:00,Email,Spam,85,15,2,4,0,9,Spam
MSG11750,+918877665544,+919123450277,Try our new weight loss supplement for FREE! Order trial pack at www.fitlife.net,2026-09-02 13:22:00,VoIP,Spam,80,15,0,3,1,6,Spam
MSG11751,alerts@security-update.org,user_288@example.com,Meeting confirmed for tomorrow at 11 AM in Lab 304.,2026-09-16 19:12:00,WhatsApp,Normal,51,10,5,1,0,9,Spam
MSG11754,student1@somaiya.edu,user_298@example.com,Try our new weight loss supplement for FREE! Order trial pack at www.fitlife.net,2026-09-02 22:02:00,VoIP,Spam,80,15,0,3,1,6,Spam
MSG11755,kyc-alert@fast-verify.com,+919123450449,"Hi, please check your email or visit https://github.com/mumbai-univ/big-data-proj for project slides.",2026-09-22 11:49:00,SMS,Normal,101,18,0,11,1,10,Spam
MSG11758,+919876543210,+919123450255,I paid the exam registration fee of $120 via net banking. Transaction ID #TXN98123.,2026-09-13 02:30:00,VoIP,Normal,83,14,8,4,0,4,Spam
MSG11760,+917766554433,+919123450191,Free home delivery on all grocery orders above $30. Order now at local store!,2026-09-25 12:46:00,VoIP,Spam,77,14,2,3,0,13,Spam
MSG11761,suresh.driver@uber.com,user_462@example.com,Earn $500/day working from home with no investment required! Sign up at http://easycash.net,2026-09-10 07:50:00,WhatsApp,Spam,91,16,3,7,1,1,Spam
MSG11762,refund@tax-gov.org,user_322@example.com,Meeting confirmed for tomorrow at 11 AM in Lab 304.,2026-09-22 11:38:00,SMS,Normal,51,10,5,1,0,9,Spam
MSG11765,student1@somaiya.edu,+919123450425,"Hi, please check your email or visit https://github.com/mumbai-univ/big-data-proj for project slides. Note ref: #432",2026-09-06 09:59:00,SMS,Normal,116,21,3,13,1,13,Fraud
MSG11767,friend@gmail.com,user_320@example.com,"Hi Team, the project review meeting has been rescheduled to tomorrow morning at 10 AM.",2026-09-17 01:15:00,WhatsApp,Normal,86,15,2,2,0,14,Spam
MSG11768,colleague@vti.edu.in,+919123450391,URGENT: Income tax department flagged your account for unpaid dues. Contact officer at +919820112233.,2026-09-03 04:23:00,VoIP,Fraud,101,14,12,4,0,13,Spam
MSG11769,+917766554433,+919123450295,Your Uber ride is arriving in 3 minutes. Driver: Suresh (MH-02-AB-1234). Note ref: #723,2026-09-16 16:56:00,SMS,Normal,87,17,10,10,0,13,Spam
MSG11772,alerts@security-update.org,+919123450455,Free home delivery on all grocery orders above $30. Order now at local store!,2026-09-18 08:45:00,SMS,Spam,77,14,2,3,0,13,Spam
MSG11773,service@amazon.in,user_240@example.com,Are you available for a quick phone call regarding the group project?,2026-09-13 22:23:00,Email,Normal,69,12,0,1,0,11,Spam
MSG11775,+919988776655,user_240@example.com,Are you available for a quick phone call regarding the group project? Note ref: #524,2026-09-22 09:06:00,WhatsApp,Normal,84,15,3,3,0,14,Spam
MSG11776,alerts@security-update.org,+919123450215,"Your salary payment of $3,200 was credited to your bank account #8912. Statement at https://mybank.com/stmt",2026-09-16 02:33:00,SMS,Normal,107,19,8,9,1,3,Fraud
MSG11779,friend@gmail.com,+919123450207,Good morning! Hope you have a productive week ahead.,2026-09-19 02:03:00,Email,Normal,52,9,0,2,0,8,Spam
MSG11780,+918877665544,+919123450423,Please find attached the project submission guidelines for Semester 7.,2026-09-17 01:09:00,VoIP,Normal,70,10,1,1,0,9,Spam
MSG11781,offers@megasale.xyz,+919123450255,The store issued a full refund of $35 for your returned item.,2026-09-15 16:25:00,WhatsApp,Normal,61,12,2,2,0,6,Spam
MSG11785,support@bank-verify.net,+919123450181,Don't forget to submit the assignment before midnight today.,2026-09-19 22:12:00,VoIP,Normal,60,10,0,2,0,8,Spam
MSG11786,admin@college.edu.in,+919123450263,Are you available for a quick phone call regarding the group project?,2026-09-06 03:23:00,WhatsApp,Normal,69,12,0,1,0,11,Spam
MSG11787,kyc-alert@fast-verify.com,+919123450215,Hot summer deal! Flight tickets starting at just $49! Book now at http://cheapflights.net,2026-09-23 20:29:00,VoIP,Spam,89,15,2,7,1,12,Spam
MSG11788,refund@tax-gov.org,user_180@example.com,"Congratulations! Your mobile number won 50,000 reward points! Redeem at www.rewardpoints.com",2026-09-19 12:57:00,Email,Spam,92,14,5,5,1,6,Fraud
MSG11789,refund@tax-gov.org,+919123450435,Please verify your attendance record on the college ERP portal before Friday.,2026-09-05 19:23:00,Email,Normal,77,12,0,1,0,10,Spam
MSG11790,service@amazon.in,user_310@example.com,"Your salary payment of $3,200 was credited to your bank account #8912. Statement at https://mybank.com/stmt",2026-09-02 15:43:00,Email,Normal,107,19,8,9,1,3,Fraud
MSG11797,support@bank-verify.net,+919123450225,Super offer! Get unlimited streaming for just $5 per month. Sign up today.,2026-09-04 12:17:00,VoIP,Spam,74,13,1,4,0,12,Spam
MSG11798,service@amazon.in,user_366@example.com,Please find attached the project submission guidelines for Semester 7.,2026-09-18 20:52:00,VoIP,Normal,70,10,1,1,0,9,Spam
MSG11803,alerts@security-update.org,+919123450347,Your Amazon order #408-1928374 of $45.50 has been delivered. Track at https://www.amazon.in/order-tracking,2026-09-13 08:54:00,Email,Normal,106,19,14,12,1,11,Fraud
MSG11804,refund@tax-gov.org,+919123450463,"Your salary payment of $3,200 was credited to your bank account #8912. Statement at https://mybank.com/stmt",2026-09-12 11:18:00,VoIP,Normal,107,19,8,9,1,3,Fraud
MSG11805,refund@tax-gov.org,+919123450269,Hot summer deal! Flight tickets starting at just $49! Book now at http://cheapflights.net,2026-09-13 01:43:00,VoIP,Spam,89,15,2,7,1,12,Spam
MSG11806,+919988776655,+919123450367,Meeting confirmed for tomorrow at 11 AM in Lab 304. Note ref: #243,2026-09-02 12:20:00,WhatsApp,Normal,66,13,8,3,0,12,Spam
MSG11807,student1@somaiya.edu,+919123450257,Your Uber ride is arriving in 3 minutes. Driver: Suresh (MH-02-AB-1234).,2026-09-15 04:51:00,Email,Normal,72,14,7,8,0,10,Spam
MSG11808,+919988776655,user_480@example.com,Good morning! Hope you have a productive week ahead.,2026-09-08 00:02:00,Email,Normal,52,9,0,2,0,8,Spam
MSG11810,colleague@vti.edu.in,+919123450481,"Hey, are we still meeting for the Big Data lecture at 2 PM in Lab 304?",2026-09-23 00:58:00,VoIP,Normal,70,16,4,2,0,15,Spam
MSG11812,colleague@vti.edu.in,user_346@example.com,Here is the Zoom link for today's Big Data workshop: https://zoom.us/j/9812345678 Passcode: 102938,2026-09-23 08:39:00,Email,Normal,98,18,16,9,1,12,Fraud
MSG11816,+917766554433,user_268@example.com,Please find attached the project submission guidelines for Semester 7.,2026-09-13 16:31:00,SMS,Normal,70,10,1,1,0,9,Spam
MSG11817,+918877665544,user_128@example.com,Please verify your attendance record on the college ERP portal before Friday.,2026-09-25 03:11:00,VoIP,Normal,77,12,0,1,0,10,Spam
MSG11819,admin@college.edu.in,user_382@example.com,Exclusive VIP pass for tech conference! Claim your free seat at http://techvip-pass.com,2026-09-05 11:47:00,WhatsApp,Spam,87,15,0,6,1,4,Spam
MSG11820,+919988776655,+919123450367,Earn $500/day working from home with no investment required! Sign up at http://easycash.net,2026-09-04 02:28:00,WhatsApp,Spam,91,16,3,7,1,1,Spam
MSG11824,+917766554433,user_468@example.com,"Hey bro, did you complete the Hadoop installation step on your laptop?",2026-09-10 04:46:00,VoIP,Normal,70,12,0,2,0,11,Spam
MSG11825,refund@tax-gov.org,user_100@example.com,"Your salary payment of $3,200 was credited to your bank account #8912. Statement at https://mybank.com/stmt",2026-09-19 20:44:00,WhatsApp,Normal,107,19,8,9,1,3,Fraud
MSG11827,alerts@security-update.org,user_274@example.com,"Your salary payment of $3,200 was credited to your bank account #8912. Statement at https://mybank.com/stmt",2026-09-24 05:28:00,WhatsApp,Normal,107,19,8,9,1,3,Fraud
MSG11830,refund@tax-gov.org,+919123450275,Flat 50% discount on online coding courses! Limited seats remaining. Enrol today at www.learnfast.org,2026-09-10 03:27:00,Email,Spam,101,16,2,5,1,11,Spam
MSG11833,support@bank-verify.net,user_180@example.com,Our project advisor offered extra lab hours for Apache Spark model tuning.,2026-09-16 03:43:00,Email,Normal,74,12,0,1,0,9,Spam
MSG11835,student1@somaiya.edu,+919123450289,SECURITY ALERT: Your net banking account #7819 was accessed from suspicious IP. Call customer care +919876543210 immediately to unblock.,2026-09-15 06:29:00,Email,Fraud,136,19,16,5,0,16,Spam
MSG11838,admin@college.edu.in,+919123450109,Exclusive loan offer at 0% interest rate! Apply instantly at http://quickloan-approval.com,2026-09-10 19:51:00,Email,Spam,90,14,1,7,1,3,Spam
MSG11839,offers@megasale.xyz,user_112@example.com,Get instant credit score check for FREE! No hidden charges. Visit http://free-credit-check.org,2026-09-20 18:56:00,WhatsApp,Spam,94,16,0,8,1,4,Spam
MSG11841,friend@gmail.com,+919123450469,The professor updated the syllabus on the college portal. Check https://portal.somaiya.edu/syllabus,2026-09-03 10:14:00,VoIP,Normal,99,15,0,7,1,10,Spam
MSG11842,friend@gmail.com,+919123450227,Limited time clearance sale! Up to 90% off electronics at http://mega-sale-online.com,2026-09-18 09:37:00,WhatsApp,Spam,85,15,2,8,1,10,Spam
MSG11844,+918877665544,user_266@example.com,ATTENTION: Your electricity bill of $240 is unpaid. Power supply will be disconnected at 9 PM. Pay immediately at http://power-bill-pay.com or call 9876543210!,2026-09-08 05:46:00,VoIP,Fraud,159,27,14,11,1,22,Fraud
MSG11845,info@superdeals.com,+919123450387,BANK NOTICE: Your account #4092 is suspended. Please verify identity at nearest branch or call +919988776655.,2026-09-21 06:41:00,SMS,Fraud,109,16,16,5,0,9,Spam
MSG11846,admin@college.edu.in,+919123450385,"Hey bro, did you complete the Hadoop installation step on your laptop?",2026-09-02 07:52:00,WhatsApp,Normal,70,12,0,2,0,11,Spam
MSG11847,suresh.driver@uber.com,user_284@example.com,Our project advisor offered extra lab hours for Apache Spark model tuning. Note ref: #904,2026-09-11 02:37:00,VoIP,Normal,89,15,3,3,0,12,Spam
MSG11848,offers@megasale.xyz,user_270@example.com,Good morning! Hope you have a productive week ahead.,2026-09-13 02:55:00,Email,Normal,52,9,0,2,0,8,Spam
MSG11849,+919988776655,+919123450161,The store issued a full refund of $35 for your returned item.,2026-09-20 18:45:00,VoIP,Normal,61,12,2,2,0,6,Spam
MSG11853,+918877665544,+919123450393,The exam timetable for 7th semester engineering has been published on portal.,2026-09-10 00:30:00,VoIP,Normal,77,12,1,1,0,11,Spam
MSG11855,refund@tax-gov.org,user_370@example.com,"Your salary payment of $3,200 was credited to your bank account #8912. Statement at https://mybank.com/stmt",2026-09-02 07:27:00,VoIP,Normal,107,19,8,9,1,3,Fraud
MSG11856,kyc-alert@fast-verify.com,+919123450109,Happy Birthday! Hope you have a fantastic day ahead with family. Note ref: #948,2026-09-11 14:00:00,SMS,Normal,79,14,3,4,0,13,Spam
MSG11860,suresh.driver@uber.com,+919123450217,Can you send me the practical lab manual for Apache Spark?,2026-09-10 12:18:00,Email,Normal,58,11,0,1,0,10,Spam
MSG11862,kyc-alert@fast-verify.com,+919123450113,Good morning! Hope you have a productive week ahead.,2026-09-10 19:49:00,VoIP,Normal,52,9,0,2,0,8,Spam
MSG11865,offers@megasale.xyz,+919123450483,Here is the Zoom link for today's Big Data workshop: https://zoom.us/j/9812345678 Passcode: 102938,2026-09-20 05:25:00,WhatsApp,Normal,98,18,16,9,1,12,Fraud
MSG11866,offers@megasale.xyz,user_344@example.com,Can you send me the practical lab manual for Apache Spark?,2026-09-24 11:40:00,WhatsApp,Normal,58,11,0,1,0,10,Spam
MSG11867,service@amazon.in,user_304@example.com,Good morning! Hope you have a productive week ahead. Note ref: #489,2026-09-17 11:24:00,SMS,Normal,67,12,3,4,0,11,Spam
MSG11870,support@bank-verify.net,+919123450389,Hot summer deal! Flight tickets starting at just $49! Book now at http://cheapflights.net Code: 5079,2026-09-07 03:45:00,SMS,Spam,100,17,6,8,1,14,Fraud
MSG11871,+919876543210,+919123450131,"Hi Team, the project review meeting has been rescheduled to tomorrow morning at 10 AM.",2026-09-14 16:07:00,Email,Normal,86,15,2,2,0,14,Spam
MSG11877,+917766554433,+919123450343,The professor updated the syllabus on the college portal. Check https://portal.somaiya.edu/syllabus Note ref: #167,2026-09-20 05:22:00,VoIP,Normal,114,18,3,9,1,13,Fraud
MSG11878,+919820112233,+919123450259,Your Paytm wallet is restricted due to incomplete e-KYC. Reply with OTP code 882910 to unblock immediately.,2026-09-22 16:48:00,VoIP,Fraud,107,18,6,3,0,7,Spam
MSG11879,offers@megasale.xyz,user_414@example.com,URGENT SECURITY: Your WhatsApp account code is 918-243. Never share this code with anyone. Click http://whatsapp-verify-security.com to protect. Case: #96032,2026-09-23 01:52:00,SMS,Fraud,157,25,11,13,1,6,Fraud
MSG11880,alerts@security-update.org,+919123450363,"Hey bro, did you complete the Hadoop installation step on your laptop?",2026-09-07 19:45:00,Email,Normal,70,12,0,2,0,11,Spam
MSG11881,kyc-alert@fast-verify.com,user_244@example.com,Can you send me the practical lab manual for Apache Spark?,2026-09-12 16:49:00,SMS,Normal,58,11,0,1,0,10,Spam
MSG11885,alerts@security-update.org,user_182@example.com,"Win a jackpot of $10,000 in our lucky draw! Text WIN to 58888 now to enter! Code: 1558",2026-09-16 00:17:00,VoIP,Spam,86,19,14,5,0,15,Spam
MSG11886,offers@megasale.xyz,user_196@example.com,Here is the Zoom link for today's Big Data workshop: https://zoom.us/j/9812345678 Passcode: 102938,2026-09-21 21:49:00,VoIP,Normal,98,18,16,9,1,12,Fraud
MSG11887,refund@tax-gov.org,user_160@example.com,SBI URGENT: Download SBI Safety App APK immediately from http://sbi-secure-app.xyz to prevent account hacking!,2026-09-24 17:57:00,WhatsApp,Fraud,110,18,0,8,1,8,Spam
MSG11888,support@bank-verify.net,user_230@example.com,PRIZE WINNER ALERT: You won 25 Lakh INR in KBC Lucky Draw! Deposit processing fee of $200 at http://kbc-prize-claim.xyz to release funds!,2026-09-23 12:19:00,WhatsApp,Fraud,137,26,5,10,1,9,Fraud
MSG11890,+919988776655,user_148@example.com,Try our new weight loss supplement for FREE! Order trial pack at www.fitlife.net,2026-09-22 03:38:00,Email,Spam,80,15,0,3,1,6,Spam
MSG11891,student1@somaiya.edu,user_164@example.com,Flat 50% discount on online coding courses! Limited seats remaining. Enrol today at www.learnfast.org,2026-09-15 07:21:00,WhatsApp,Spam,101,16,2,5,1,11,Spam
MSG11892,+918877665544,user_358@example.com,Please verify your attendance record on the college ERP portal before Friday.,2026-09-19 10:14:00,Email,Normal,77,12,0,1,0,10,Spam
MSG11893,alerts@security-update.org,+919123450497,Special discount on summer online courses. Limited seats available today! Call 1800-9988-77.,2026-09-10 09:00:00,SMS,Spam,92,14,10,5,0,10,Spam
MSG11896,alerts@security-update.org,user_484@example.com,Thanks for sharing the study notes for the upcoming viva exams.,2026-09-25 22:43:00,Email,Normal,63,11,0,1,0,10,Spam
MSG11897,info@superdeals.com,user_242@example.com,URGENT: Income tax department flagged your account for unpaid dues. Contact officer at +919820112233.,2026-09-19 13:51:00,SMS,Fraud,101,14,12,4,0,13,Spam
MSG11903,colleague@vti.edu.in,+919123450259,Hot summer deal! Flight tickets starting at just $49! Book now at http://cheapflights.net Code: 2921,2026-09-22 18:34:00,SMS,Spam,100,17,6,8,1,14,Fraud
MSG11904,+917766554433,+919123450377,Good morning! Hope you have a productive week ahead.,2026-09-08 07:51:00,VoIP,Normal,52,9,0,2,0,8,Spam
MSG11905,suresh.driver@uber.com,+919123450239,Our project advisor offered extra lab hours for Apache Spark model tuning.,2026-09-18 16:42:00,SMS,Normal,74,12,0,1,0,9,Spam
MSG11906,service@amazon.in,+919123450399,Get instant credit score check for FREE! No hidden charges. Visit http://free-credit-check.org Code: 8643,2026-09-23 12:15:00,Email,Spam,105,18,4,9,1,6,Fraud
MSG11908,service@amazon.in,+919123450315,SECURITY ALERT: Your net banking account #7819 was accessed from suspicious IP. Call customer care +919876543210 immediately to unblock.,2026-09-06 02:53:00,SMS,Fraud,136,19,16,5,0,16,Spam
MSG11910,+918877665544,user_106@example.com,Get instant credit score check for FREE! No hidden charges. Visit http://free-credit-check.org,2026-09-23 10:20:00,SMS,Spam,94,16,0,8,1,4,Spam
MSG11913,+917766554433,user_394@example.com,Claim your $100 shopping voucher today! Reply CLAIM to 56767 to activate.,2026-09-06 16:18:00,SMS,Spam,73,12,8,3,0,5,Spam
MSG11914,service@amazon.in,+919123450301,INCOME TAX WARNING: Legal action initiated against your PAN for tax evasion. Call immediately at +91-9988776655 to settle compliance.,2026-09-17 03:20:00,SMS,Fraud,133,20,12,5,0,10,Spam
MSG11916,support@bank-verify.net,user_112@example.com,CONGRATS! You have won a free iPhone 15 Pro Max! Click http://win-iphone.xyz to claim now!,2026-09-05 19:55:00,WhatsApp,Spam,90,18,2,8,1,3,Spam
MSG11917,refund@tax-gov.org,+919123450229,"Hi, please check your email or visit https://github.com/mumbai-univ/big-data-proj for project slides.",2026-09-16 23:47:00,WhatsApp,Normal,101,18,0,11,1,10,Spam
MSG11918,+919876543210,user_266@example.com,The professor updated the syllabus on the college portal. Check https://portal.somaiya.edu/syllabus,2026-09-13 07:27:00,VoIP,Normal,99,15,0,7,1,10,Spam
MSG11919,suresh.driver@uber.com,+919123450479,"Win a jackpot of $10,000 in our lucky draw! Text WIN to 58888 now to enter!",2026-09-17 04:41:00,VoIP,Spam,75,17,10,4,0,13,Spam
MSG11920,+918877665544,user_270@example.com,"Win a jackpot of $10,000 in our lucky draw! Text WIN to 58888 now to enter!",2026-09-25 19:53:00,WhatsApp,Spam,75,17,10,4,0,13,Spam
MSG11923,support@bank-verify.net,user_186@example.com,Good morning! Hope you have a productive week ahead.,2026-09-02 01:23:00,WhatsApp,Normal,52,9,0,2,0,8,Spam
MSG11924,colleague@vti.edu.in,user_458@example.com,"Hey bro, did you complete the Hadoop installation step on your laptop?",2026-09-25 19:55:00,WhatsApp,Normal,70,12,0,2,0,11,Spam
MSG11926,offers@megasale.xyz,+919123450303,ALERT: Your Paytm Wallet has been restricted. Share your OTP 482910 with our support agent to unblock your wallet instantly.,2026-09-18 20:47:00,Email,Fraud,124,20,6,3,0,12,Spam
MSG11927,student1@somaiya.edu,user_414@example.com,The store issued a full refund of $35 for your returned item.,2026-09-16 01:42:00,SMS,Normal,61,12,2,2,0,6,Spam
MSG11929,alerts@security-update.org,+919123450225,The professor updated the syllabus on the college portal. Check https://portal.somaiya.edu/syllabus,2026-09-21 08:59:00,Email,Normal,99,15,0,7,1,10,Spam
MSG11930,alerts@security-update.org,user_110@example.com,Unsubscribe from daily promotional alerts by clicking http://optout-deals.com or replying STOP. Code: 5862,2026-09-21 07:27:00,VoIP,Spam,106,16,4,7,1,9,Fraud
MSG11932,kyc-alert@fast-verify.com,user_482@example.com,"Your salary payment of $3,200 was credited to your bank account #8912. Statement at https://mybank.com/stmt",2026-09-17 21:33:00,WhatsApp,Normal,107,19,8,9,1,3,Fraud
MSG11936,alerts@security-update.org,user_338@example.com,Free home delivery on all grocery orders above $30. Order now at local store!,2026-09-03 18:06:00,WhatsApp,Spam,77,14,2,3,0,13,Spam
MSG11938,offers@megasale.xyz,user_344@example.com,Please verify your attendance record on the college ERP portal before Friday.,2026-09-04 05:39:00,Email,Normal,77,12,0,1,0,10,Spam
MSG11941,suresh.driver@uber.com,+919123450219,My bank branch is closed tomorrow due to a public holiday.,2026-09-07 21:32:00,VoIP,Normal,58,11,0,1,0,9,Spam
MSG11942,+919820112233,user_412@example.com,Claim your $100 shopping voucher today! Reply CLAIM to 56767 to activate.,2026-09-17 15:24:00,SMS,Spam,73,12,8,3,0,5,Spam
MSG11946,student1@somaiya.edu,+919123450281,Your Amazon order #408-1928374 of $45.50 has been delivered. Track at https://www.amazon.in/order-tracking,2026-09-20 22:04:00,Email,Normal,106,19,14,12,1,11,Fraud
MSG11948,+917766554433,user_368@example.com,URGENT: Your bank account will be blocked within 24 hours due to missing PAN card details. Update immediately at http://bank-pan-verification.org,2026-09-02 06:16:00,WhatsApp,Fraud,145,24,2,8,1,4,Spam
MSG11950,kyc-alert@fast-verify.com,user_256@example.com,The exam timetable for 7th semester engineering has been published on portal. Note ref: #434,2026-09-18 09:25:00,SMS,Normal,92,15,4,3,0,14,Spam
MSG11951,friend@gmail.com,+919123450193,"TAX REFUND NOTICE: You are eligible for an income tax refund of $1,450. Click http://income-tax-refund-portal.net to claim your refund to bank account.",2026-09-17 01:06:00,Email,Fraud,151,28,4,12,1,11,Fraud
MSG11952,offers@megasale.xyz,+919123450393,I paid the exam registration fee of $120 via net banking. Transaction ID #TXN98123.,2026-09-21 09:21:00,Email,Normal,83,14,8,4,0,4,Spam
MSG11953,refund@tax-gov.org,+919123450115,"Win a jackpot of $10,000 in our lucky draw! Text WIN to 58888 now to enter!",2026-09-25 19:11:00,SMS,Spam,75,17,10,4,0,13,Spam
MSG11954,student1@somaiya.edu,+919123450249,ATTENTION: Your electricity bill of $240 is unpaid. Power supply will be disconnected at 9 PM. Pay immediately at http://power-bill-pay.com or call 9876543210!,2026-09-17 05:15:00,SMS,Fraud,159,27,14,11,1,22,Fraud
MSG11962,student1@somaiya.edu,user_494@example.com,"Congratulations! Your mobile number won 50,000 reward points! Redeem at www.rewardpoints.com",2026-09-25 08:13:00,SMS,Spam,92,14,5,5,1,6,Fraud
MSG11963,student1@somaiya.edu,user_400@example.com,Unsubscribe from daily promotional alerts by clicking http://optout-deals.com or replying STOP.,2026-09-15 14:35:00,Email,Spam,95,14,0,6,1,7,Spam
MSG11964,kyc-alert@fast-verify.com,user_196@example.com,Free home delivery on all grocery orders above $30. Order now at local store! Code: 5963,2026-09-25 19:22:00,WhatsApp,Spam,88,16,6,4,0,15,Spam
MSG11965,colleague@vti.edu.in,user_368@example.com,I paid the exam registration fee of $120 via net banking. Transaction ID #TXN98123.,2026-09-24 11:41:00,Email,Normal,83,14,8,4,0,4,Spam
MSG11968,+917766554433,user_248@example.com,"FRAUD ALERT: Suspicious transaction of $899 detected on your Credit Card ending 4321. If not done by you, verify details at http://card-security-alert.net",2026-09-12 06:34:00,SMS,Fraud,154,26,7,10,1,4,Fraud
MSG11969,kyc-alert@fast-verify.com,user_216@example.com,Hot summer deal! Flight tickets starting at just $49! Book now at http://cheapflights.net,2026-09-19 15:02:00,WhatsApp,Spam,89,15,2,7,1,12,Spam
MSG11970,admin@college.edu.in,user_316@example.com,"Hi Team, the project review meeting has been rescheduled to tomorrow morning at 10 AM.",2026-09-10 15:46:00,WhatsApp,Normal,86,15,2,2,0,14,Spam
MSG11971,+919820112233,user_312@example.com,URGENT SECURITY: Your WhatsApp account code is 918-243. Never share this code with anyone. Click http://whatsapp-verify-security.com to protect.,2026-09-18 11:55:00,VoIP,Fraud,144,23,6,11,1,4,Fraud
MSG11974,suresh.driver@uber.com,+919123450185,Here is the Zoom link for today's Big Data workshop: https://zoom.us/j/9812345678 Passcode: 102938 Note ref: #649,2026-09-19 10:56:00,WhatsApp,Normal,113,21,19,11,1,15,Fraud
MSG11976,friend@gmail.com,user_202@example.com,Unsubscribe from daily promotional alerts by clicking http://optout-deals.com or replying STOP.,2026-09-24 22:02:00,Email,Spam,95,14,0,6,1,7,Spam
MSG11978,+918877665544,+919123450223,Our project advisor offered extra lab hours for Apache Spark model tuning.,2026-09-18 05:07:00,VoIP,Normal,74,12,0,1,0,9,Spam
MSG11982,info@superdeals.com,+919123450271,URGENT: Your debit card PIN was entered incorrectly 3 times. Visit your local bank branch or call 1800-112-211 immediately. Case: #34112,2026-09-02 11:38:00,VoIP,Fraud,136,23,16,7,0,9,Spam
MSG11983,colleague@vti.edu.in,+919123450247,URGENT: Your bank account will be blocked within 24 hours due to missing PAN card details. Update immediately at http://bank-pan-verification.org,2026-09-07 20:35:00,Email,Fraud,145,24,2,8,1,4,Spam
MSG11984,+918877665544,+919123450309,Your Amazon order #408-1928374 of $45.50 has been delivered. Track at https://www.amazon.in/order-tracking Note ref: #801,2026-09-09 01:35:00,SMS,Normal,121,22,17,14,1,14,Fraud
MSG11986,+917766554433,user_214@example.com,"Hey bro, did you complete the Hadoop installation step on your laptop? Note ref: #496",2026-09-26 03:55:00,SMS,Normal,85,15,3,4,0,14,Spam
MSG11987,friend@gmail.com,user_392@example.com,"Your salary payment of $3,200 was credited to your bank account #8912. Statement at https://mybank.com/stmt",2026-09-14 04:31:00,VoIP,Normal,107,19,8,9,1,3,Fraud
MSG11988,alerts@security-update.org,+919123450449,Limited time clearance sale! Up to 90% off electronics at http://mega-sale-online.com,2026-09-12 17:06:00,VoIP,Spam,85,15,2,8,1,10,Spam
MSG11989,+919988776655,user_332@example.com,"Your salary payment of $3,200 was credited to your bank account #8912. Statement at https://mybank.com/stmt",2026-09-11 12:29:00,WhatsApp,Normal,107,19,8,9,1,3,Fraud
MSG11991,+919988776655,+919123450121,Try our new weight loss supplement for FREE! Order trial pack at www.fitlife.net,2026-09-20 00:14:00,VoIP,Spam,80,15,0,3,1,6,Spam
MSG11993,refund@tax-gov.org,+919123450475,FINAL NOTICE: Court summons issued for unpaid loan. Contact advocate immediately or visit http://legal-notice-portal.com to avoid arrest.,2026-09-21 12:50:00,VoIP,Fraud,137,21,0,9,1,3,Spam
MSG11995,info@superdeals.com,+919123450391,Unsubscribe from daily promotional alerts by clicking http://optout-deals.com or replying STOP.,2026-09-17 20:56:00,Email,Spam,95,14,0,6,1,7,Spam
MSG11997,refund@tax-gov.org,+919123450253,Here is the Zoom link for today's Big Data workshop: https://zoom.us/j/9812345678 Passcode: 102938 Note ref: #767,2026-09-03 15:34:00,VoIP,Normal,113,21,19,11,1,15,Fraud
MSG12000,kyc-alert@fast-verify.com,user_394@example.com,BANK NOTICE: Your account #4092 is suspended. Please verify identity at nearest branch or call +919988776655.,2026-09-08 04:35:00,Email,Fraud,109,16,16,5,0,9,Spam
MSG12003,+919876543210,+919123450269,"Hey, are we still meeting for the Big Data lecture at 2 PM in Lab 304?",2026-09-15 14:12:00,SMS,Normal,70,16,4,2,0,15,Spam
MSG12004,+919988776655,+919123450209,BANK ALERT: Your debit card has been disabled due to wrong PIN entries. Reactivate your card immediately at http://debitcard-activate-now.com,2026-09-04 08:06:00,WhatsApp,Fraud,141,23,0,8,1,4,Spam
MSG12006,support@bank-verify.net,+919123450177,Don't forget to submit the assignment before midnight today.,2026-09-20 05:29:00,Email,Normal,60,10,0,2,0,8,Spam
MSG12008,+917766554433,user_486@example.com,ALERT: Your Paytm Wallet has been restricted. Share your OTP 482910 with our support agent to unblock your wallet instantly.,2026-09-07 12:06:00,SMS,Fraud,124,20,6,3,0,12,Spam
MSG12011,+918877665544,user_190@example.com,URGENT: Your bank account will be blocked within 24 hours due to missing PAN card details. Update immediately at http://bank-pan-verification.org,2026-09-14 23:47:00,Email,Fraud,145,24,2,8,1,4,Spam
MSG12012,suresh.driver@uber.com,+919123450249,Exclusive loan offer at 0% interest rate! Apply instantly at http://quickloan-approval.com Code: 4229,2026-09-17 11:26:00,SMS,Spam,101,16,5,8,1,5,Fraud
MSG12014,+919820112233,user_350@example.com,The exam timetable for 7th semester engineering has been published on portal.,2026-09-08 22:16:00,WhatsApp,Normal,77,12,1,1,0,11,Spam
MSG12015,admin@college.edu.in,+919123450329,The professor updated the syllabus on the college portal. Check https://portal.somaiya.edu/syllabus,2026-09-16 16:39:00,VoIP,Normal,99,15,0,7,1,10,Spam
MSG12016,refund@tax-gov.org,+919123450437,The store issued a full refund of $35 for your returned item.,2026-09-16 11:38:00,SMS,Normal,61,12,2,2,0,6,Spam
MSG12017,+919820112233,user_476@example.com,"Hi Team, the project review meeting has been rescheduled to tomorrow morning at 10 AM.",2026-09-15 02:38:00,SMS,Normal,86,15,2,2,0,14,Spam
MSG12021,suresh.driver@uber.com,user_360@example.com,URGENT: Your bank account will be blocked within 24 hours due to missing PAN card details. Update immediately at http://bank-pan-verification.org,2026-09-02 09:07:00,SMS,Fraud,145,24,2,8,1,4,Spam
MSG12024,refund@tax-gov.org,+919123450423,URGENT: Income tax department flagged your account for unpaid dues. Contact officer at +919820112233. Case: #86382,2026-09-06 03:35:00,WhatsApp,Fraud,114,16,17,6,0,15,Spam
MSG12026,alerts@security-update.org,+919123450207,Can you send me the practical lab manual for Apache Spark? Note ref: #910,2026-09-04 22:44:00,SMS,Normal,73,14,3,3,0,13,Spam
MSG12028,+919876543210,user_326@example.com,The store issued a full refund of $35 for your returned item.,2026-09-24 10:25:00,Email,Normal,61,12,2,2,0,6,Spam
MSG12029,admin@college.edu.in,+919123450173,Thanks for sharing the study notes for the upcoming viva exams.,2026-09-06 23:27:00,Email,Normal,63,11,0,1,0,10,Spam
MSG12030,suresh.driver@uber.com,+919123450487,Earn $500/day working from home with no investment required! Sign up at http://easycash.net,2026-09-08 17:24:00,Email,Spam,91,16,3,7,1,1,Spam
MSG12032,colleague@vti.edu.in,+919123450103,Your Uber ride is arriving in 3 minutes. Driver: Suresh (MH-02-AB-1234).,2026-09-14 03:25:00,WhatsApp,Normal,72,14,7,8,0,10,Spam
MSG12034,refund@tax-gov.org,user_106@example.com,Our project advisor offered extra lab hours for Apache Spark model tuning.,2026-09-15 19:46:00,SMS,Normal,74,12,0,1,0,9,Spam
MSG12038,kyc-alert@fast-verify.com,+919123450337,Good morning! Hope you have a productive week ahead.,2026-09-21 21:53:00,VoIP,Normal,52,9,0,2,0,8,Spam
MSG12039,service@amazon.in,user_112@example.com,The store issued a full refund of $35 for your returned item.,2026-09-15 17:56:00,Email,Normal,61,12,2,2,0,6,Spam
MSG12040,offers@megasale.xyz,+919123450107,"Your salary payment of $3,200 was credited to your bank account #8912. Statement at https://mybank.com/stmt",2026-09-09 04:43:00,VoIP,Normal,107,19,8,9,1,3,Fraud
MSG12042,support@bank-verify.net,+919123450255,Are you available for a quick phone call regarding the group project? Note ref: #501,2026-09-11 16:45:00,WhatsApp,Normal,84,15,3,3,0,14,Spam
MSG12044,+917766554433,user_134@example.com,SECURITY NOTICE: Your SBI net banking account was accessed from unauthorized location. Click http://sbi-login-verify.com to secure your account immediately!,2026-09-23 00:41:00,WhatsApp,Fraud,156,23,0,9,1,11,Spam
MSG12045,friend@gmail.com,user_210@example.com,Exclusive loan offer at 0% interest rate! Apply instantly at http://quickloan-approval.com,2026-09-23 15:45:00,VoIP,Spam,90,14,1,7,1,3,Spam
MSG12047,suresh.driver@uber.com,+919123450471,Super offer! Get unlimited streaming for just $5 per month. Sign up today. Code: 5618,2026-09-07 03:57:00,WhatsApp,Spam,85,15,5,5,0,14,Spam
MSG12048,offers@megasale.xyz,+919123450313,Here is the Zoom link for today's Big Data workshop: https://zoom.us/j/9812345678 Passcode: 102938 Note ref: #557,2026-09-10 20:46:00,Email,Normal,113,21,19,11,1,15,Fraud
MSG12050,info@superdeals.com,+919123450165,"Hey bro, did you complete the Hadoop installation step on your laptop?",2026-09-11 18:02:00,WhatsApp,Normal,70,12,0,2,0,11,Spam
MSG12051,alerts@security-update.org,user_350@example.com,Super offer! Get unlimited streaming for just $5 per month. Sign up today.,2026-09-02 05:11:00,VoIP,Spam,74,13,1,4,0,12,Spam
MSG12054,offers@megasale.xyz,user_498@example.com,Get instant credit score check for FREE! No hidden charges. Visit http://free-credit-check.org,2026-09-22 21:27:00,SMS,Spam,94,16,0,8,1,4,Spam
MSG12056,info@superdeals.com,user_430@example.com,SECURITY ALERT: Your net banking account #7819 was accessed from suspicious IP. Call customer care +919876543210 immediately to unblock.,2026-09-06 19:28:00,Email,Fraud,136,19,16,5,0,16,Spam
MSG12061,refund@tax-gov.org,+919123450241,Flat 50% discount on online coding courses! Limited seats remaining. Enrol today at www.learnfast.org,2026-09-21 23:09:00,Email,Spam,101,16,2,5,1,11,Spam
MSG12062,+919820112233,+919123450163,"Hey bro, did you complete the Hadoop installation step on your laptop?",2026-09-16 04:39:00,SMS,Normal,70,12,0,2,0,11,Spam
MSG12063,kyc-alert@fast-verify.com,+919123450381,Your Uber ride is arriving in 3 minutes. Driver: Suresh (MH-02-AB-1234).,2026-09-21 02:19:00,SMS,Normal,72,14,7,8,0,10,Spam
MSG12067,suresh.driver@uber.com,+919123450141,Your Uber ride is arriving in 3 minutes. Driver: Suresh (MH-02-AB-1234).,2026-09-16 23:16:00,VoIP,Normal,72,14,7,8,0,10,Spam
MSG12068,+919876543210,user_368@example.com,BIG WEEKEND SALE! Get 50% discount on all branded apparel! Reply YES for coupon code.,2026-09-19 08:31:00,VoIP,Spam,85,15,2,4,0,9,Spam
MSG12069,info@superdeals.com,+919123450329,Free home delivery on all grocery orders above $30. Order now at local store!,2026-09-06 13:52:00,Email,Spam,77,14,2,3,0,13,Spam
MSG12073,service@amazon.in,+919123450381,Happy Birthday! Hope you have a fantastic day ahead with family.,2026-09-03 03:49:00,SMS,Normal,64,11,0,2,0,10,Spam
MSG12078,refund@tax-gov.org,user_114@example.com,"URGENT: Your Amazon account has been locked due to suspicious purchase of $1,200. Verify identity at http://amazon-account-security-check.com Case: #47405",2026-09-24 15:01:00,VoIP,Fraud,154,25,9,13,1,6,Fraud
MSG12081,alerts@security-update.org,user_390@example.com,Please find attached the project submission guidelines for Semester 7.,2026-09-11 04:48:00,WhatsApp,Normal,70,10,1,1,0,9,Spam
MSG12083,refund@tax-gov.org,user_300@example.com,"URGENT: Your Amazon account has been locked due to suspicious purchase of $1,200. Verify identity at http://amazon-account-security-check.com",2026-09-23 17:02:00,Email,Fraud,141,23,4,11,1,4,Fraud
MSG12085,admin@college.edu.in,user_100@example.com,URGENT: Income tax department flagged your account for unpaid dues. Contact officer at +919820112233. Case: #11469,2026-09-21 14:07:00,WhatsApp,Fraud,114,16,17,6,0,15,Spam
MSG12086,+917766554433,+919123450127,"Hey bro, did you complete the Hadoop installation step on your laptop?",2026-09-11 03:10:00,WhatsApp,Normal,70,12,0,2,0,11,Spam
MSG12087,offers@megasale.xyz,user_138@example.com,Try our new weight loss supplement for FREE! Order trial pack at www.fitlife.net,2026-09-20 08:00:00,WhatsApp,Spam,80,15,0,3,1,6,Spam
MSG12088,+917766554433,user_254@example.com,"Congratulations! Your mobile number won 50,000 reward points! Redeem at www.rewardpoints.com",2026-09-13 06:57:00,Email,Spam,92,14,5,5,1,6,Fraud
MSG12089,+919820112233,+919123450343,Are you available for a quick phone call regarding the group project?,2026-09-01 23:40:00,Email,Normal,69,12,0,1,0,11,Spam
MSG12091,+918877665544,+919123450303,My bank branch is closed tomorrow due to a public holiday.,2026-09-02 16:39:00,VoIP,Normal,58,11,0,1,0,9,Spam
MSG12095,alerts@security-update.org,user_466@example.com,My bank branch is closed tomorrow due to a public holiday.,2026-09-14 08:57:00,SMS,Normal,58,11,0,1,0,9,Spam
MSG12096,friend@gmail.com,user_378@example.com,Meeting confirmed for tomorrow at 11 AM in Lab 304.,2026-09-18 07:42:00,Email,Normal,51,10,5,1,0,9,Spam
MSG12099,service@amazon.in,user_284@example.com,BIG WEEKEND SALE! Get 50% discount on all branded apparel! Reply YES for coupon code.,2026-09-05 06:25:00,VoIP,Spam,85,15,2,4,0,9,Spam
MSG12102,+919988776655,+919123450205,The store issued a full refund of $35 for your returned item.,2026-09-05 01:17:00,VoIP,Normal,61,12,2,2,0,6,Spam
MSG12103,+919876543210,user_366@example.com,Flat 50% discount on online coding courses! Limited seats remaining. Enrol today at www.learnfast.org,2026-09-01 12:24:00,SMS,Spam,101,16,2,5,1,11,Spam
MSG12105,offers@megasale.xyz,user_380@example.com,Your Amazon order #408-1928374 of $45.50 has been delivered. Track at https://www.amazon.in/order-tracking,2026-09-25 03:23:00,VoIP,Normal,106,19,14,12,1,11,Fraud
MSG12106,offers@megasale.xyz,+919123450483,Limited time clearance sale! Up to 90% off electronics at http://mega-sale-online.com,2026-09-06 04:14:00,VoIP,Spam,85,15,2,8,1,10,Spam
MSG12107,info@superdeals.com,user_466@example.com,"Your salary payment of $3,200 was credited to your bank account #8912. Statement at https://mybank.com/stmt",2026-09-24 07:03:00,SMS,Normal,107,19,8,9,1,3,Fraud
MSG12108,student1@somaiya.edu,+919123450223,BIG WEEKEND SALE! Get 50% discount on all branded apparel! Reply YES for coupon code. Code: 2183,2026-09-15 02:48:00,VoIP,Spam,96,17,6,5,0,11,Spam
MSG12109,info@superdeals.com,user_112@example.com,Free home delivery on all grocery orders above $30. Order now at local store!,2026-09-02 17:58:00,SMS,Spam,77,14,2,3,0,13,Spam
MSG12112,friend@gmail.com,+919123450425,Are you available for a quick phone call regarding the group project?,2026-09-23 16:40:00,SMS,Normal,69,12,0,1,0,11,Spam
MSG12114,offers@megasale.xyz,user_450@example.com,Flat 50% discount on online coding courses! Limited seats remaining. Enrol today at www.learnfast.org,2026-09-02 13:50:00,VoIP,Spam,101,16,2,5,1,11,Spam
MSG12115,+918877665544,+919123450343,Here is the Zoom link for today's Big Data workshop: https://zoom.us/j/9812345678 Passcode: 102938,2026-09-26 01:54:00,WhatsApp,Normal,98,18,16,9,1,12,Fraud
MSG12116,+917766554433,user_332@example.com,The professor updated the syllabus on the college portal. Check https://portal.somaiya.edu/syllabus,2026-09-16 16:30:00,VoIP,Normal,99,15,0,7,1,10,Spam
MSG12120,support@bank-verify.net,+919123450331,My bank branch is closed tomorrow due to a public holiday.,2026-09-08 17:45:00,WhatsApp,Normal,58,11,0,1,0,9,Spam
MSG12122,kyc-alert@fast-verify.com,+919123450497,Here is the Zoom link for today's Big Data workshop: https://zoom.us/j/9812345678 Passcode: 102938,2026-09-18 11:28:00,Email,Normal,98,18,16,9,1,12,Fraud
MSG12124,+919820112233,user_324@example.com,"Hi Team, the project review meeting has been rescheduled to tomorrow morning at 10 AM.",2026-09-18 00:30:00,VoIP,Normal,86,15,2,2,0,14,Spam
MSG12126,service@amazon.in,user_134@example.com,Let's grab lunch after the distributed systems lab session.,2026-09-05 07:17:00,SMS,Normal,59,10,0,2,0,8,Spam
MSG12128,info@superdeals.com,user_328@example.com,Thanks for sharing the study notes for the upcoming viva exams. Note ref: #291,2026-09-13 07:16:00,WhatsApp,Normal,78,14,3,3,0,13,Spam
MSG12134,colleague@vti.edu.in,user_174@example.com,URGENT: Your bank account will be blocked within 24 hours due to missing PAN card details. Update immediately at http://bank-pan-verification.org Case: #26640,2026-09-23 01:45:00,SMS,Fraud,158,26,7,10,1,6,Fraud
MSG12139,+918877665544,+919123450321,Happy Birthday! Hope you have a fantastic day ahead with family.,2026-09-20 07:49:00,SMS,Normal,64,11,0,2,0,10,Spam
MSG12140,+919988776655,+919123450495,Can you send me the practical lab manual for Apache Spark?,2026-09-18 03:36:00,SMS,Normal,58,11,0,1,0,10,Spam
MSG12142,kyc-alert@fast-verify.com,+919123450487,SECURITY ALERT: Your net banking account #7819 was accessed from suspicious IP. Call customer care +919876543210 immediately to unblock.,2026-09-22 16:37:00,Email,Fraud,136,19,16,5,0,16,Spam
MSG12143,suresh.driver@uber.com,user_372@example.com,My bank branch is closed tomorrow due to a public holiday.,2026-09-12 18:48:00,SMS,Normal,58,11,0,1,0,9,Spam
MSG12144,colleague@vti.edu.in,user_216@example.com,Get instant credit score check for FREE! No hidden charges. Visit http://free-credit-check.org,2026-09-16 02:04:00,WhatsApp,Spam,94,16,0,8,1,4,Spam
MSG12145,student1@somaiya.edu,user_198@example.com,BANK NOTICE: Your account #4092 is suspended. Please verify identity at nearest branch or call +919988776655.,2026-09-24 21:26:00,WhatsApp,Fraud,109,16,16,5,0,9,Spam
MSG12147,offers@megasale.xyz,user_464@example.com,"Congratulations! Your mobile number won 50,000 reward points! Redeem at www.rewardpoints.com",2026-09-10 15:19:00,WhatsApp,Spam,92,14,5,5,1,6,Fraud
MSG12148,+917766554433,user_470@example.com,Claim your $100 shopping voucher today! Reply CLAIM to 56767 to activate.,2026-09-12 13:49:00,WhatsApp,Spam,73,12,8,3,0,5,Spam
MSG12156,+919876543210,+919123450105,Try our new weight loss supplement for FREE! Order trial pack at www.fitlife.net,2026-09-16 16:45:00,SMS,Spam,80,15,0,3,1,6,Spam
MSG12160,alerts@security-update.org,+919123450223,Flat 50% discount on online coding courses! Limited seats remaining. Enrol today at www.learnfast.org Code: 7658,2026-09-08 20:55:00,VoIP,Spam,112,18,6,6,1,13,Fraud
MSG12165,refund@tax-gov.org,user_410@example.com,The exam timetable for 7th semester engineering has been published on portal.,2026-09-18 07:22:00,Email,Normal,77,12,1,1,0,11,Spam
MSG12166,kyc-alert@fast-verify.com,user_186@example.com,Can you send me the practical lab manual for Apache Spark?,2026-09-10 18:14:00,VoIP,Normal,58,11,0,1,0,10,Spam
MSG12167,alerts@security-update.org,user_466@example.com,Your Uber ride is arriving in 3 minutes. Driver: Suresh (MH-02-AB-1234).,2026-09-11 20:11:00,WhatsApp,Normal,72,14,7,8,0,10,Spam
MSG12168,alerts@security-update.org,user_430@example.com,Here is the Zoom link for today's Big Data workshop: https://zoom.us/j/9812345678 Passcode: 102938,2026-09-21 21:58:00,SMS,Normal,98,18,16,9,1,12,Fraud
MSG12170,service@amazon.in,+919123450145,The store issued a full refund of $35 for your returned item.,2026-09-12 22:26:00,VoIP,Normal,61,12,2,2,0,6,Spam
MSG12171,admin@college.edu.in,+919123450345,Let's grab lunch after the distributed systems lab session.,2026-09-09 00:05:00,Email,Normal,59,10,0,2,0,8,Spam
MSG12172,colleague@vti.edu.in,user_200@example.com,"Hey bro, did you complete the Hadoop installation step on your laptop?",2026-09-18 16:38:00,SMS,Normal,70,12,0,2,0,11,Spam
MSG12173,support@bank-verify.net,+919123450147,Our project advisor offered extra lab hours for Apache Spark model tuning.,2026-09-12 17:29:00,SMS,Normal,74,12,0,1,0,9,Spam
MSG12175,student1@somaiya.edu,+919123450185,"TAX REFUND NOTICE: You are eligible for an income tax refund of $1,450. Click http://income-tax-refund-portal.net to claim your refund to bank account.",2026-09-11 21:12:00,SMS,Fraud,151,28,4,12,1,11,Fraud
MSG12177,+918877665544,user_134@example.com,INCOME TAX WARNING: Legal action initiated against your PAN for tax evasion. Call immediately at +91-9988776655 to settle compliance. Case: #35609,2026-09-13 13:52:00,SMS,Fraud,146,22,17,7,0,12,Spam
MSG12178,refund@tax-gov.org,+919123450383,"Win a jackpot of $10,000 in our lucky draw! Text WIN to 58888 now to enter!",2026-09-09 11:25:00,WhatsApp,Spam,75,17,10,4,0,13,Spam
MSG12179,+919820112233,user_266@example.com,Thanks for sharing the study notes for the upcoming viva exams.,2026-09-13 17:27:00,Email,Normal,63,11,0,1,0,10,Spam
MSG12181,alerts@security-update.org,+919123450411,"Hi Team, the project review meeting has been rescheduled to tomorrow morning at 10 AM.",2026-09-14 01:02:00,WhatsApp,Normal,86,15,2,2,0,14,Spam
MSG12183,+919988776655,user_100@example.com,Special Offer: Get 80% OFF on all branded shoes! Visit www.superdeals.com before offer ends! Code: 7183,2026-09-22 07:17:00,WhatsApp,Spam,103,18,6,7,1,4,Fraud
MSG12184,kyc-alert@fast-verify.com,+919123450381,Here is the Zoom link for today's Big Data workshop: https://zoom.us/j/9812345678 Passcode: 102938,2026-09-25 05:29:00,VoIP,Normal,98,18,16,9,1,12,Fraud
MSG12189,refund@tax-gov.org,user_402@example.com,"Your salary payment of $3,200 was credited to your bank account #8912. Statement at https://mybank.com/stmt",2026-09-15 01:50:00,Email,Normal,107,19,8,9,1,3,Fraud
MSG12191,info@superdeals.com,+919123450337,Good morning! Hope you have a productive week ahead.,2026-09-20 06:09:00,Email,Normal,52,9,0,2,0,8,Spam
MSG12195,+917766554433,user_174@example.com,The exam timetable for 7th semester engineering has been published on portal.,2026-09-04 01:24:00,WhatsApp,Normal,77,12,1,1,0,11,Spam
MSG12196,offers@megasale.xyz,user_112@example.com,Are you available for a quick phone call regarding the group project?,2026-09-19 16:38:00,VoIP,Normal,69,12,0,1,0,11,Spam
MSG12198,friend@gmail.com,+919123450321,Claim your $100 shopping voucher today! Reply CLAIM to 56767 to activate. Code: 8182,2026-09-26 06:33:00,SMS,Spam,84,14,12,4,0,7,Spam
MSG12199,+919988776655,+919123450293,Claim your $100 shopping voucher today! Reply CLAIM to 56767 to activate.,2026-09-21 08:26:00,WhatsApp,Spam,73,12,8,3,0,5,Spam
MSG12201,+919988776655,+919123450199,Please find attached the project submission guidelines for Semester 7. Note ref: #112,2026-09-10 03:31:00,VoIP,Normal,85,13,4,3,0,12,Spam
MSG12203,friend@gmail.com,+919123450133,Please find attached the project submission guidelines for Semester 7.,2026-09-22 15:30:00,Email,Normal,70,10,1,1,0,9,Spam
MSG12204,friend@gmail.com,user_158@example.com,"TAX REFUND NOTICE: You are eligible for an income tax refund of $1,450. Click http://income-tax-refund-portal.net to claim your refund to bank account.",2026-09-22 06:00:00,SMS,Fraud,151,28,4,12,1,11,Fraud
MSG12206,suresh.driver@uber.com,+919123450369,PRIZE WINNER ALERT: You won 25 Lakh INR in KBC Lucky Draw! Deposit processing fee of $200 at http://kbc-prize-claim.xyz to release funds!,2026-09-25 00:01:00,Email,Fraud,137,26,5,10,1,9,Fraud
MSG12208,student1@somaiya.edu,+919123450355,Your Amazon order #408-1928374 of $45.50 has been delivered. Track at https://www.amazon.in/order-tracking,2026-09-03 16:01:00,VoIP,Normal,106,19,14,12,1,11,Fraud
MSG12209,admin@college.edu.in,user_154@example.com,DEAR CUSTOMER: Your SIM card will be deactivated today due to non-verification. Complete e-KYC now at http://sim-kyc-update-online.com,2026-09-11 12:15:00,Email,Fraud,134,24,0,11,1,2,Spam
MSG12212,+918877665544,user_496@example.com,Thanks for sharing the study notes for the upcoming viva exams.,2026-09-03 22:09:00,WhatsApp,Normal,63,11,0,1,0,10,Spam
MSG12213,friend@gmail.com,+919123450115,"Hi, please check your email or visit https://github.com/mumbai-univ/big-data-proj for project slides.",2026-09-18 04:33:00,WhatsApp,Normal,101,18,0,11,1,10,Spam
MSG12216,+919820112233,user_176@example.com,Can you send me the practical lab manual for Apache Spark? Note ref: #184,2026-09-23 18:06:00,VoIP,Normal,73,14,3,3,0,13,Spam
MSG12217,+919820112233,+919123450341,ALERT: Your Paytm Wallet has been restricted. Share your OTP 482910 with our support agent to unblock your wallet instantly.,2026-09-02 19:42:00,Email,Fraud,124,20,6,3,0,12,Spam
MSG12219,+919876543210,user_398@example.com,Happy Birthday! Hope you have a fantastic day ahead with family.,2026-09-03 03:09:00,SMS,Normal,64,11,0,2,0,10,Spam
MSG12221,+918877665544,+919123450413,Meeting confirmed for tomorrow at 11 AM in Lab 304.,2026-09-07 15:24:00,WhatsApp,Normal,51,10,5,1,0,9,Spam
MSG12226,+919988776655,+919123450155,"Hey bro, did you complete the Hadoop installation step on your laptop?",2026-09-07 01:44:00,VoIP,Normal,70,12,0,2,0,11,Spam
MSG12227,suresh.driver@uber.com,user_452@example.com,Can you send me the practical lab manual for Apache Spark?,2026-09-12 05:19:00,WhatsApp,Normal,58,11,0,1,0,10,Spam
MSG12228,student1@somaiya.edu,+919123450463,Try our new weight loss supplement for FREE! Order trial pack at www.fitlife.net,2026-09-22 20:53:00,Email,Spam,80,15,0,3,1,6,Spam
MSG12231,service@amazon.in,+919123450437,Your Amazon order #408-1928374 of $45.50 has been delivered. Track at https://www.amazon.in/order-tracking,2026-09-09 16:56:00,WhatsApp,Normal,106,19,14,12,1,11,Fraud
MSG12232,service@amazon.in,+919123450147,Thanks for sharing the study notes for the upcoming viva exams.,2026-09-16 13:25:00,VoIP,Normal,63,11,0,1,0,10,Spam
MSG12235,colleague@vti.edu.in,+919123450203,Here is the Zoom link for today's Big Data workshop: https://zoom.us/j/9812345678 Passcode: 102938,2026-09-08 01:26:00,Email,Normal,98,18,16,9,1,12,Fraud
MSG12240,suresh.driver@uber.com,user_402@example.com,URGENT: Income tax department flagged your account for unpaid dues. Contact officer at +919820112233.,2026-09-21 18:43:00,Email,Fraud,101,14,12,4,0,13,Spam
MSG12242,alerts@security-update.org,user_330@example.com,The exam timetable for 7th semester engineering has been published on portal.,2026-09-19 09:36:00,Email,Normal,77,12,1,1,0,11,Spam
MSG12243,admin@college.edu.in,user_374@example.com,Please find attached the project submission guidelines for Semester 7.,2026-09-02 01:51:00,VoIP,Normal,70,10,1,1,0,9,Spam
MSG12244,student1@somaiya.edu,+919123450493,The store issued a full refund of $35 for your returned item.,2026-09-23 22:27:00,SMS,Normal,61,12,2,2,0,6,Spam
MSG12246,suresh.driver@uber.com,user_190@example.com,"URGENT: Your Amazon account has been locked due to suspicious purchase of $1,200. Verify identity at http://amazon-account-security-check.com",2026-09-01 23:31:00,Email,Fraud,141,23,4,11,1,4,Fraud
MSG12247,alerts@security-update.org,+919123450345,Earn $500/day working from home with no investment required! Sign up at http://easycash.net,2026-09-05 20:38:00,SMS,Spam,91,16,3,7,1,1,Spam
MSG12253,+918877665544,user_282@example.com,I paid the exam registration fee of $120 via net banking. Transaction ID #TXN98123.,2026-09-17 09:49:00,SMS,Normal,83,14,8,4,0,4,Spam
MSG12255,colleague@vti.edu.in,+919123450453,"TAX REFUND NOTICE: You are eligible for an income tax refund of $1,450. Click http://income-tax-refund-portal.net to claim your refund to bank account. Case: #31016",2026-09-23 02:51:00,Email,Fraud,164,30,9,14,1,13,Fraud
MSG12257,+918877665544,+919123450481,Meeting confirmed for tomorrow at 11 AM in Lab 304.,2026-09-23 19:59:00,Email,Normal,51,10,5,1,0,9,Spam
MSG12258,offers@megasale.xyz,+919123450201,Good morning! Hope you have a productive week ahead.,2026-09-02 23:44:00,SMS,Normal,52,9,0,2,0,8,Spam
MSG12261,+919988776655,user_342@example.com,Please verify your attendance record on the college ERP portal before Friday.,2026-09-16 20:08:00,VoIP,Normal,77,12,0,1,0,10,Spam
MSG12266,colleague@vti.edu.in,user_408@example.com,Can you send me the practical lab manual for Apache Spark?,2026-09-17 19:58:00,SMS,Normal,58,11,0,1,0,10,Spam
MSG12270,admin@college.edu.in,+919123450479,"Hi, please check your email or visit https://github.com/mumbai-univ/big-data-proj for project slides. Note ref: #441",2026-09-07 13:31:00,SMS,Normal,116,21,3,13,1,13,Fraud
MSG12271,+919876543210,user_340@example.com,"Hey bro, did you complete the Hadoop installation step on your laptop? Note ref: #588",2026-09-19 19:26:00,WhatsApp,Normal,85,15,3,4,0,14,Spam
MSG12273,+917766554433,user_422@example.com,"Hey bro, did you complete the Hadoop installation step on your laptop?",2026-09-22 17:42:00,SMS,Normal,70,12,0,2,0,11,Spam
MSG12274,colleague@vti.edu.in,user_222@example.com,My bank branch is closed tomorrow due to a public holiday.,2026-09-01 13:46:00,VoIP,Normal,58,11,0,1,0,9,Spam
MSG12275,info@superdeals.com,user_352@example.com,Get instant credit score check for FREE! No hidden charges. Visit http://free-credit-check.org,2026-09-04 00:50:00,Email,Spam,94,16,0,8,1,4,Spam
MSG12276,info@superdeals.com,user_370@example.com,Meeting confirmed for tomorrow at 11 AM in Lab 304.,2026-09-17 00:01:00,WhatsApp,Normal,51,10,5,1,0,9,Spam
MSG12277,student1@somaiya.edu,+919123450237,"Hey bro, did you complete the Hadoop installation step on your laptop?",2026-09-07 00:08:00,Email,Normal,70,12,0,2,0,11,Spam
MSG12280,alerts@security-update.org,+919123450227,INCOME TAX WARNING: Legal action initiated against your PAN for tax evasion. Call immediately at +91-9988776655 to settle compliance. Case: #15269,2026-09-04 14:51:00,SMS,Fraud,146,22,17,7,0,12,Spam
MSG12281,admin@college.edu.in,+919123450157,Exclusive loan offer at 0% interest rate! Apply instantly at http://quickloan-approval.com,2026-09-10 21:35:00,SMS,Spam,90,14,1,7,1,3,Spam
MSG12282,suresh.driver@uber.com,+919123450205,CONGRATS! You have won a free iPhone 15 Pro Max! Click http://win-iphone.xyz to claim now!,2026-09-07 21:42:00,VoIP,Spam,90,18,2,8,1,3,Spam
MSG12284,info@superdeals.com,+919123450425,Get instant credit score check for FREE! No hidden charges. Visit http://free-credit-check.org,2026-09-10 17:51:00,Email,Spam,94,16,0,8,1,4,Spam
MSG12285,alerts@security-update.org,user_350@example.com,Are you available for a quick phone call regarding the group project?,2026-09-13 19:10:00,VoIP,Normal,69,12,0,1,0,11,Spam
MSG12286,support@bank-verify.net,+919123450131,Let's grab lunch after the distributed systems lab session. Note ref: #574,2026-09-22 05:04:00,SMS,Normal,74,13,3,4,0,11,Spam
MSG12289,admin@college.edu.in,user_344@example.com,The professor updated the syllabus on the college portal. Check https://portal.somaiya.edu/syllabus,2026-09-13 14:31:00,VoIP,Normal,99,15,0,7,1,10,Spam
MSG12291,+919988776655,user_156@example.com,Please verify your attendance record on the college ERP portal before Friday.,2026-09-18 05:02:00,WhatsApp,Normal,77,12,0,1,0,10,Spam
MSG12292,colleague@vti.edu.in,user_258@example.com,My bank branch is closed tomorrow due to a public holiday. Note ref: #982,2026-09-02 06:10:00,VoIP,Normal,73,14,3,3,0,12,Spam
MSG12295,suresh.driver@uber.com,user_100@example.com,Free home delivery on all grocery orders above $30. Order now at local store!,2026-09-10 03:15:00,VoIP,Spam,77,14,2,3,0,13,Spam
MSG12298,suresh.driver@uber.com,user_282@example.com,Huge End-of-Season Sale! Buy 1 Get 2 Free on all clothing items at www.fashionstore.com,2026-09-12 07:25:00,VoIP,Spam,87,18,2,5,1,6,Spam
MSG12299,+919820112233,+919123450453,Here is the Zoom link for today's Big Data workshop: https://zoom.us/j/9812345678 Passcode: 102938,2026-09-06 00:42:00,SMS,Normal,98,18,16,9,1,12,Fraud
MSG12300,+919876543210,user_204@example.com,"Hi Team, the project review meeting has been rescheduled to tomorrow morning at 10 AM.",2026-09-20 02:24:00,VoIP,Normal,86,15,2,2,0,14,Spam
MSG12304,alerts@security-update.org,user_122@example.com,URGENT: Income tax department flagged your account for unpaid dues. Contact officer at +919820112233. Case: #42809,2026-09-13 22:38:00,VoIP,Fraud,114,16,17,6,0,15,Spam
MSG12305,+919820112233,user_350@example.com,I paid the exam registration fee of $120 via net banking. Transaction ID #TXN98123.,2026-09-20 01:48:00,Email,Normal,83,14,8,4,0,4,Spam
MSG12309,info@superdeals.com,+919123450201,"Win a jackpot of $10,000 in our lucky draw! Text WIN to 58888 now to enter!",2026-09-14 18:13:00,Email,Spam,75,17,10,4,0,13,Spam
MSG12312,+919820112233,+919123450187,"Win a jackpot of $10,000 in our lucky draw! Text WIN to 58888 now to enter!",2026-09-02 22:22:00,WhatsApp,Spam,75,17,10,4,0,13,Spam
MSG12314,service@amazon.in,+919123450217,"Hi Team, the project review meeting has been rescheduled to tomorrow morning at 10 AM.",2026-09-13 10:41:00,Email,Normal,86,15,2,2,0,14,Spam
MSG12319,+917766554433,user_386@example.com,INCOME TAX WARNING: Legal action initiated against your PAN for tax evasion. Call immediately at +91-9988776655 to settle compliance.,2026-09-19 07:00:00,VoIP,Fraud,133,20,12,5,0,10,Spam
MSG12320,+919988776655,+919123450127,BANK NOTICE: Your account #4092 is suspended. Please verify identity at nearest branch or call +919988776655.,2026-09-25 20:45:00,Email,Fraud,109,16,16,5,0,9,Spam
MSG12323,info@superdeals.com,+919123450171,Thanks for sharing the study notes for the upcoming viva exams. Note ref: #602,2026-09-05 09:37:00,Email,Normal,78,14,3,3,0,13,Spam
MSG12325,suresh.driver@uber.com,+919123450115,I paid the exam registration fee of $120 via net banking. Transaction ID #TXN98123.,2026-09-01 20:35:00,SMS,Normal,83,14,8,4,0,4,Spam
MSG12326,+919820112233,user_142@example.com,CONGRATS! You have won a free iPhone 15 Pro Max! Click http://win-iphone.xyz to claim now!,2026-09-08 20:08:00,WhatsApp,Spam,90,18,2,8,1,3,Spam
MSG12327,friend@gmail.com,user_150@example.com,Claim your $100 shopping voucher today! Reply CLAIM to 56767 to activate. Code: 4119,2026-09-25 20:45:00,VoIP,Spam,84,14,12,4,0,7,Spam
MSG12328,+919820112233,user_468@example.com,Special Offer: Get 80% OFF on all branded shoes! Visit www.superdeals.com before offer ends!,2026-09-17 09:56:00,Email,Spam,92,16,2,6,1,2,Spam
MSG12330,friend@gmail.com,+919123450247,Please verify your attendance record on the college ERP portal before Friday.,2026-09-25 02:24:00,VoIP,Normal,77,12,0,1,0,10,Spam
MSG12334,+919988776655,+919123450307,The exam timetable for 7th semester engineering has been published on portal.,2026-09-06 22:17:00,VoIP,Normal,77,12,1,1,0,11,Spam
MSG12337,+919876543210,user_308@example.com,Please find attached the project submission guidelines for Semester 7.,2026-09-12 06:34:00,Email,Normal,70,10,1,1,0,9,Spam
MSG12348,offers@megasale.xyz,user_274@example.com,The professor updated the syllabus on the college portal. Check https://portal.somaiya.edu/syllabus,2026-09-14 16:56:00,Email,Normal,99,15,0,7,1,10,Spam
MSG12352,+919876543210,user_444@example.com,"Hi Team, the project review meeting has been rescheduled to tomorrow morning at 10 AM.",2026-09-03 01:00:00,WhatsApp,Normal,86,15,2,2,0,14,Spam
MSG12353,student1@somaiya.edu,user_222@example.com,"Your salary payment of $3,200 was credited to your bank account #8912. Statement at https://mybank.com/stmt Note ref: #973",2026-09-11 04:04:00,Email,Normal,122,22,11,11,1,6,Fraud
MSG12355,alerts@security-update.org,user_172@example.com,ATTENTION: Your electricity bill of $240 is unpaid. Power supply will be disconnected at 9 PM. Pay immediately at http://power-bill-pay.com or call 9876543210!,2026-09-05 10:22:00,SMS,Fraud,159,27,14,11,1,22,Fraud
MSG12357,+918877665544,+919123450423,Are you available for a quick phone call regarding the group project?,2026-09-23 18:01:00,Email,Normal,69,12,0,1,0,11,Spam
MSG12358,alerts@security-update.org,user_120@example.com,Reminder: Library books are due for return by Friday 5 PM.,2026-09-02 21:57:00,VoIP,Normal,58,11,1,2,0,10,Spam
MSG12364,info@superdeals.com,user_300@example.com,FINAL NOTICE: Court summons issued for unpaid loan. Contact advocate immediately or visit http://legal-notice-portal.com to avoid arrest.,2026-09-17 01:41:00,WhatsApp,Fraud,137,21,0,9,1,3,Spam
MSG12365,+918877665544,+919123450163,Please find attached the project submission guidelines for Semester 7. Note ref: #718,2026-09-06 06:53:00,WhatsApp,Normal,85,13,4,3,0,12,Spam
MSG12367,info@superdeals.com,+919123450187,Our project advisor offered extra lab hours for Apache Spark model tuning.,2026-09-11 03:28:00,Email,Normal,74,12,0,1,0,9,Spam
MSG12370,+919876543210,+919123450287,"Hi, please check your email or visit https://github.com/mumbai-univ/big-data-proj for project slides.",2026-09-16 16:37:00,SMS,Normal,101,18,0,11,1,10,Spam
MSG12374,suresh.driver@uber.com,+919123450481,I paid the exam registration fee of $120 via net banking. Transaction ID #TXN98123.,2026-09-05 21:10:00,Email,Normal,83,14,8,4,0,4,Spam
MSG12376,+917766554433,user_348@example.com,Thanks for sharing the study notes for the upcoming viva exams.,2026-09-20 15:38:00,VoIP,Normal,63,11,0,1,0,10,Spam
MSG12377,colleague@vti.edu.in,+919123450235,Exclusive loan offer at 0% interest rate! Apply instantly at http://quickloan-approval.com,2026-09-03 04:03:00,WhatsApp,Spam,90,14,1,7,1,3,Spam
MSG12379,colleague@vti.edu.in,+919123450169,The professor updated the syllabus on the college portal. Check https://portal.somaiya.edu/syllabus,2026-09-03 10:22:00,VoIP,Normal,99,15,0,7,1,10,Spam
MSG12384,refund@tax-gov.org,+919123450145,Super offer! Get unlimited streaming for just $5 per month. Sign up today.,2026-09-07 22:34:00,WhatsApp,Spam,74,13,1,4,0,12,Spam
MSG12385,alerts@security-update.org,+919123450175,Your Uber ride is arriving in 3 minutes. Driver: Suresh (MH-02-AB-1234).,2026-09-06 00:26:00,WhatsApp,Normal,72,14,7,8,0,10,Spam
MSG12388,+919876543210,user_308@example.com,Please verify your attendance record on the college ERP portal before Friday.,2026-09-22 20:37:00,SMS,Normal,77,12,0,1,0,10,Spam
MSG12391,alerts@security-update.org,user_366@example.com,Super offer! Get unlimited streaming for just $5 per month. Sign up today.,2026-09-02 03:06:00,Email,Spam,74,13,1,4,0,12,Spam
MSG12393,suresh.driver@uber.com,+919123450115,BANK NOTICE: Your account #4092 is suspended. Please verify identity at nearest branch or call +919988776655.,2026-09-19 19:42:00,Email,Fraud,109,16,16,5,0,9,Spam
MSG12394,+919988776655,user_322@example.com,Your Uber ride is arriving in 3 minutes. Driver: Suresh (MH-02-AB-1234).,2026-09-05 14:07:00,WhatsApp,Normal,72,14,7,8,0,10,Spam
MSG12396,+917766554433,user_444@example.com,Here is the Zoom link for today's Big Data workshop: https://zoom.us/j/9812345678 Passcode: 102938,2026-09-09 23:50:00,Email,Normal,98,18,16,9,1,12,Fraud
MSG12397,+917766554433,user_228@example.com,Hot summer deal! Flight tickets starting at just $49! Book now at http://cheapflights.net,2026-09-13 11:41:00,Email,Spam,89,15,2,7,1,12,Spam
MSG12399,alerts@security-update.org,user_100@example.com,"TAX REFUND NOTICE: You are eligible for an income tax refund of $1,450. Click http://income-tax-refund-portal.net to claim your refund to bank account.",2026-09-24 17:18:00,SMS,Fraud,151,28,4,12,1,11,Fraud
MSG12401,+918877665544,+919123450141,Limited time clearance sale! Up to 90% off electronics at http://mega-sale-online.com,2026-09-16 13:44:00,Email,Spam,85,15,2,8,1,10,Spam
MSG12404,refund@tax-gov.org,user_428@example.com,Special discount on summer online courses. Limited seats available today! Call 1800-9988-77.,2026-09-07 20:54:00,VoIP,Spam,92,14,10,5,0,10,Spam
MSG12406,support@bank-verify.net,+919123450129,Meeting confirmed for tomorrow at 11 AM in Lab 304.,2026-09-07 16:37:00,VoIP,Normal,51,10,5,1,0,9,Spam
MSG12407,+919988776655,user_276@example.com,Try our new weight loss supplement for FREE! Order trial pack at www.fitlife.net,2026-09-05 12:33:00,SMS,Spam,80,15,0,3,1,6,Spam
MSG12408,friend@gmail.com,user_296@example.com,BIG WEEKEND SALE! Get 50% discount on all branded apparel! Reply YES for coupon code.,2026-09-08 15:49:00,SMS,Spam,85,15,2,4,0,9,Spam
MSG12412,+918877665544,+919123450337,Reminder: Library books are due for return by Friday 5 PM. Note ref: #657,2026-09-10 15:49:00,SMS,Normal,73,14,4,4,0,13,Spam
MSG12413,+918877665544,user_408@example.com,"Win a jackpot of $10,000 in our lucky draw! Text WIN to 58888 now to enter!",2026-09-01 08:30:00,Email,Spam,75,17,10,4,0,13,Spam
MSG12414,alerts@security-update.org,user_362@example.com,The professor updated the syllabus on the college portal. Check https://portal.somaiya.edu/syllabus,2026-09-07 08:34:00,WhatsApp,Normal,99,15,0,7,1,10,Spam
MSG12415,offers@megasale.xyz,user_292@example.com,Please verify your attendance record on the college ERP portal before Friday.,2026-09-09 23:57:00,SMS,Normal,77,12,0,1,0,10,Spam
MSG12424,suresh.driver@uber.com,+919123450309,"Win a jackpot of $10,000 in our lucky draw! Text WIN to 58888 now to enter!",2026-09-16 17:42:00,SMS,Spam,75,17,10,4,0,13,Spam
MSG12425,+919820112233,user_352@example.com,Our project advisor offered extra lab hours for Apache Spark model tuning.,2026-09-19 15:56:00,VoIP,Normal,74,12,0,1,0,9,Spam
MSG12426,+919876543210,user_306@example.com,Flat 50% discount on online coding courses! Limited seats remaining. Enrol today at www.learnfast.org,2026-09-12 01:43:00,VoIP,Spam,101,16,2,5,1,11,Spam
MSG12429,offers@megasale.xyz,+919123450107,Thanks for sharing the study notes for the upcoming viva exams. Note ref: #502,2026-09-25 20:48:00,WhatsApp,Normal,78,14,3,3,0,13,Spam
MSG12431,+918877665544,user_392@example.com,Our project advisor offered extra lab hours for Apache Spark model tuning.,2026-09-16 05:35:00,Email,Normal,74,12,0,1,0,9,Spam
MSG12434,alerts@security-update.org,+919123450439,SECURITY NOTICE: Your SBI net banking account was accessed from unauthorized location. Click http://sbi-login-verify.com to secure your account immediately!,2026-09-12 17:54:00,VoIP,Fraud,156,23,0,9,1,11,Spam
MSG12435,student1@somaiya.edu,user_410@example.com,Happy Birthday! Hope you have a fantastic day ahead with family.,2026-09-24 15:27:00,WhatsApp,Normal,64,11,0,2,0,10,Spam
MSG12436,student1@somaiya.edu,+919123450277,Can you send me the practical lab manual for Apache Spark?,2026-09-26 04:02:00,VoIP,Normal,58,11,0,1,0,10,Spam
MSG12437,refund@tax-gov.org,user_146@example.com,Our project advisor offered extra lab hours for Apache Spark model tuning.,2026-09-09 11:33:00,WhatsApp,Normal,74,12,0,1,0,9,Spam
MSG12438,kyc-alert@fast-verify.com,user_344@example.com,Please verify your attendance record on the college ERP portal before Friday.,2026-09-25 21:01:00,Email,Normal,77,12,0,1,0,10,Spam
MSG12439,admin@college.edu.in,user_294@example.com,"Win a jackpot of $10,000 in our lucky draw! Text WIN to 58888 now to enter! Code: 8405",2026-09-04 05:20:00,SMS,Spam,86,19,14,5,0,15,Spam
MSG12443,admin@college.edu.in,+919123450115,Huge End-of-Season Sale! Buy 1 Get 2 Free on all clothing items at www.fashionstore.com,2026-09-19 02:09:00,WhatsApp,Spam,87,18,2,5,1,6,Spam
MSG12444,refund@tax-gov.org,+919123450391,Meeting confirmed for tomorrow at 11 AM in Lab 304.,2026-09-02 17:27:00,SMS,Normal,51,10,5,1,0,9,Spam
MSG12447,alerts@security-update.org,user_424@example.com,Meeting confirmed for tomorrow at 11 AM in Lab 304.,2026-09-25 13:51:00,Email,Normal,51,10,5,1,0,9,Spam
MSG12451,offers@megasale.xyz,user_152@example.com,Meeting confirmed for tomorrow at 11 AM in Lab 304.,2026-09-24 07:01:00,Email,Normal,51,10,5,1,0,9,Spam
MSG12453,suresh.driver@uber.com,user_108@example.com,Reminder: Library books are due for return by Friday 5 PM.,2026-09-23 12:46:00,WhatsApp,Normal,58,11,1,2,0,10,Spam
MSG12454,alerts@security-update.org,+919123450103,"Congratulations! Your mobile number won 50,000 reward points! Redeem at www.rewardpoints.com",2026-09-15 06:54:00,Email,Spam,92,14,5,5,1,6,Fraud
MSG12457,info@superdeals.com,+919123450301,Please find attached the project submission guidelines for Semester 7. Note ref: #472,2026-09-05 08:20:00,WhatsApp,Normal,85,13,4,3,0,12,Spam
MSG12462,colleague@vti.edu.in,user_162@example.com,"Win a jackpot of $10,000 in our lucky draw! Text WIN to 58888 now to enter!",2026-09-04 01:41:00,VoIP,Spam,75,17,10,4,0,13,Spam
MSG12464,offers@megasale.xyz,+919123450305,The exam timetable for 7th semester engineering has been published on portal.,2026-09-07 13:28:00,Email,Normal,77,12,1,1,0,11,Spam
MSG12465,service@amazon.in,+919123450313,Your Paytm wallet is restricted due to incomplete e-KYC. Reply with OTP code 882910 to unblock immediately.,2026-09-16 02:23:00,SMS,Fraud,107,18,6,3,0,7,Spam
MSG12468,service@amazon.in,user_286@example.com,Your Amazon order #408-1928374 of $45.50 has been delivered. Track at https://www.amazon.in/order-tracking,2026-09-14 10:36:00,WhatsApp,Normal,106,19,14,12,1,11,Fraud
MSG12469,+917766554433,user_142@example.com,"Hi Team, the project review meeting has been rescheduled to tomorrow morning at 10 AM.",2026-09-16 10:57:00,VoIP,Normal,86,15,2,2,0,14,Spam
MSG12470,+919876543210,+919123450179,"Hey, are we still meeting for the Big Data lecture at 2 PM in Lab 304?",2026-09-18 06:52:00,WhatsApp,Normal,70,16,4,2,0,15,Spam
MSG12471,alerts@security-update.org,+919123450137,Claim your $100 shopping voucher today! Reply CLAIM to 56767 to activate.,2026-09-07 07:13:00,Email,Spam,73,12,8,3,0,5,Spam
MSG12472,suresh.driver@uber.com,+919123450135,Flat 50% discount on online coding courses! Limited seats remaining. Enrol today at www.learnfast.org,2026-09-01 14:05:00,Email,Spam,101,16,2,5,1,11,Spam
MSG12474,colleague@vti.edu.in,+919123450415,Happy Birthday! Hope you have a fantastic day ahead with family.,2026-09-18 21:25:00,VoIP,Normal,64,11,0,2,0,10,Spam
MSG12475,friend@gmail.com,+919123450453,My bank branch is closed tomorrow due to a public holiday.,2026-09-20 14:06:00,Email,Normal,58,11,0,1,0,9,Spam
MSG12478,support@bank-verify.net,user_462@example.com,Can you send me the practical lab manual for Apache Spark?,2026-09-07 10:03:00,SMS,Normal,58,11,0,1,0,10,Spam
MSG12479,+919988776655,user_430@example.com,Can you send me the practical lab manual for Apache Spark?,2026-09-15 04:59:00,SMS,Normal,58,11,0,1,0,10,Spam
MSG12482,+918877665544,user_440@example.com,Here is the Zoom link for today's Big Data workshop: https://zoom.us/j/9812345678 Passcode: 102938,2026-09-09 09:16:00,VoIP,Normal,98,18,16,9,1,12,Fraud
MSG12483,suresh.driver@uber.com,+919123450233,Boost your Instagram followers by 10k in 24 hours! Visit www.socialgrow.xyz now!,2026-09-13 10:08:00,WhatsApp,Spam,80,14,4,4,1,11,Fraud
MSG12485,refund@tax-gov.org,+919123450295,Our project advisor offered extra lab hours for Apache Spark model tuning.,2026-09-05 23:41:00,Email,Normal,74,12,0,1,0,9,Spam
MSG12486,refund@tax-gov.org,+919123450161,Please verify your attendance record on the college ERP portal before Friday.,2026-09-09 07:44:00,VoIP,Normal,77,12,0,1,0,10,Spam
MSG12488,support@bank-verify.net,+919123450179,CRITICAL ALERT: Your HDFC Bank account #9872 has been SUSPENDED due to pending KYC! Verify NOW at http://hdfc-kyc-update.net to avoid permanent block!,2026-09-20 01:56:00,Email,Fraud,150,26,4,10,1,12,Fraud
MSG12490,support@bank-verify.net,user_266@example.com,Please verify your attendance record on the college ERP portal before Friday.,2026-09-12 11:04:00,WhatsApp,Normal,77,12,0,1,0,10,Spam
MSG12495,refund@tax-gov.org,user_488@example.com,Thanks for sharing the study notes for the upcoming viva exams. Note ref: #352,2026-09-06 10:53:00,VoIP,Normal,78,14,3,3,0,13,Spam
MSG12496,suresh.driver@uber.com,user_170@example.com,My bank branch is closed tomorrow due to a public holiday.,2026-09-07 06:43:00,Email,Normal,58,11,0,1,0,9,Spam
MSG12497,+917766554433,user_168@example.com,I paid the exam registration fee of $120 via net banking. Transaction ID #TXN98123.,2026-09-19 09:46:00,WhatsApp,Normal,83,14,8,4,0,4,Spam
MSG12499,refund@tax-gov.org,+919123450365,BIG WEEKEND SALE! Get 50% discount on all branded apparel! Reply YES for coupon code.,2026-09-17 05:32:00,VoIP,Spam,85,15,2,4,0,9,Spam
MSG12503,support@bank-verify.net,+919123450207,Your Uber ride is arriving in 3 minutes. Driver: Suresh (MH-02-AB-1234).,2026-09-02 08:56:00,SMS,Normal,72,14,7,8,0,10,Spam
MSG12505,colleague@vti.edu.in,user_198@example.com,Here is the Zoom link for today's Big Data workshop: https://zoom.us/j/9812345678 Passcode: 102938,2026-09-10 06:26:00,SMS,Normal,98,18,16,9,1,12,Fraud
MSG12507,+919876543210,user_424@example.com,Don't forget to submit the assignment before midnight today.,2026-09-08 05:47:00,Email,Normal,60,10,0,2,0,8,Spam
MSG12508,refund@tax-gov.org,+919123450309,Thanks for sharing the study notes for the upcoming viva exams. Note ref: #803,2026-09-07 16:31:00,VoIP,Normal,78,14,3,3,0,13,Spam
MSG12510,+919876543210,+919123450161,"Hi Team, the project review meeting has been rescheduled to tomorrow morning at 10 AM.",2026-09-21 15:41:00,SMS,Normal,86,15,2,2,0,14,Spam
MSG12511,colleague@vti.edu.in,+919123450489,Your Amazon order #408-1928374 of $45.50 has been delivered. Track at https://www.amazon.in/order-tracking,2026-09-12 15:37:00,VoIP,Normal,106,19,14,12,1,11,Fraud
MSG12512,info@superdeals.com,user_118@example.com,Meeting confirmed for tomorrow at 11 AM in Lab 304.,2026-09-10 02:12:00,WhatsApp,Normal,51,10,5,1,0,9,Spam
MSG12513,+919820112233,user_438@example.com,Your Amazon order #408-1928374 of $45.50 has been delivered. Track at https://www.amazon.in/order-tracking,2026-09-22 01:21:00,Email,Normal,106,19,14,12,1,11,Fraud
MSG12514,+917766554433,user_176@example.com,"Congratulations! Your mobile number won 50,000 reward points! Redeem at www.rewardpoints.com",2026-09-09 08:23:00,WhatsApp,Spam,92,14,5,5,1,6,Fraud
MSG12515,kyc-alert@fast-verify.com,user_420@example.com,Happy Birthday! Hope you have a fantastic day ahead with family. Note ref: #671,2026-09-16 16:15:00,Email,Normal,79,14,3,4,0,13,Spam
MSG12516,+919988776655,user_176@example.com,BANK NOTICE: Your account #4092 is suspended. Please verify identity at nearest branch or call +919988776655.,2026-09-18 10:13:00,WhatsApp,Fraud,109,16,16,5,0,9,Spam
MSG12518,info@superdeals.com,user_466@example.com,CONGRATS! You have won a free iPhone 15 Pro Max! Click http://win-iphone.xyz to claim now!,2026-09-07 04:01:00,WhatsApp,Spam,90,18,2,8,1,3,Spam
MSG12519,+919820112233,+919123450497,Claim your $100 shopping voucher today! Reply CLAIM to 56767 to activate.,2026-09-11 17:58:00,SMS,Spam,73,12,8,3,0,5,Spam
MSG12521,+919988776655,user_208@example.com,Happy Birthday! Hope you have a fantastic day ahead with family.,2026-09-13 03:17:00,SMS,Normal,64,11,0,2,0,10,Spam
MSG12522,+919876543210,user_316@example.com,ALERT: Your Paytm Wallet has been restricted. Share your OTP 482910 with our support agent to unblock your wallet instantly. Case: #73157,2026-09-17 19:12:00,SMS,Fraud,137,22,11,5,0,14,Spam
MSG12523,friend@gmail.com,user_242@example.com,BIG WEEKEND SALE! Get 50% discount on all branded apparel! Reply YES for coupon code.,2026-09-08 21:42:00,SMS,Spam,85,15,2,4,0,9,Spam
MSG12528,offers@megasale.xyz,user_326@example.com,Happy Birthday! Hope you have a fantastic day ahead with family.,2026-09-18 06:17:00,WhatsApp,Normal,64,11,0,2,0,10,Spam
MSG12529,admin@college.edu.in,+919123450345,Thanks for sharing the study notes for the upcoming viva exams.,2026-09-07 13:29:00,SMS,Normal,63,11,0,1,0,10,Spam
MSG12536,student1@somaiya.edu,user_284@example.com,Please find attached the project submission guidelines for Semester 7.,2026-09-23 17:25:00,WhatsApp,Normal,70,10,1,1,0,9,Spam
MSG12537,info@superdeals.com,user_112@example.com,Reminder: Library books are due for return by Friday 5 PM.,2026-09-21 03:14:00,SMS,Normal,58,11,1,2,0,10,Spam
MSG12542,admin@college.edu.in,user_306@example.com,BIG WEEKEND SALE! Get 50% discount on all branded apparel! Reply YES for coupon code. Code: 1943,2026-09-20 16:49:00,VoIP,Spam,96,17,6,5,0,11,Spam
MSG12544,refund@tax-gov.org,+919123450163,"Hey bro, did you complete the Hadoop installation step on your laptop?",2026-09-03 00:47:00,WhatsApp,Normal,70,12,0,2,0,11,Spam
MSG12545,alerts@security-update.org,user_378@example.com,"Your salary payment of $3,200 was credited to your bank account #8912. Statement at https://mybank.com/stmt",2026-09-13 14:25:00,SMS,Normal,107,19,8,9,1,3,Fraud
MSG12546,+918877665544,user_262@example.com,Your Amazon order #408-1928374 of $45.50 has been delivered. Track at https://www.amazon.in/order-tracking,2026-09-03 06:11:00,Email,Normal,106,19,14,12,1,11,Fraud
MSG12547,student1@somaiya.edu,+919123450431,Meeting confirmed for tomorrow at 11 AM in Lab 304.,2026-09-19 07:26:00,VoIP,Normal,51,10,5,1,0,9,Spam
MSG12548,alerts@security-update.org,+919123450431,Special discount on summer online courses. Limited seats available today! Call 1800-9988-77.,2026-09-10 08:59:00,SMS,Spam,92,14,10,5,0,10,Spam
MSG12551,admin@college.edu.in,+919123450227,SECURITY ALERT: Your net banking account #7819 was accessed from suspicious IP. Call customer care +919876543210 immediately to unblock.,2026-09-09 06:16:00,Email,Fraud,136,19,16,5,0,16,Spam
MSG12552,colleague@vti.edu.in,user_442@example.com,Try our new weight loss supplement for FREE! Order trial pack at www.fitlife.net,2026-09-06 12:27:00,WhatsApp,Spam,80,15,0,3,1,6,Spam
MSG12553,+918877665544,user_464@example.com,SBI URGENT: Download SBI Safety App APK immediately from http://sbi-secure-app.xyz to prevent account hacking!,2026-09-08 20:22:00,WhatsApp,Fraud,110,18,0,8,1,8,Spam
MSG12555,support@bank-verify.net,user_438@example.com,Flat 50% discount on online coding courses! Limited seats remaining. Enrol today at www.learnfast.org Code: 1899,2026-09-13 03:26:00,SMS,Spam,112,18,6,6,1,13,Fraud
MSG12556,+918877665544,user_220@example.com,Please verify your attendance record on the college ERP portal before Friday.,2026-09-24 16:17:00,WhatsApp,Normal,77,12,0,1,0,10,Spam
MSG12557,+919988776655,+919123450157,Our project advisor offered extra lab hours for Apache Spark model tuning.,2026-09-21 13:27:00,SMS,Normal,74,12,0,1,0,9,Spam
MSG12559,student1@somaiya.edu,+919123450373,"URGENT: Your Amazon account has been locked due to suspicious purchase of $1,200. Verify identity at http://amazon-account-security-check.com",2026-09-08 15:32:00,Email,Fraud,141,23,4,11,1,4,Fraud
MSG12561,+919820112233,user_376@example.com,BANK ALERT: Your debit card has been disabled due to wrong PIN entries. Reactivate your card immediately at http://debitcard-activate-now.com,2026-09-04 03:24:00,Email,Fraud,141,23,0,8,1,4,Spam
MSG12562,service@amazon.in,user_342@example.com,Get instant credit score check for FREE! No hidden charges. Visit http://free-credit-check.org,2026-09-22 20:56:00,WhatsApp,Spam,94,16,0,8,1,4,Spam
MSG12564,+918877665544,user_180@example.com,Can you send me the practical lab manual for Apache Spark?,2026-09-13 15:21:00,VoIP,Normal,58,11,0,1,0,10,Spam
MSG12565,colleague@vti.edu.in,+919123450177,Super offer! Get unlimited streaming for just $5 per month. Sign up today.,2026-09-19 04:16:00,VoIP,Spam,74,13,1,4,0,12,Spam
MSG12566,friend@gmail.com,user_440@example.com,I paid the exam registration fee of $120 via net banking. Transaction ID #TXN98123.,2026-09-13 11:46:00,SMS,Normal,83,14,8,4,0,4,Spam
MSG12567,+917766554433,user_232@example.com,Your Uber ride is arriving in 3 minutes. Driver: Suresh (MH-02-AB-1234).,2026-09-20 14:35:00,SMS,Normal,72,14,7,8,0,10,Spam
MSG12568,alerts@security-update.org,user_190@example.com,"Hi, please check your email or visit https://github.com/mumbai-univ/big-data-proj for project slides. Note ref: #665",2026-09-14 06:19:00,VoIP,Normal,116,21,3,13,1,13,Fraud
MSG12570,kyc-alert@fast-verify.com,+919123450193,Good morning! Hope you have a productive week ahead.,2026-09-03 09:20:00,WhatsApp,Normal,52,9,0,2,0,8,Spam
MSG12574,offers@megasale.xyz,user_396@example.com,Thanks for sharing the study notes for the upcoming viva exams.,2026-09-19 20:08:00,Email,Normal,63,11,0,1,0,10,Spam
MSG12576,alerts@security-update.org,user_414@example.com,Please verify your attendance record on the college ERP portal before Friday.,2026-09-21 04:07:00,SMS,Normal,77,12,0,1,0,10,Spam
MSG12579,alerts@security-update.org,+919123450283,ATTENTION: Your electricity bill of $240 is unpaid. Power supply will be disconnected at 9 PM. Pay immediately at http://power-bill-pay.com or call 9876543210!,2026-09-10 15:26:00,Email,Fraud,159,27,14,11,1,22,Fraud
MSG12580,friend@gmail.com,user_468@example.com,Flat 50% discount on online coding courses! Limited seats remaining. Enrol today at www.learnfast.org,2026-09-01 08:27:00,VoIP,Spam,101,16,2,5,1,11,Spam
MSG12581,suresh.driver@uber.com,user_384@example.com,The professor updated the syllabus on the college portal. Check https://portal.somaiya.edu/syllabus Note ref: #360,2026-09-19 13:34:00,SMS,Normal,114,18,3,9,1,13,Fraud
MSG12584,kyc-alert@fast-verify.com,user_132@example.com,Get instant credit score check for FREE! No hidden charges. Visit http://free-credit-check.org Code: 7822,2026-09-23 08:55:00,VoIP,Spam,105,18,4,9,1,6,Fraud
MSG12585,+919988776655,user_458@example.com,URGENT: Your bank account will be blocked within 24 hours due to missing PAN card details. Update immediately at http://bank-pan-verification.org,2026-09-25 19:54:00,WhatsApp,Fraud,145,24,2,8,1,4,Spam
MSG12586,+919820112233,+919123450305,Please verify your attendance record on the college ERP portal before Friday.,2026-09-07 22:52:00,VoIP,Normal,77,12,0,1,0,10,Spam
MSG12587,service@amazon.in,user_364@example.com,Can you send me the practical lab manual for Apache Spark?,2026-09-11 15:22:00,SMS,Normal,58,11,0,1,0,10,Spam
MSG12588,kyc-alert@fast-verify.com,user_420@example.com,Super offer! Get unlimited streaming for just $5 per month. Sign up today.,2026-09-13 09:28:00,VoIP,Spam,74,13,1,4,0,12,Spam
MSG12591,+919876543210,user_156@example.com,Let's grab lunch after the distributed systems lab session.,2026-09-07 11:12:00,SMS,Normal,59,10,0,2,0,8,Spam
MSG12594,kyc-alert@fast-verify.com,user_206@example.com,Free home delivery on all grocery orders above $30. Order now at local store!,2026-09-15 15:23:00,VoIP,Spam,77,14,2,3,0,13,Spam
MSG12595,+917766554433,+919123450363,My bank branch is closed tomorrow due to a public holiday.,2026-09-16 05:53:00,WhatsApp,Normal,58,11,0,1,0,9,Spam
MSG12596,+919820112233,+919123450125,Please find attached the project submission guidelines for Semester 7.,2026-09-15 00:55:00,SMS,Normal,70,10,1,1,0,9,Spam
MSG12597,admin@college.edu.in,+919123450191,"Congratulations! Your mobile number won 50,000 reward points! Redeem at www.rewardpoints.com",2026-09-14 16:22:00,SMS,Spam,92,14,5,5,1,6,Fraud
MSG12598,admin@college.edu.in,+919123450479,"URGENT: Your Amazon account has been locked due to suspicious purchase of $1,200. Verify identity at http://amazon-account-security-check.com",2026-09-20 23:08:00,VoIP,Fraud,141,23,4,11,1,4,Fraud
MSG12601,student1@somaiya.edu,+919123450493,"Hey, are we still meeting for the Big Data lecture at 2 PM in Lab 304?",2026-09-11 09:05:00,WhatsApp,Normal,70,16,4,2,0,15,Spam
MSG12602,+919820112233,+919123450317,The exam timetable for 7th semester engineering has been published on portal.,2026-09-12 08:53:00,Email,Normal,77,12,1,1,0,11,Spam
MSG12603,kyc-alert@fast-verify.com,+919123450295,BANK ALERT: Your debit card has been disabled due to wrong PIN entries. Reactivate your card immediately at http://debitcard-activate-now.com,2026-09-09 17:19:00,Email,Fraud,141,23,0,8,1,4,Spam
MSG12604,+919876543210,+919123450155,Hot summer deal! Flight tickets starting at just $49! Book now at http://cheapflights.net,2026-09-16 12:49:00,VoIP,Spam,89,15,2,7,1,12,Spam
MSG12605,+919876543210,user_104@example.com,Boost your Instagram followers by 10k in 24 hours! Visit www.socialgrow.xyz now!,2026-09-08 15:03:00,VoIP,Spam,80,14,4,4,1,11,Fraud
MSG12606,student1@somaiya.edu,user_192@example.com,ATTENTION: Your electricity bill of $240 is unpaid. Power supply will be disconnected at 9 PM. Pay immediately at http://power-bill-pay.com or call 9876543210!,2026-09-20 19:41:00,VoIP,Fraud,159,27,14,11,1,22,Fraud
MSG12608,+917766554433,user_140@example.com,Super offer! Get unlimited streaming for just $5 per month. Sign up today. Code: 1454,2026-09-14 02:51:00,Email,Spam,85,15,5,5,0,14,Spam
MSG12611,+918877665544,user_188@example.com,ALERT: Your Paytm Wallet has been restricted. Share your OTP 482910 with our support agent to unblock your wallet instantly.,2026-09-21 13:03:00,WhatsApp,Fraud,124,20,6,3,0,12,Spam
MSG12612,admin@college.edu.in,user_328@example.com,CRITICAL ALERT: Your HDFC Bank account #9872 has been SUSPENDED due to pending KYC! Verify NOW at http://hdfc-kyc-update.net to avoid permanent block!,2026-09-19 22:14:00,Email,Fraud,150,26,4,10,1,12,Fraud
MSG12613,service@amazon.in,user_138@example.com,"Win a jackpot of $10,000 in our lucky draw! Text WIN to 58888 now to enter!",2026-09-06 09:08:00,Email,Spam,75,17,10,4,0,13,Spam
MSG12614,admin@college.edu.in,+919123450217,SECURITY NOTICE: Your SBI net banking account was accessed from unauthorized location. Click http://sbi-login-verify.com to secure your account immediately!,2026-09-16 21:43:00,VoIP,Fraud,156,23,0,9,1,11,Spam
MSG12615,kyc-alert@fast-verify.com,+919123450485,Your Uber ride is arriving in 3 minutes. Driver: Suresh (MH-02-AB-1234).,2026-09-22 07:45:00,SMS,Normal,72,14,7,8,0,10,Spam
MSG12616,admin@college.edu.in,+919123450363,"Your salary payment of $3,200 was credited to your bank account #8912. Statement at https://mybank.com/stmt",2026-09-15 10:20:00,Email,Normal,107,19,8,9,1,3,Fraud
MSG12617,alerts@security-update.org,+919123450357,I paid the exam registration fee of $120 via net banking. Transaction ID #TXN98123.,2026-09-12 20:34:00,WhatsApp,Normal,83,14,8,4,0,4,Spam
MSG12619,refund@tax-gov.org,+919123450273,"Your salary payment of $3,200 was credited to your bank account #8912. Statement at https://mybank.com/stmt",2026-09-10 06:58:00,Email,Normal,107,19,8,9,1,3,Fraud
MSG12622,info@superdeals.com,user_224@example.com,Our project advisor offered extra lab hours for Apache Spark model tuning.,2026-09-08 21:42:00,WhatsApp,Normal,74,12,0,1,0,9,Spam
MSG12623,kyc-alert@fast-verify.com,user_450@example.com,"Hey, are we still meeting for the Big Data lecture at 2 PM in Lab 304?",2026-09-04 15:29:00,Email,Normal,70,16,4,2,0,15,Spam
MSG12624,+919876543210,user_134@example.com,BANK ALERT: Your debit card has been disabled due to wrong PIN entries. Reactivate your card immediately at http://debitcard-activate-now.com,2026-09-12 13:43:00,VoIP,Fraud,141,23,0,8,1,4,Spam
MSG12625,info@superdeals.com,user_116@example.com,Get instant credit score check for FREE! No hidden charges. Visit http://free-credit-check.org,2026-09-11 18:43:00,VoIP,Spam,94,16,0,8,1,4,Spam
MSG12626,+919988776655,user_236@example.com,Please verify your attendance record on the college ERP portal before Friday.,2026-09-16 09:33:00,Email,Normal,77,12,0,1,0,10,Spam
MSG12630,offers@megasale.xyz,user_452@example.com,Please verify your attendance record on the college ERP portal before Friday.,2026-09-22 22:56:00,SMS,Normal,77,12,0,1,0,10,Spam
MSG12631,+917766554433,+919123450107,Unsubscribe from daily promotional alerts by clicking http://optout-deals.com or replying STOP.,2026-09-12 07:09:00,WhatsApp,Spam,95,14,0,6,1,7,Spam
MSG12632,colleague@vti.edu.in,user_362@example.com,Flat 50% discount on online coding courses! Limited seats remaining. Enrol today at www.learnfast.org Code: 8479,2026-09-25 20:35:00,WhatsApp,Spam,112,18,6,6,1,13,Fraud
MSG12635,alerts@security-update.org,user_118@example.com,Exclusive loan offer at 0% interest rate! Apply instantly at http://quickloan-approval.com,2026-09-25 22:18:00,SMS,Spam,90,14,1,7,1,3,Spam
MSG12636,support@bank-verify.net,+919123450237,Limited time clearance sale! Up to 90% off electronics at http://mega-sale-online.com,2026-09-10 14:31:00,Email,Spam,85,15,2,8,1,10,Spam
MSG12637,support@bank-verify.net,user_366@example.com,Huge End-of-Season Sale! Buy 1 Get 2 Free on all clothing items at www.fashionstore.com,2026-09-12 04:15:00,Email,Spam,87,18,2,5,1,6,Spam
MSG12638,+917766554433,user_430@example.com,Don't forget to submit the assignment before midnight today.,2026-09-02 16:51:00,VoIP,Normal,60,10,0,2,0,8,Spam
MSG12641,kyc-alert@fast-verify.com,user_336@example.com,CRITICAL ALERT: Your HDFC Bank account #9872 has been SUSPENDED due to pending KYC! Verify NOW at http://hdfc-kyc-update.net to avoid permanent block! Case: #78422,2026-09-18 14:24:00,VoIP,Fraud,163,28,9,12,1,14,Fraud
MSG12645,admin@college.edu.in,+919123450315,Our project advisor offered extra lab hours for Apache Spark model tuning. Note ref: #594,2026-09-10 04:58:00,Email,Normal,89,15,3,3,0,12,Spam
MSG12646,suresh.driver@uber.com,user_446@example.com,"Hi, please check your email or visit https://github.com/mumbai-univ/big-data-proj for project slides.",2026-09-02 22:05:00,SMS,Normal,101,18,0,11,1,10,Spam
MSG12647,+919820112233,user_334@example.com,The store issued a full refund of $35 for your returned item.,2026-09-09 15:12:00,VoIP,Normal,61,12,2,2,0,6,Spam
MSG12648,kyc-alert@fast-verify.com,user_324@example.com,Let's grab lunch after the distributed systems lab session.,2026-09-16 09:59:00,SMS,Normal,59,10,0,2,0,8,Spam
MSG12650,offers@megasale.xyz,+919123450253,"Your salary payment of $3,200 was credited to your bank account #8912. Statement at https://mybank.com/stmt",2026-09-05 10:37:00,SMS,Normal,107,19,8,9,1,3,Fraud
MSG12651,+919820112233,user_328@example.com,Huge End-of-Season Sale! Buy 1 Get 2 Free on all clothing items at www.fashionstore.com,2026-09-05 21:51:00,WhatsApp,Spam,87,18,2,5,1,6,Spam
MSG12652,friend@gmail.com,+919123450121,"Hey bro, did you complete the Hadoop installation step on your laptop?",2026-09-18 01:10:00,SMS,Normal,70,12,0,2,0,11,Spam
MSG12654,kyc-alert@fast-verify.com,+919123450181,"Hey bro, did you complete the Hadoop installation step on your laptop?",2026-09-22 05:28:00,VoIP,Normal,70,12,0,2,0,11,Spam
MSG12656,friend@gmail.com,user_414@example.com,I paid the exam registration fee of $120 via net banking. Transaction ID #TXN98123.,2026-09-17 21:40:00,SMS,Normal,83,14,8,4,0,4,Spam
MSG12657,offers@megasale.xyz,user_332@example.com,"Hey bro, did you complete the Hadoop installation step on your laptop?",2026-09-22 00:24:00,SMS,Normal,70,12,0,2,0,11,Spam
MSG12660,+919820112233,+919123450489,Can you send me the practical lab manual for Apache Spark?,2026-09-07 16:02:00,WhatsApp,Normal,58,11,0,1,0,10,Spam
MSG12663,admin@college.edu.in,+919123450147,Earn $500/day working from home with no investment required! Sign up at http://easycash.net Code: 3370,2026-09-07 14:28:00,VoIP,Spam,102,18,7,8,1,3,Fraud
MSG12665,admin@college.edu.in,+919123450469,My bank branch is closed tomorrow due to a public holiday.,2026-09-13 10:58:00,WhatsApp,Normal,58,11,0,1,0,9,Spam
MSG12666,offers@megasale.xyz,user_448@example.com,ATTENTION: Your electricity bill of $240 is unpaid. Power supply will be disconnected at 9 PM. Pay immediately at http://power-bill-pay.com or call 9876543210!,2026-09-18 07:14:00,WhatsApp,Fraud,159,27,14,11,1,22,Fraud
MSG12669,suresh.driver@uber.com,+919123450309,Reminder: Library books are due for return by Friday 5 PM.,2026-09-03 17:42:00,WhatsApp,Normal,58,11,1,2,0,10,Spam
MSG12675,refund@tax-gov.org,+919123450155,URGENT: Income tax department flagged your account for unpaid dues. Contact officer at +919820112233.,2026-09-15 16:02:00,SMS,Fraud,101,14,12,4,0,13,Spam
MSG12676,+919876543210,user_480@example.com,Can you send me the practical lab manual for Apache Spark?,2026-09-11 16:23:00,WhatsApp,Normal,58,11,0,1,0,10,Spam
MSG12679,student1@somaiya.edu,+919123450387,URGENT: Your bank account will be blocked within 24 hours due to missing PAN card details. Update immediately at http://bank-pan-verification.org,2026-09-14 16:04:00,WhatsApp,Fraud,145,24,2,8,1,4,Spam
MSG12682,colleague@vti.edu.in,user_172@example.com,The store issued a full refund of $35 for your returned item. Note ref: #739,2026-09-10 12:50:00,VoIP,Normal,76,15,5,4,0,9,Spam
MSG12683,+919876543210,user_232@example.com,Free home delivery on all grocery orders above $30. Order now at local store! Code: 2158,2026-09-03 09:35:00,WhatsApp,Spam,88,16,6,4,0,15,Spam
MSG12685,offers@megasale.xyz,user_324@example.com,Happy Birthday! Hope you have a fantastic day ahead with family.,2026-09-25 04:22:00,WhatsApp,Normal,64,11,0,2,0,10,Spam
MSG12686,+919988776655,+919123450315,Huge End-of-Season Sale! Buy 1 Get 2 Free on all clothing items at www.fashionstore.com,2026-09-19 19:03:00,SMS,Spam,87,18,2,5,1,6,Spam
MSG12687,service@amazon.in,+919123450329,Your Paytm wallet is restricted due to incomplete e-KYC. Reply with OTP code 882910 to unblock immediately.,2026-09-26 06:30:00,Email,Fraud,107,18,6,3,0,7,Spam
MSG12691,suresh.driver@uber.com,user_280@example.com,Limited time clearance sale! Up to 90% off electronics at http://mega-sale-online.com,2026-09-17 21:49:00,SMS,Spam,85,15,2,8,1,10,Spam
MSG12693,suresh.driver@uber.com,user_154@example.com,Your Amazon order #408-1928374 of $45.50 has been delivered. Track at https://www.amazon.in/order-tracking,2026-09-23 18:54:00,SMS,Normal,106,19,14,12,1,11,Fraud
MSG12694,+917766554433,+919123450219,"Congratulations! Your mobile number won 50,000 reward points! Redeem at www.rewardpoints.com",2026-09-05 03:01:00,SMS,Spam,92,14,5,5,1,6,Fraud
MSG12699,suresh.driver@uber.com,+919123450389,ALERT: Your Paytm Wallet has been restricted. Share your OTP 482910 with our support agent to unblock your wallet instantly.,2026-09-04 01:00:00,WhatsApp,Fraud,124,20,6,3,0,12,Spam
MSG12700,+919876543210,user_140@example.com,"Hi, please check your email or visit https://github.com/mumbai-univ/big-data-proj for project slides.",2026-09-06 09:14:00,WhatsApp,Normal,101,18,0,11,1,10,Spam
MSG12703,+919988776655,+919123450337,Good morning! Hope you have a productive week ahead.,2026-09-17 10:30:00,SMS,Normal,52,9,0,2,0,8,Spam
MSG12706,offers@megasale.xyz,user_164@example.com,Claim your $100 shopping voucher today! Reply CLAIM to 56767 to activate. Code: 5545,2026-09-11 02:18:00,SMS,Spam,84,14,12,4,0,7,Spam
MSG12707,student1@somaiya.edu,user_132@example.com,The exam timetable for 7th semester engineering has been published on portal.,2026-09-26 00:50:00,SMS,Normal,77,12,1,1,0,11,Spam
MSG12709,alerts@security-update.org,+919123450291,BANK ALERT: Your debit card has been disabled due to wrong PIN entries. Reactivate your card immediately at http://debitcard-activate-now.com,2026-09-08 00:01:00,WhatsApp,Fraud,141,23,0,8,1,4,Spam
MSG12712,alerts@security-update.org,+919123450345,Please find attached the project submission guidelines for Semester 7.,2026-09-07 00:52:00,WhatsApp,Normal,70,10,1,1,0,9,Spam
MSG12714,kyc-alert@fast-verify.com,user_488@example.com,Reminder: Library books are due for return by Friday 5 PM.,2026-09-16 13:00:00,Email,Normal,58,11,1,2,0,10,Spam
MSG12716,+919988776655,user_300@example.com,Reminder: Library books are due for return by Friday 5 PM.,2026-09-14 08:14:00,Email,Normal,58,11,1,2,0,10,Spam
MSG12718,+917766554433,+919123450135,The professor updated the syllabus on the college portal. Check https://portal.somaiya.edu/syllabus,2026-09-02 18:53:00,SMS,Normal,99,15,0,7,1,10,Spam
MSG12721,refund@tax-gov.org,user_212@example.com,Don't forget to submit the assignment before midnight today. Note ref: #502,2026-09-01 15:05:00,Email,Normal,75,13,3,4,0,11,Spam
MSG12722,refund@tax-gov.org,+919123450271,I paid the exam registration fee of $120 via net banking. Transaction ID #TXN98123.,2026-09-16 01:06:00,VoIP,Normal,83,14,8,4,0,4,Spam
MSG12724,support@bank-verify.net,user_104@example.com,The professor updated the syllabus on the college portal. Check https://portal.somaiya.edu/syllabus,2026-09-22 03:47:00,Email,Normal,99,15,0,7,1,10,Spam
MSG12725,admin@college.edu.in,user_336@example.com,The exam timetable for 7th semester engineering has been published on portal.,2026-09-02 10:56:00,VoIP,Normal,77,12,1,1,0,11,Spam
MSG12727,support@bank-verify.net,user_196@example.com,Our project advisor offered extra lab hours for Apache Spark model tuning.,2026-09-08 23:46:00,VoIP,Normal,74,12,0,1,0,9,Spam
MSG12729,friend@gmail.com,user_470@example.com,Special discount on summer online courses. Limited seats available today! Call 1800-9988-77.,2026-09-17 23:48:00,SMS,Spam,92,14,10,5,0,10,Spam
MSG12730,colleague@vti.edu.in,+919123450323,"Hi, please check your email or visit https://github.com/mumbai-univ/big-data-proj for project slides. Note ref: #214",2026-09-25 16:56:00,Email,Normal,116,21,3,13,1,13,Fraud
MSG12732,colleague@vti.edu.in,user_122@example.com,My bank branch is closed tomorrow due to a public holiday. Note ref: #669,2026-09-16 19:00:00,SMS,Normal,73,14,3,3,0,12,Spam
MSG12737,alerts@security-update.org,+919123450169,"Your salary payment of $3,200 was credited to your bank account #8912. Statement at https://mybank.com/stmt",2026-09-04 00:37:00,Email,Normal,107,19,8,9,1,3,Fraud
MSG12742,+919988776655,user_456@example.com,BIG WEEKEND SALE! Get 50% discount on all branded apparel! Reply YES for coupon code.,2026-09-12 10:11:00,SMS,Spam,85,15,2,4,0,9,Spam
MSG12745,refund@tax-gov.org,+919123450333,Meeting confirmed for tomorrow at 11 AM in Lab 304.,2026-09-17 12:41:00,VoIP,Normal,51,10,5,1,0,9,Spam
MSG12748,colleague@vti.edu.in,+919123450211,"TAX REFUND NOTICE: You are eligible for an income tax refund of $1,450. Click http://income-tax-refund-portal.net to claim your refund to bank account.",2026-09-02 15:51:00,SMS,Fraud,151,28,4,12,1,11,Fraud
MSG12752,kyc-alert@fast-verify.com,user_178@example.com,SECURITY NOTICE: Your SBI net banking account was accessed from unauthorized location. Click http://sbi-login-verify.com to secure your account immediately!,2026-09-24 15:23:00,SMS,Fraud,156,23,0,9,1,11,Spam
MSG12754,service@amazon.in,user_300@example.com,Please find attached the project submission guidelines for Semester 7.,2026-09-15 06:25:00,Email,Normal,70,10,1,1,0,9,Spam
MSG12756,info@superdeals.com,user_166@example.com,Limited time clearance sale! Up to 90% off electronics at http://mega-sale-online.com,2026-09-18 20:53:00,Email,Spam,85,15,2,8,1,10,Spam
MSG12758,suresh.driver@uber.com,user_236@example.com,PRIZE WINNER ALERT: You won 25 Lakh INR in KBC Lucky Draw! Deposit processing fee of $200 at http://kbc-prize-claim.xyz to release funds!,2026-09-05 22:46:00,Email,Fraud,137,26,5,10,1,9,Fraud
MSG12759,+919876543210,+919123450373,Special discount on summer online courses. Limited seats available today! Call 1800-9988-77.,2026-09-05 19:08:00,VoIP,Spam,92,14,10,5,0,10,Spam
MSG12760,student1@somaiya.edu,user_464@example.com,Try our new weight loss supplement for FREE! Order trial pack at www.fitlife.net Code: 4933,2026-09-18 15:21:00,SMS,Spam,91,17,4,4,1,8,Fraud
MSG12761,alerts@security-update.org,user_168@example.com,Are you available for a quick phone call regarding the group project?,2026-09-22 07:27:00,WhatsApp,Normal,69,12,0,1,0,11,Spam
MSG12764,colleague@vti.edu.in,+919123450355,Your Uber ride is arriving in 3 minutes. Driver: Suresh (MH-02-AB-1234).,2026-09-02 14:34:00,VoIP,Normal,72,14,7,8,0,10,Spam
MSG12768,kyc-alert@fast-verify.com,user_132@example.com,URGENT: Income tax department flagged your account for unpaid dues. Contact officer at +919820112233.,2026-09-10 19:52:00,VoIP,Fraud,101,14,12,4,0,13,Spam
MSG12770,student1@somaiya.edu,user_360@example.com,CONGRATS! You have won a free iPhone 15 Pro Max! Click http://win-iphone.xyz to claim now!,2026-09-16 21:13:00,SMS,Spam,90,18,2,8,1,3,Spam
MSG12772,alerts@security-update.org,user_106@example.com,Good morning! Hope you have a productive week ahead.,2026-09-13 21:39:00,VoIP,Normal,52,9,0,2,0,8,Spam
MSG12776,service@amazon.in,user_212@example.com,Please find attached the project submission guidelines for Semester 7.,2026-09-11 14:51:00,VoIP,Normal,70,10,1,1,0,9,Spam
MSG12778,+919988776655,+919123450161,BANK ALERT: Your debit card has been disabled due to wrong PIN entries. Reactivate your card immediately at http://debitcard-activate-now.com,2026-09-18 02:20:00,SMS,Fraud,141,23,0,8,1,4,Spam
MSG12779,suresh.driver@uber.com,user_180@example.com,Exclusive VIP pass for tech conference! Claim your free seat at http://techvip-pass.com Code: 5601,2026-09-17 20:13:00,Email,Spam,98,17,4,7,1,6,Fraud
MSG12782,+919820112233,user_454@example.com,Thanks for sharing the study notes for the upcoming viva exams.,2026-09-16 20:56:00,VoIP,Normal,63,11,0,1,0,10,Spam
MSG12789,+917766554433,+919123450493,Huge End-of-Season Sale! Buy 1 Get 2 Free on all clothing items at www.fashionstore.com,2026-09-19 10:43:00,Email,Spam,87,18,2,5,1,6,Spam
MSG12792,+919820112233,+919123450407,"Win a jackpot of $10,000 in our lucky draw! Text WIN to 58888 now to enter!",2026-09-23 09:21:00,Email,Spam,75,17,10,4,0,13,Spam
MSG12794,refund@tax-gov.org,user_216@example.com,"Hi Team, the project review meeting has been rescheduled to tomorrow morning at 10 AM.",2026-09-25 02:23:00,Email,Normal,86,15,2,2,0,14,Spam
MSG12795,friend@gmail.com,+919123450453,"Win a jackpot of $10,000 in our lucky draw! Text WIN to 58888 now to enter! Code: 6957",2026-09-17 10:42:00,Email,Spam,86,19,14,5,0,15,Spam
MSG12796,+918877665544,+919123450359,The professor updated the syllabus on the college portal. Check https://portal.somaiya.edu/syllabus,2026-09-02 21:57:00,WhatsApp,Normal,99,15,0,7,1,10,Spam
MSG12800,support@bank-verify.net,+919123450461,Your Paytm wallet is restricted due to incomplete e-KYC. Reply with OTP code 882910 to unblock immediately.,2026-09-23 18:28:00,SMS,Fraud,107,18,6,3,0,7,Spam
MSG12801,admin@college.edu.in,+919123450373,Try our new weight loss supplement for FREE! Order trial pack at www.fitlife.net,2026-09-19 15:40:00,WhatsApp,Spam,80,15,0,3,1,6,Spam
MSG12802,admin@college.edu.in,+919123450167,Your Amazon order #408-1928374 of $45.50 has been delivered. Track at https://www.amazon.in/order-tracking,2026-09-10 21:10:00,Email,Normal,106,19,14,12,1,11,Fraud
MSG12803,+919988776655,user_172@example.com,"FRAUD ALERT: Suspicious transaction of $899 detected on your Credit Card ending 4321. If not done by you, verify details at http://card-security-alert.net",2026-09-24 11:15:00,Email,Fraud,154,26,7,10,1,4,Fraud
MSG12804,student1@somaiya.edu,+919123450229,Don't forget to submit the assignment before midnight today.,2026-09-17 02:02:00,Email,Normal,60,10,0,2,0,8,Spam
MSG12806,kyc-alert@fast-verify.com,+919123450193,Boost your Instagram followers by 10k in 24 hours! Visit www.socialgrow.xyz now!,2026-09-10 22:32:00,WhatsApp,Spam,80,14,4,4,1,11,Fraud
MSG12811,student1@somaiya.edu,+919123450439,Please find attached the project submission guidelines for Semester 7.,2026-09-11 18:23:00,VoIP,Normal,70,10,1,1,0,9,Spam
MSG12812,offers@megasale.xyz,+919123450297,The store issued a full refund of $35 for your returned item.,2026-09-15 14:47:00,SMS,Normal,61,12,2,2,0,6,Spam
MSG12813,admin@college.edu.in,+919123450391,BIG WEEKEND SALE! Get 50% discount on all branded apparel! Reply YES for coupon code. Code: 6217,2026-09-09 06:21:00,SMS,Spam,96,17,6,5,0,11,Spam
MSG12816,kyc-alert@fast-verify.com,+919123450403,I paid the exam registration fee of $120 via net banking. Transaction ID #TXN98123. Note ref: #838,2026-09-15 22:39:00,Email,Normal,98,17,11,6,0,7,Spam
MSG12817,support@bank-verify.net,user_130@example.com,Here is the Zoom link for today's Big Data workshop: https://zoom.us/j/9812345678 Passcode: 102938,2026-09-01 08:34:00,VoIP,Normal,98,18,16,9,1,12,Fraud
MSG12818,service@amazon.in,+919123450181,CONGRATS! You have won a free iPhone 15 Pro Max! Click http://win-iphone.xyz to claim now!,2026-09-04 13:40:00,SMS,Spam,90,18,2,8,1,3,Spam
MSG12820,kyc-alert@fast-verify.com,user_336@example.com,Our project advisor offered extra lab hours for Apache Spark model tuning.,2026-09-19 19:26:00,VoIP,Normal,74,12,0,1,0,9,Spam
MSG12825,kyc-alert@fast-verify.com,user_268@example.com,Can you send me the practical lab manual for Apache Spark?,2026-09-09 21:45:00,WhatsApp,Normal,58,11,0,1,0,10,Spam
MSG12828,student1@somaiya.edu,user_388@example.com,Reminder: Library books are due for return by Friday 5 PM.,2026-09-14 06:18:00,VoIP,Normal,58,11,1,2,0,10,Spam
MSG12829,service@amazon.in,+919123450387,My bank branch is closed tomorrow due to a public holiday. Note ref: #243,2026-09-19 08:08:00,VoIP,Normal,73,14,3,3,0,12,Spam
MSG12831,student1@somaiya.edu,+919123450145,"Hey bro, did you complete the Hadoop installation step on your laptop?",2026-09-10 11:52:00,VoIP,Normal,70,12,0,2,0,11,Spam
MSG12833,alerts@security-update.org,user_340@example.com,The professor updated the syllabus on the college portal. Check https://portal.somaiya.edu/syllabus,2026-09-03 01:06:00,Email,Normal,99,15,0,7,1,10,Spam
MSG12834,service@amazon.in,+919123450415,Reminder: Library books are due for return by Friday 5 PM.,2026-09-22 11:15:00,Email,Normal,58,11,1,2,0,10,Spam
MSG12835,offers@megasale.xyz,user_170@example.com,Don't forget to submit the assignment before midnight today.,2026-09-11 11:17:00,VoIP,Normal,60,10,0,2,0,8,Spam
MSG12836,refund@tax-gov.org,user_468@example.com,Please find attached the project submission guidelines for Semester 7.,2026-09-09 11:47:00,SMS,Normal,70,10,1,1,0,9,Spam
MSG12838,suresh.driver@uber.com,user_414@example.com,The professor updated the syllabus on the college portal. Check https://portal.somaiya.edu/syllabus,2026-09-25 04:54:00,WhatsApp,Normal,99,15,0,7,1,10,Spam
MSG12840,alerts@security-update.org,user_252@example.com,FINAL NOTICE: Court summons issued for unpaid loan. Contact advocate immediately or visit http://legal-notice-portal.com to avoid arrest.,2026-09-13 05:52:00,WhatsApp,Fraud,137,21,0,9,1,3,Spam
MSG12842,kyc-alert@fast-verify.com,+919123450391,"Congratulations! Your mobile number won 50,000 reward points! Redeem at www.rewardpoints.com",2026-09-12 08:49:00,Email,Spam,92,14,5,5,1,6,Fraud
MSG12843,refund@tax-gov.org,+919123450245,Get instant credit score check for FREE! No hidden charges. Visit http://free-credit-check.org,2026-09-13 14:31:00,Email,Spam,94,16,0,8,1,4,Spam
MSG12844,support@bank-verify.net,user_174@example.com,URGENT SECURITY: Your WhatsApp account code is 918-243. Never share this code with anyone. Click http://whatsapp-verify-security.com to protect. Case: #98607,2026-09-03 12:08:00,Email,Fraud,157,25,11,13,1,6,Fraud
MSG12845,friend@gmail.com,user_470@example.com,The exam timetable for 7th semester engineering has been published on portal.,2026-09-25 14:22:00,Email,Normal,77,12,1,1,0,11,Spam
MSG12848,friend@gmail.com,+919123450267,Here is the Zoom link for today's Big Data workshop: https://zoom.us/j/9812345678 Passcode: 102938,2026-09-24 22:25:00,WhatsApp,Normal,98,18,16,9,1,12,Fraud
MSG12849,service@amazon.in,+919123450289,Happy Birthday! Hope you have a fantastic day ahead with family.,2026-09-22 20:13:00,WhatsApp,Normal,64,11,0,2,0,10,Spam
MSG12855,+918877665544,+919123450393,Your Paytm wallet is restricted due to incomplete e-KYC. Reply with OTP code 882910 to unblock immediately.,2026-09-04 11:07:00,Email,Fraud,107,18,6,3,0,7,Spam
MSG12856,info@superdeals.com,user_232@example.com,Your Uber ride is arriving in 3 minutes. Driver: Suresh (MH-02-AB-1234).,2026-09-19 09:08:00,WhatsApp,Normal,72,14,7,8,0,10,Spam
MSG12857,offers@megasale.xyz,user_124@example.com,Can you send me the practical lab manual for Apache Spark? Note ref: #655,2026-09-14 19:59:00,Email,Normal,73,14,3,3,0,13,Spam
MSG12859,student1@somaiya.edu,+919123450193,"FRAUD ALERT: Suspicious transaction of $899 detected on your Credit Card ending 4321. If not done by you, verify details at http://card-security-alert.net",2026-09-19 20:05:00,WhatsApp,Fraud,154,26,7,10,1,4,Fraud
MSG12863,info@superdeals.com,+919123450119,Happy Birthday! Hope you have a fantastic day ahead with family. Note ref: #369,2026-09-10 19:00:00,WhatsApp,Normal,79,14,3,4,0,13,Spam
MSG12865,service@amazon.in,user_300@example.com,Super offer! Get unlimited streaming for just $5 per month. Sign up today.,2026-09-09 13:53:00,WhatsApp,Spam,74,13,1,4,0,12,Spam
MSG12866,support@bank-verify.net,+919123450201,Your Amazon order #408-1928374 of $45.50 has been delivered. Track at https://www.amazon.in/order-tracking,2026-09-07 09:47:00,Email,Normal,106,19,14,12,1,11,Fraud
MSG12867,alerts@security-update.org,user_104@example.com,"Hi Team, the project review meeting has been rescheduled to tomorrow morning at 10 AM.",2026-09-02 01:44:00,Email,Normal,86,15,2,2,0,14,Spam
MSG12871,friend@gmail.com,user_412@example.com,"Hi, please check your email or visit https://github.com/mumbai-univ/big-data-proj for project slides.",2026-09-15 16:16:00,WhatsApp,Normal,101,18,0,11,1,10,Spam
MSG12873,admin@college.edu.in,+919123450349,"TAX REFUND NOTICE: You are eligible for an income tax refund of $1,450. Click http://income-tax-refund-portal.net to claim your refund to bank account.",2026-09-12 00:40:00,Email,Fraud,151,28,4,12,1,11,Fraud
MSG12875,+919820112233,user_146@example.com,Can you send me the practical lab manual for Apache Spark?,2026-09-08 18:05:00,VoIP,Normal,58,11,0,1,0,10,Spam
MSG12876,offers@megasale.xyz,+919123450129,ALERT: Your Paytm Wallet has been restricted. Share your OTP 482910 with our support agent to unblock your wallet instantly.,2026-09-20 03:44:00,VoIP,Fraud,124,20,6,3,0,12,Spam
MSG12877,refund@tax-gov.org,+919123450473,URGENT SECURITY: Your WhatsApp account code is 918-243. Never share this code with anyone. Click http://whatsapp-verify-security.com to protect.,2026-09-23 00:13:00,SMS,Fraud,144,23,6,11,1,4,Fraud
MSG12879,alerts@security-update.org,user_374@example.com,SECURITY NOTICE: Your SBI net banking account was accessed from unauthorized location. Click http://sbi-login-verify.com to secure your account immediately!,2026-09-08 08:18:00,VoIP,Fraud,156,23,0,9,1,11,Spam
MSG12882,+919988776655,user_226@example.com,Let's grab lunch after the distributed systems lab session.,2026-09-12 16:05:00,VoIP,Normal,59,10,0,2,0,8,Spam
MSG12884,colleague@vti.edu.in,+919123450121,Please find attached the project submission guidelines for Semester 7. Note ref: #568,2026-09-17 02:38:00,Email,Normal,85,13,4,3,0,12,Spam
MSG12885,+919876543210,user_442@example.com,Your Paytm wallet is restricted due to incomplete e-KYC. Reply with OTP code 882910 to unblock immediately.,2026-09-22 00:20:00,SMS,Fraud,107,18,6,3,0,7,Spam
MSG12890,student1@somaiya.edu,user_176@example.com,"Hey, are we still meeting for the Big Data lecture at 2 PM in Lab 304?",2026-09-06 11:24:00,Email,Normal,70,16,4,2,0,15,Spam
MSG12892,info@superdeals.com,+919123450203,CRITICAL ALERT: Your HDFC Bank account #9872 has been SUSPENDED due to pending KYC! Verify NOW at http://hdfc-kyc-update.net to avoid permanent block!,2026-09-14 17:35:00,WhatsApp,Fraud,150,26,4,10,1,12,Fraud
MSG12893,colleague@vti.edu.in,+919123450355,"Hey, are we still meeting for the Big Data lecture at 2 PM in Lab 304?",2026-09-01 20:49:00,WhatsApp,Normal,70,16,4,2,0,15,Spam
MSG12894,+919820112233,+919123450291,"Hey, are we still meeting for the Big Data lecture at 2 PM in Lab 304?",2026-09-24 10:18:00,VoIP,Normal,70,16,4,2,0,15,Spam
MSG12895,suresh.driver@uber.com,+919123450197,Earn $500/day working from home with no investment required! Sign up at http://easycash.net,2026-09-23 22:40:00,VoIP,Spam,91,16,3,7,1,1,Spam
MSG12899,offers@megasale.xyz,+919123450377,Can you send me the practical lab manual for Apache Spark?,2026-09-07 18:50:00,SMS,Normal,58,11,0,1,0,10,Spam
MSG12907,+919988776655,user_148@example.com,Earn $500/day working from home with no investment required! Sign up at http://easycash.net,2026-09-04 19:18:00,Email,Spam,91,16,3,7,1,1,Spam
MSG12908,+917766554433,user_464@example.com,Happy Birthday! Hope you have a fantastic day ahead with family.,2026-09-25 19:59:00,WhatsApp,Normal,64,11,0,2,0,10,Spam
MSG12910,admin@college.edu.in,user_384@example.com,"Hey bro, did you complete the Hadoop installation step on your laptop? Note ref: #434",2026-09-19 01:23:00,SMS,Normal,85,15,3,4,0,14,Spam
MSG12912,friend@gmail.com,user_326@example.com,The exam timetable for 7th semester engineering has been published on portal.,2026-09-12 11:06:00,VoIP,Normal,77,12,1,1,0,11,Spam
MSG12913,kyc-alert@fast-verify.com,user_426@example.com,Special discount on summer online courses. Limited seats available today! Call 1800-9988-77.,2026-09-14 03:46:00,VoIP,Spam,92,14,10,5,0,10,Spam
MSG12915,+919988776655,user_466@example.com,I paid the exam registration fee of $120 via net banking. Transaction ID #TXN98123.,2026-09-07 22:11:00,VoIP,Normal,83,14,8,4,0,4,Spam
MSG12920,+919820112233,+919123450129,Are you available for a quick phone call regarding the group project? Note ref: #662,2026-09-20 23:50:00,Email,Normal,84,15,3,3,0,14,Spam
MSG12922,suresh.driver@uber.com,+919123450199,Are you available for a quick phone call regarding the group project?,2026-09-09 21:56:00,VoIP,Normal,69,12,0,1,0,11,Spam
MSG12923,+919876543210,+919123450267,CRITICAL ALERT: Your HDFC Bank account #9872 has been SUSPENDED due to pending KYC! Verify NOW at http://hdfc-kyc-update.net to avoid permanent block!,2026-09-13 15:04:00,Email,Fraud,150,26,4,10,1,12,Fraud
MSG12926,refund@tax-gov.org,+919123450487,"Hi, please check your email or visit https://github.com/mumbai-univ/big-data-proj for project slides.",2026-09-12 10:35:00,VoIP,Normal,101,18,0,11,1,10,Spam
MSG12927,info@superdeals.com,user_356@example.com,"TAX REFUND NOTICE: You are eligible for an income tax refund of $1,450. Click http://income-tax-refund-portal.net to claim your refund to bank account.",2026-09-10 14:39:00,VoIP,Fraud,151,28,4,12,1,11,Fraud
MSG12928,+918877665544,user_358@example.com,Here is the Zoom link for today's Big Data workshop: https://zoom.us/j/9812345678 Passcode: 102938,2026-09-06 12:34:00,WhatsApp,Normal,98,18,16,9,1,12,Fraud
MSG12930,+917766554433,user_100@example.com,"Hi, please check your email or visit https://github.com/mumbai-univ/big-data-proj for project slides.",2026-09-09 23:23:00,SMS,Normal,101,18,0,11,1,10,Spam
MSG12931,info@superdeals.com,+919123450215,The exam timetable for 7th semester engineering has been published on portal.,2026-09-05 20:17:00,Email,Normal,77,12,1,1,0,11,Spam
MSG12936,refund@tax-gov.org,user_410@example.com,Can you send me the practical lab manual for Apache Spark?,2026-09-19 23:33:00,VoIP,Normal,58,11,0,1,0,10,Spam
MSG12937,offers@megasale.xyz,+919123450403,The exam timetable for 7th semester engineering has been published on portal.,2026-09-25 14:26:00,VoIP,Normal,77,12,1,1,0,11,Spam
MSG12940,support@bank-verify.net,+919123450413,Reminder: Library books are due for return by Friday 5 PM.,2026-09-05 14:53:00,WhatsApp,Normal,58,11,1,2,0,10,Spam
MSG12942,service@amazon.in,+919123450421,Meeting confirmed for tomorrow at 11 AM in Lab 304.,2026-09-21 13:20:00,SMS,Normal,51,10,5,1,0,9,Spam
MSG12943,+919820112233,+919123450327,Exclusive loan offer at 0% interest rate! Apply instantly at http://quickloan-approval.com,2026-09-22 23:01:00,WhatsApp,Spam,90,14,1,7,1,3,Spam
MSG12945,refund@tax-gov.org,+919123450257,Please verify your attendance record on the college ERP portal before Friday. Note ref: #900,2026-09-12 22:25:00,VoIP,Normal,92,15,3,3,0,13,Spam
MSG12946,student1@somaiya.edu,+919123450307,I paid the exam registration fee of $120 via net banking. Transaction ID #TXN98123.,2026-09-04 18:12:00,WhatsApp,Normal,83,14,8,4,0,4,Spam
MSG12948,colleague@vti.edu.in,user_422@example.com,Happy Birthday! Hope you have a fantastic day ahead with family.,2026-09-10 17:17:00,WhatsApp,Normal,64,11,0,2,0,10,Spam
MSG12950,support@bank-verify.net,+919123450439,Happy Birthday! Hope you have a fantastic day ahead with family.,2026-09-01 18:49:00,VoIP,Normal,64,11,0,2,0,10,Spam
MSG12953,+917766554433,user_494@example.com,Let's grab lunch after the distributed systems lab session.,2026-09-01 08:35:00,Email,Normal,59,10,0,2,0,8,Spam
MSG12955,alerts@security-update.org,user_416@example.com,I paid the exam registration fee of $120 via net banking. Transaction ID #TXN98123.,2026-09-13 06:04:00,VoIP,Normal,83,14,8,4,0,4,Spam
MSG12956,service@amazon.in,+919123450221,Flat 50% discount on online coding courses! Limited seats remaining. Enrol today at www.learnfast.org,2026-09-08 03:09:00,SMS,Spam,101,16,2,5,1,11,Spam
MSG12962,+919876543210,+919123450115,"Hi, please check your email or visit https://github.com/mumbai-univ/big-data-proj for project slides.",2026-09-10 14:52:00,SMS,Normal,101,18,0,11,1,10,Spam
MSG12963,alerts@security-update.org,user_238@example.com,My bank branch is closed tomorrow due to a public holiday.,2026-09-15 02:58:00,WhatsApp,Normal,58,11,0,1,0,9,Spam
MSG12964,+919876543210,+919123450301,URGENT SECURITY: Your WhatsApp account code is 918-243. Never share this code with anyone. Click http://whatsapp-verify-security.com to protect. Case: #88027,2026-09-13 19:33:00,VoIP,Fraud,157,25,11,13,1,6,Fraud
MSG12966,+917766554433,+919123450265,"URGENT: Your Amazon account has been locked due to suspicious purchase of $1,200. Verify identity at http://amazon-account-security-check.com Case: #26521",2026-09-21 04:26:00,WhatsApp,Fraud,154,25,9,13,1,6,Fraud
MSG12968,suresh.driver@uber.com,user_220@example.com,"TAX REFUND NOTICE: You are eligible for an income tax refund of $1,450. Click http://income-tax-refund-portal.net to claim your refund to bank account. Case: #11037",2026-09-14 18:06:00,Email,Fraud,164,30,9,14,1,13,Fraud
MSG12969,student1@somaiya.edu,+919123450345,"Hey, are we still meeting for the Big Data lecture at 2 PM in Lab 304?",2026-09-15 03:35:00,VoIP,Normal,70,16,4,2,0,15,Spam
MSG12974,+918877665544,+919123450467,Thanks for sharing the study notes for the upcoming viva exams.,2026-09-12 02:40:00,VoIP,Normal,63,11,0,1,0,10,Spam
MSG12975,refund@tax-gov.org,+919123450353,ALERT: Your Paytm Wallet has been restricted. Share your OTP 482910 with our support agent to unblock your wallet instantly.,2026-09-20 16:52:00,Email,Fraud,124,20,6,3,0,12,Spam
MSG12976,alerts@security-update.org,user_416@example.com,Free home delivery on all grocery orders above $30. Order now at local store!,2026-09-15 22:36:00,WhatsApp,Spam,77,14,2,3,0,13,Spam
MSG12978,+917766554433,+919123450307,Boost your Instagram followers by 10k in 24 hours! Visit www.socialgrow.xyz now! Code: 6122,2026-09-24 04:42:00,SMS,Spam,91,16,8,5,1,13,Fraud
MSG12979,refund@tax-gov.org,user_134@example.com,Your Uber ride is arriving in 3 minutes. Driver: Suresh (MH-02-AB-1234).,2026-09-16 14:59:00,SMS,Normal,72,14,7,8,0,10,Spam
MSG12981,friend@gmail.com,+919123450217,Good morning! Hope you have a productive week ahead.,2026-09-11 02:38:00,WhatsApp,Normal,52,9,0,2,0,8,Spam
MSG12983,refund@tax-gov.org,user_202@example.com,Exclusive VIP pass for tech conference! Claim your free seat at http://techvip-pass.com Code: 5919,2026-09-14 12:05:00,WhatsApp,Spam,98,17,4,7,1,6,Fraud
MSG12984,suresh.driver@uber.com,user_218@example.com,Super offer! Get unlimited streaming for just $5 per month. Sign up today.,2026-09-24 13:39:00,VoIP,Spam,74,13,1,4,0,12,Spam
MSG12986,alerts@security-update.org,+919123450429,URGENT: Your bank account will be blocked within 24 hours due to missing PAN card details. Update immediately at http://bank-pan-verification.org,2026-09-20 18:31:00,Email,Fraud,145,24,2,8,1,4,Spam
MSG12987,support@bank-verify.net,+919123450385,URGENT: Your debit card PIN was entered incorrectly 3 times. Visit your local bank branch or call 1800-112-211 immediately.,2026-09-17 09:09:00,SMS,Fraud,123,21,11,5,0,7,Spam
MSG12994,admin@college.edu.in,user_292@example.com,Reminder: Library books are due for return by Friday 5 PM.,2026-09-13 06:09:00,VoIP,Normal,58,11,1,2,0,10,Spam
MSG12997,+918877665544,user_376@example.com,PRIZE WINNER ALERT: You won 25 Lakh INR in KBC Lucky Draw! Deposit processing fee of $200 at http://kbc-prize-claim.xyz to release funds!,2026-09-25 02:14:00,VoIP,Fraud,137,26,5,10,1,9,Fraud
MSG12998,student1@somaiya.edu,+919123450299,Happy Birthday! Hope you have a fantastic day ahead with family.,2026-09-24 18:04:00,WhatsApp,Normal,64,11,0,2,0,10,Spam
MSG13000,friend@gmail.com,user_268@example.com,Your Uber ride is arriving in 3 minutes. Driver: Suresh (MH-02-AB-1234).,2026-09-24 23:52:00,WhatsApp,Normal,72,14,7,8,0,10,Spam
MSG10001,alerts@security-update.org,user_214@example.com,CONGRATS! You have won a free iPhone 15 Pro Max! Click http://win-iphone.xyz to claim now!,2026-09-05 23:57:00,Email,Spam,90,18,2,8,1,3,Spam
MSG10002,+919876543210,+919123450115,Free home delivery on all grocery orders above $30. Order now at local store! Code: 7912,2026-09-11 06:48:00,SMS,Spam,88,16,6,4,0,15,Spam
MSG10003,service@amazon.in,user_212@example.com,Meeting confirmed for tomorrow at 11 AM in Lab 304. Note ref: #303,2026-09-13 23:51:00,VoIP,Normal,66,13,8,3,0,12,Spam
MSG10005,suresh.driver@uber.com,user_152@example.com,Are you available for a quick phone call regarding the group project?,2026-09-18 14:58:00,SMS,Normal,69,12,0,1,0,11,Spam
MSG10007,offers@megasale.xyz,+919123450395,Reminder: Library books are due for return by Friday 5 PM. Note ref: #400,2026-09-04 11:58:00,Email,Normal,73,14,4,4,0,13,Spam
MSG10011,alerts@security-update.org,user_450@example.com,Let's grab lunch after the distributed systems lab session.,2026-09-03 21:05:00,WhatsApp,Normal,59,10,0,2,0,8,Spam
MSG10012,kyc-alert@fast-verify.com,+919123450237,Please find attached the project submission guidelines for Semester 7.,2026-09-10 22:26:00,SMS,Normal,70,10,1,1,0,9,Spam
MSG10014,alerts@security-update.org,+919123450481,SBI URGENT: Download SBI Safety App APK immediately from http://sbi-secure-app.xyz to prevent account hacking! Case: #28301,2026-09-20 19:57:00,WhatsApp,Fraud,123,20,5,10,1,10,Fraud
MSG10017,colleague@vti.edu.in,user_228@example.com,Meeting confirmed for tomorrow at 11 AM in Lab 304.,2026-09-06 13:07:00,SMS,Normal,51,10,5,1,0,9,Spam
MSG10018,suresh.driver@uber.com,+919123450157,Free home delivery on all grocery orders above $30. Order now at local store!,2026-09-21 02:52:00,WhatsApp,Spam,77,14,2,3,0,13,Spam
MSG10019,admin@college.edu.in,user_356@example.com,"Hey, are we still meeting for the Big Data lecture at 2 PM in Lab 304?",2026-09-24 10:31:00,Email,Normal,70,16,4,2,0,15,Spam
MSG10020,colleague@vti.edu.in,+919123450411,DEAR CUSTOMER: Your SIM card will be deactivated today due to non-verification. Complete e-KYC now at http://sim-kyc-update-online.com,2026-09-08 06:56:00,Email,Fraud,134,24,0,11,1,2,Spam
MSG10022,student1@somaiya.edu,user_222@example.com,Your Uber ride is arriving in 3 minutes. Driver: Suresh (MH-02-AB-1234).,2026-09-12 07:05:00,SMS,Normal,72,14,7,8,0,10,Spam
MSG10024,colleague@vti.edu.in,user_410@example.com,Free home delivery on all grocery orders above $30. Order now at local store!,2026-09-10 23:20:00,VoIP,Spam,77,14,2,3,0,13,Spam
MSG10029,friend@gmail.com,user_224@example.com,The store issued a full refund of $35 for your returned item.,2026-09-19 20:37:00,VoIP,Normal,61,12,2,2,0,6,Spam
MSG10031,+917766554433,+919123450131,SECURITY NOTICE: Your SBI net banking account was accessed from unauthorized location. Click http://sbi-login-verify.com to secure your account immediately!,2026-09-16 18:36:00,VoIP,Fraud,156,23,0,9,1,11,Spam
MSG10034,+918877665544,+919123450485,Free home delivery on all grocery orders above $30. Order now at local store!,2026-09-08 21:39:00,Email,Spam,77,14,2,3,0,13,Spam
MSG10037,+919876543210,user_396@example.com,Happy Birthday! Hope you have a fantastic day ahead with family.,2026-09-15 14:32:00,SMS,Normal,64,11,0,2,0,10,Spam
MSG10039,alerts@security-update.org,user_306@example.com,Thanks for sharing the study notes for the upcoming viva exams. Note ref: #169,2026-09-12 12:55:00,SMS,Normal,78,14,3,3,0,13,Spam
MSG10040,service@amazon.in,user_436@example.com,Please find attached the project submission guidelines for Semester 7.,2026-09-13 04:49:00,WhatsApp,Normal,70,10,1,1,0,9,Spam
MSG10041,admin@college.edu.in,user_302@example.com,My bank branch is closed tomorrow due to a public holiday.,2026-09-14 23:40:00,Email,Normal,58,11,0,1,0,9,Spam
MSG10043,offers@megasale.xyz,+919123450135,The exam timetable for 7th semester engineering has been published on portal.,2026-09-18 03:37:00,Email,Normal,77,12,1,1,0,11,Spam
MSG10047,admin@college.edu.in,user_126@example.com,Get instant credit score check for FREE! No hidden charges. Visit http://free-credit-check.org,2026-09-20 14:39:00,SMS,Spam,94,16,0,8,1,4,Spam
MSG10048,admin@college.edu.in,user_182@example.com,Special Offer: Get 80% OFF on all branded shoes! Visit www.superdeals.com before offer ends! Code: 3143,2026-09-20 19:08:00,VoIP,Spam,103,18,6,7,1,4,Fraud
MSG10055,alerts@security-update.org,user_214@example.com,Exclusive VIP pass for tech conference! Claim your free seat at http://techvip-pass.com,2026-09-10 02:56:00,SMS,Spam,87,15,0,6,1,4,Spam
MSG10056,admin@college.edu.in,+919123450279,Let's grab lunch after the distributed systems lab session.,2026-09-25 17:41:00,VoIP,Normal,59,10,0,2,0,8,Spam
MSG10057,support@bank-verify.net,+919123450397,"Hey, are we still meeting for the Big Data lecture at 2 PM in Lab 304? Note ref: #367",2026-09-03 01:47:00,WhatsApp,Normal,85,19,7,4,0,18,Spam
MSG10061,kyc-alert@fast-verify.com,user_456@example.com,I paid the exam registration fee of $120 via net banking. Transaction ID #TXN98123.,2026-09-07 03:01:00,WhatsApp,Normal,83,14,8,4,0,4,Spam
MSG10063,info@superdeals.com,user_320@example.com,"Hey, are we still meeting for the Big Data lecture at 2 PM in Lab 304?",2026-09-22 11:53:00,WhatsApp,Normal,70,16,4,2,0,15,Spam
MSG10064,friend@gmail.com,user_476@example.com,I paid the exam registration fee of $120 via net banking. Transaction ID #TXN98123.,2026-09-05 04:37:00,Email,Normal,83,14,8,4,0,4,Spam
MSG10067,kyc-alert@fast-verify.com,+919123450353,"Your salary payment of $3,200 was credited to your bank account #8912. Statement at https://mybank.com/stmt",2026-09-12 10:29:00,VoIP,Normal,107,19,8,9,1,3,Fraud
MSG10071,support@bank-verify.net,user_480@example.com,Please verify your attendance record on the college ERP portal before Friday.,2026-09-21 19:35:00,VoIP,Normal,77,12,0,1,0,10,Spam
MSG10074,kyc-alert@fast-verify.com,+919123450455,URGENT: Your bank account will be blocked within 24 hours due to missing PAN card details. Update immediately at http://bank-pan-verification.org Case: #40311,2026-09-11 01:41:00,Email,Fraud,158,26,7,10,1,6,Fraud
MSG10075,refund@tax-gov.org,user_312@example.com,"Hi, please check your email or visit https://github.com/mumbai-univ/big-data-proj for project slides.",2026-09-10 17:55:00,SMS,Normal,101,18,0,11,1,10,Spam
MSG10076,+919820112233,+919123450491,Limited time clearance sale! Up to 90% off electronics at http://mega-sale-online.com,2026-09-23 00:59:00,VoIP,Spam,85,15,2,8,1,10,Spam
MSG10078,kyc-alert@fast-verify.com,user_272@example.com,"Hi, please check your email or visit https://github.com/mumbai-univ/big-data-proj for project slides.",2026-09-08 20:16:00,VoIP,Normal,101,18,0,11,1,10,Spam
MSG10081,kyc-alert@fast-verify.com,user_242@example.com,Good morning! Hope you have a productive week ahead.,2026-09-12 19:32:00,VoIP,Normal,52,9,0,2,0,8,Spam
MSG10085,+917766554433,user_498@example.com,Meeting confirmed for tomorrow at 11 AM in Lab 304.,2026-09-15 11:44:00,Email,Normal,51,10,5,1,0,9,Spam
MSG10087,student1@somaiya.edu,user_450@example.com,"Your salary payment of $3,200 was credited to your bank account #8912. Statement at https://mybank.com/stmt",2026-09-03 04:51:00,SMS,Normal,107,19,8,9,1,3,Fraud
MSG10091,suresh.driver@uber.com,+919123450225,The store issued a full refund of $35 for your returned item.,2026-09-14 00:39:00,SMS,Normal,61,12,2,2,0,6,Spam
MSG10092,kyc-alert@fast-verify.com,user_272@example.com,INCOME TAX WARNING: Legal action initiated against your PAN for tax evasion. Call immediately at +91-9988776655 to settle compliance.,2026-09-23 19:54:00,SMS,Fraud,133,20,12,5,0,10,Spam
MSG10094,colleague@vti.edu.in,+919123450197,URGENT SECURITY: Your WhatsApp account code is 918-243. Never share this code with anyone. Click http://whatsapp-verify-security.com to protect.,2026-09-12 07:37:00,SMS,Fraud,144,23,6,11,1,4,Fraud
MSG10095,alerts@security-update.org,+919123450453,BIG WEEKEND SALE! Get 50% discount on all branded apparel! Reply YES for coupon code.,2026-09-23 16:06:00,VoIP,Spam,85,15,2,4,0,9,Spam
MSG10102,student1@somaiya.edu,+919123450457,Please find attached the project submission guidelines for Semester 7.,2026-09-23 16:10:00,Email,Normal,70,10,1,1,0,9,Spam
MSG10105,+919876543210,+919123450177,"Hey bro, did you complete the Hadoop installation step on your laptop?",2026-09-15 03:52:00,Email,Normal,70,12,0,2,0,11,Spam
MSG10107,service@amazon.in,user_256@example.com,Good morning! Hope you have a productive week ahead.,2026-09-05 20:23:00,SMS,Normal,52,9,0,2,0,8,Spam
MSG10109,service@amazon.in,user_330@example.com,Please verify your attendance record on the college ERP portal before Friday. Note ref: #102,2026-09-14 14:07:00,VoIP,Normal,92,15,3,3,0,13,Spam
MSG10110,refund@tax-gov.org,user_136@example.com,Happy Birthday! Hope you have a fantastic day ahead with family.,2026-09-13 08:57:00,Email,Normal,64,11,0,2,0,10,Spam
MSG10112,+919988776655,user_136@example.com,"Hi Team, the project review meeting has been rescheduled to tomorrow morning at 10 AM.",2026-09-08 21:13:00,SMS,Normal,86,15,2,2,0,14,Spam
MSG10113,student1@somaiya.edu,user_324@example.com,Super offer! Get unlimited streaming for just $5 per month. Sign up today.,2026-09-22 15:56:00,SMS,Spam,74,13,1,4,0,12,Spam
MSG10115,suresh.driver@uber.com,+919123450409,Please find attached the project submission guidelines for Semester 7.,2026-09-02 12:15:00,WhatsApp,Normal,70,10,1,1,0,9,Spam
MSG10116,+919820112233,+919123450491,I paid the exam registration fee of $120 via net banking. Transaction ID #TXN98123.,2026-09-03 03:56:00,WhatsApp,Normal,83,14,8,4,0,4,Spam
MSG10117,refund@tax-gov.org,user_242@example.com,"Win a jackpot of $10,000 in our lucky draw! Text WIN to 58888 now to enter!",2026-09-21 04:06:00,Email,Spam,75,17,10,4,0,13,Spam
MSG10120,+919876543210,user_332@example.com,Limited time clearance sale! Up to 90% off electronics at http://mega-sale-online.com,2026-09-15 15:32:00,SMS,Spam,85,15,2,8,1,10,Spam
MSG10121,kyc-alert@fast-verify.com,+919123450363,Don't forget to submit the assignment before midnight today.,2026-09-26 00:39:00,SMS,Normal,60,10,0,2,0,8,Spam
MSG10122,offers@megasale.xyz,user_418@example.com,Please find attached the project submission guidelines for Semester 7.,2026-09-21 10:49:00,VoIP,Normal,70,10,1,1,0,9,Spam
MSG10123,+919988776655,+919123450247,Unsubscribe from daily promotional alerts by clicking http://optout-deals.com or replying STOP.,2026-09-23 09:26:00,VoIP,Spam,95,14,0,6,1,7,Spam
MSG10124,alerts@security-update.org,+919123450463,"Your salary payment of $3,200 was credited to your bank account #8912. Statement at https://mybank.com/stmt",2026-09-15 11:25:00,Email,Normal,107,19,8,9,1,3,Fraud
MSG10126,student1@somaiya.edu,user_360@example.com,Exclusive loan offer at 0% interest rate! Apply instantly at http://quickloan-approval.com,2026-09-20 05:49:00,WhatsApp,Spam,90,14,1,7,1,3,Spam
MSG10129,+919820112233,user_244@example.com,URGENT: Your debit card PIN was entered incorrectly 3 times. Visit your local bank branch or call 1800-112-211 immediately.,2026-09-23 14:49:00,WhatsApp,Fraud,123,21,11,5,0,7,Spam
MSG10130,offers@megasale.xyz,user_270@example.com,SBI URGENT: Download SBI Safety App APK immediately from http://sbi-secure-app.xyz to prevent account hacking!,2026-09-22 01:21:00,VoIP,Fraud,110,18,0,8,1,8,Spam
MSG10132,kyc-alert@fast-verify.com,+919123450297,FINAL NOTICE: Court summons issued for unpaid loan. Contact advocate immediately or visit http://legal-notice-portal.com to avoid arrest. Case: #71993,2026-09-23 21:01:00,Email,Fraud,150,23,5,11,1,5,Fraud
MSG10134,service@amazon.in,+919123450435,Good morning! Hope you have a productive week ahead. Note ref: #247,2026-09-04 17:43:00,Email,Normal,67,12,3,4,0,11,Spam
MSG10136,suresh.driver@uber.com,user_420@example.com,Your Paytm wallet is restricted due to incomplete e-KYC. Reply with OTP code 882910 to unblock immediately.,2026-09-25 22:56:00,VoIP,Fraud,107,18,6,3,0,7,Spam
MSG10138,student1@somaiya.edu,user_114@example.com,ATTENTION: Your electricity bill of $240 is unpaid. Power supply will be disconnected at 9 PM. Pay immediately at http://power-bill-pay.com or call 9876543210!,2026-09-16 02:18:00,SMS,Fraud,159,27,14,11,1,22,Fraud
MSG10141,+919988776655,user_218@example.com,Huge End-of-Season Sale! Buy 1 Get 2 Free on all clothing items at www.fashionstore.com,2026-09-12 21:24:00,VoIP,Spam,87,18,2,5,1,6,Spam
MSG10144,kyc-alert@fast-verify.com,+919123450347,Happy Birthday! Hope you have a fantastic day ahead with family.,2026-09-12 03:05:00,SMS,Normal,64,11,0,2,0,10,Spam
MSG10145,student1@somaiya.edu,+919123450111,Your Uber ride is arriving in 3 minutes. Driver: Suresh (MH-02-AB-1234).,2026-09-13 19:48:00,VoIP,Normal,72,14,7,8,0,10,Spam
MSG10146,+919876543210,user_410@example.com,I paid the exam registration fee of $120 via net banking. Transaction ID #TXN98123.,2026-09-14 08:36:00,VoIP,Normal,83,14,8,4,0,4,Spam
MSG10149,student1@somaiya.edu,+919123450267,The store issued a full refund of $35 for your returned item.,2026-09-09 07:50:00,VoIP,Normal,61,12,2,2,0,6,Spam
MSG10150,offers@megasale.xyz,+919123450371,Please verify your attendance record on the college ERP portal before Friday.,2026-09-08 19:43:00,WhatsApp,Normal,77,12,0,1,0,10,Spam
MSG10151,student1@somaiya.edu,user_482@example.com,Here is the Zoom link for today's Big Data workshop: https://zoom.us/j/9812345678 Passcode: 102938,2026-09-06 13:47:00,WhatsApp,Normal,98,18,16,9,1,12,Fraud
MSG10152,alerts@security-update.org,user_446@example.com,Can you send me the practical lab manual for Apache Spark?,2026-09-17 23:31:00,VoIP,Normal,58,11,0,1,0,10,Spam
MSG10153,+917766554433,user_332@example.com,Reminder: Library books are due for return by Friday 5 PM. Note ref: #649,2026-09-13 06:21:00,WhatsApp,Normal,73,14,4,4,0,13,Spam
MSG10159,info@superdeals.com,+919123450327,Get instant credit score check for FREE! No hidden charges. Visit http://free-credit-check.org Code: 7070,2026-09-12 01:53:00,VoIP,Spam,105,18,4,9,1,6,Fraud
MSG10160,offers@megasale.xyz,user_378@example.com,ATTENTION: Your electricity bill of $240 is unpaid. Power supply will be disconnected at 9 PM. Pay immediately at http://power-bill-pay.com or call 9876543210!,2026-09-04 02:08:00,WhatsApp,Fraud,159,27,14,11,1,22,Fraud
MSG10163,info@superdeals.com,+919123450219,Free home delivery on all grocery orders above $30. Order now at local store!,2026-09-08 01:10:00,WhatsApp,Spam,77,14,2,3,0,13,Spam
MSG10164,+919988776655,user_376@example.com,Super offer! Get unlimited streaming for just $5 per month. Sign up today. Code: 3370,2026-09-09 06:35:00,WhatsApp,Spam,85,15,5,5,0,14,Spam
MSG10165,offers@megasale.xyz,+919123450221,"Hey, are we still meeting for the Big Data lecture at 2 PM in Lab 304?",2026-09-02 01:14:00,WhatsApp,Normal,70,16,4,2,0,15,Spam
MSG10166,service@amazon.in,+919123450369,Please find attached the project submission guidelines for Semester 7.,2026-09-04 05:25:00,SMS,Normal,70,10,1,1,0,9,Spam
MSG10167,+917766554433,+919123450331,Our project advisor offered extra lab hours for Apache Spark model tuning.,2026-09-03 07:21:00,Email,Normal,74,12,0,1,0,9,Spam
MSG10169,refund@tax-gov.org,+919123450137,Don't forget to submit the assignment before midnight today.,2026-09-15 23:49:00,SMS,Normal,60,10,0,2,0,8,Spam
MSG10171,+917766554433,+919123450435,"Hi, please check your email or visit https://github.com/mumbai-univ/big-data-proj for project slides. Note ref: #818",2026-09-20 21:45:00,Email,Normal,116,21,3,13,1,13,Fraud
MSG10172,refund@tax-gov.org,user_304@example.com,The professor updated the syllabus on the college portal. Check https://portal.somaiya.edu/syllabus,2026-09-05 15:51:00,VoIP,Normal,99,15,0,7,1,10,Spam
MSG10174,offers@megasale.xyz,user_166@example.com,Can you send me the practical lab manual for Apache Spark? Note ref: #198,2026-09-16 08:03:00,SMS,Normal,73,14,3,3,0,13,Spam
MSG10175,service@amazon.in,+919123450469,Try our new weight loss supplement for FREE! Order trial pack at www.fitlife.net,2026-09-14 10:10:00,SMS,Spam,80,15,0,3,1,6,Spam
MSG10177,offers@megasale.xyz,user_158@example.com,Boost your Instagram followers by 10k in 24 hours! Visit www.socialgrow.xyz now!,2026-09-11 15:01:00,WhatsApp,Spam,80,14,4,4,1,11,Fraud
MSG10180,+918877665544,user_172@example.com,BANK NOTICE: Your account #4092 is suspended. Please verify identity at nearest branch or call +919988776655.,2026-09-05 12:13:00,SMS,Fraud,109,16,16,5,0,9,Spam
MSG10182,+918877665544,user_126@example.com,Your Amazon order #408-1928374 of $45.50 has been delivered. Track at https://www.amazon.in/order-tracking,2026-09-08 11:56:00,Email,Normal,106,19,14,12,1,11,Fraud
MSG10183,admin@college.edu.in,user_326@example.com,Special Offer: Get 80% OFF on all branded shoes! Visit www.superdeals.com before offer ends!,2026-09-23 10:28:00,VoIP,Spam,92,16,2,6,1,2,Spam
MSG10184,colleague@vti.edu.in,user_158@example.com,Try our new weight loss supplement for FREE! Order trial pack at www.fitlife.net,2026-09-20 21:34:00,WhatsApp,Spam,80,15,0,3,1,6,Spam
MSG10185,friend@gmail.com,+919123450369,I paid the exam registration fee of $120 via net banking. Transaction ID #TXN98123.,2026-09-03 09:36:00,WhatsApp,Normal,83,14,8,4,0,4,Spam
MSG10189,suresh.driver@uber.com,user_394@example.com,Good morning! Hope you have a productive week ahead.,2026-09-19 17:44:00,VoIP,Normal,52,9,0,2,0,8,Spam
MSG10190,kyc-alert@fast-verify.com,user_110@example.com,Try our new weight loss supplement for FREE! Order trial pack at www.fitlife.net,2026-09-09 03:43:00,WhatsApp,Spam,80,15,0,3,1,6,Spam
MSG10191,offers@megasale.xyz,+919123450145,Super offer! Get unlimited streaming for just $5 per month. Sign up today.,2026-09-06 03:37:00,VoIP,Spam,74,13,1,4,0,12,Spam
MSG10192,+918877665544,user_302@example.com,"Hey bro, did you complete the Hadoop installation step on your laptop?",2026-09-16 18:50:00,WhatsApp,Normal,70,12,0,2,0,11,Spam
MSG10194,+919988776655,user_220@example.com,Our project advisor offered extra lab hours for Apache Spark model tuning.,2026-09-07 23:57:00,SMS,Normal,74,12,0,1,0,9,Spam
MSG10202,refund@tax-gov.org,user_324@example.com,Special Offer: Get 80% OFF on all branded shoes! Visit www.superdeals.com before offer ends!,2026-09-17 21:28:00,Email,Spam,92,16,2,6,1,2,Spam
MSG10205,offers@megasale.xyz,user_258@example.com,"Hey bro, did you complete the Hadoop installation step on your laptop?",2026-09-07 04:50:00,VoIP,Normal,70,12,0,2,0,11,Spam
MSG10208,friend@gmail.com,user_198@example.com,Are you available for a quick phone call regarding the group project?,2026-09-07 14:15:00,Email,Normal,69,12,0,1,0,11,Spam
MSG10210,+919988776655,+919123450183,URGENT: Income tax department flagged your account for unpaid dues. Contact officer at +919820112233. Case: #59377,2026-09-08 20:48:00,Email,Fraud,114,16,17,6,0,15,Spam
MSG10211,alerts@security-update.org,+919123450327,Special Offer: Get 80% OFF on all branded shoes! Visit www.superdeals.com before offer ends!,2026-09-21 18:20:00,WhatsApp,Spam,92,16,2,6,1,2,Spam
MSG10214,+919876543210,user_428@example.com,Super offer! Get unlimited streaming for just $5 per month. Sign up today. Code: 5096,2026-09-18 05:27:00,VoIP,Spam,85,15,5,5,0,14,Spam
MSG10216,colleague@vti.edu.in,+919123450175,Get instant credit score check for FREE! No hidden charges. Visit http://free-credit-check.org,2026-09-05 12:10:00,VoIP,Spam,94,16,0,8,1,4,Spam
MSG10221,+919988776655,user_380@example.com,Earn $500/day working from home with no investment required! Sign up at http://easycash.net Code: 4533,2026-09-06 09:26:00,VoIP,Spam,102,18,7,8,1,3,Fraud
MSG10223,+919820112233,+919123450423,Here is the Zoom link for today's Big Data workshop: https://zoom.us/j/9812345678 Passcode: 102938,2026-09-07 20:49:00,Email,Normal,98,18,16,9,1,12,Fraud
MSG10224,alerts@security-update.org,user_392@example.com,"Hey, are we still meeting for the Big Data lecture at 2 PM in Lab 304?",2026-09-09 20:35:00,VoIP,Normal,70,16,4,2,0,15,Spam
MSG10225,offers@megasale.xyz,user_134@example.com,Earn $500/day working from home with no investment required! Sign up at http://easycash.net,2026-09-19 02:28:00,SMS,Spam,91,16,3,7,1,1,Spam
MSG10228,support@bank-verify.net,user_498@example.com,Please verify your attendance record on the college ERP portal before Friday.,2026-09-23 02:41:00,VoIP,Normal,77,12,0,1,0,10,Spam
MSG10233,support@bank-verify.net,user_354@example.com,"URGENT: Your Amazon account has been locked due to suspicious purchase of $1,200. Verify identity at http://amazon-account-security-check.com",2026-09-18 01:14:00,VoIP,Fraud,141,23,4,11,1,4,Fraud
MSG10234,+918877665544,user_472@example.com,URGENT: Your debit card PIN was entered incorrectly 3 times. Visit your local bank branch or call 1800-112-211 immediately.,2026-09-04 22:12:00,VoIP,Fraud,123,21,11,5,0,7,Spam
MSG10240,kyc-alert@fast-verify.com,user_390@example.com,"Your salary payment of $3,200 was credited to your bank account #8912. Statement at https://mybank.com/stmt",2026-09-08 07:35:00,SMS,Normal,107,19,8,9,1,3,Fraud
MSG10247,+919988776655,+919123450221,Don't forget to submit the assignment before midnight today.,2026-09-02 12:42:00,VoIP,Normal,60,10,0,2,0,8,Spam
MSG10249,colleague@vti.edu.in,user_310@example.com,My bank branch is closed tomorrow due to a public holiday.,2026-09-04 16:33:00,VoIP,Normal,58,11,0,1,0,9,Spam
MSG10251,support@bank-verify.net,+919123450493,Your Paytm wallet is restricted due to incomplete e-KYC. Reply with OTP code 882910 to unblock immediately.,2026-09-21 00:32:00,Email,Fraud,107,18,6,3,0,7,Spam
MSG10254,student1@somaiya.edu,user_414@example.com,Please verify your attendance record on the college ERP portal before Friday.,2026-09-24 04:56:00,SMS,Normal,77,12,0,1,0,10,Spam
MSG10255,+919988776655,+919123450187,Claim your $100 shopping voucher today! Reply CLAIM to 56767 to activate.,2026-09-03 04:59:00,WhatsApp,Spam,73,12,8,3,0,5,Spam
MSG10256,info@superdeals.com,user_492@example.com,CONGRATS! You have won a free iPhone 15 Pro Max! Click http://win-iphone.xyz to claim now! Code: 5336,2026-09-02 17:04:00,VoIP,Spam,101,20,6,9,1,5,Fraud
MSG10257,student1@somaiya.edu,+919123450347,"Your salary payment of $3,200 was credited to your bank account #8912. Statement at https://mybank.com/stmt",2026-09-19 19:33:00,Email,Normal,107,19,8,9,1,3,Fraud
MSG10258,support@bank-verify.net,+919123450325,Can you send me the practical lab manual for Apache Spark?,2026-09-23 08:55:00,VoIP,Normal,58,11,0,1,0,10,Spam
MSG10261,alerts@security-update.org,user_172@example.com,Don't forget to submit the assignment before midnight today.,2026-09-03 15:16:00,SMS,Normal,60,10,0,2,0,8,Spam
MSG10262,service@amazon.in,+919123450227,Reminder: Library books are due for return by Friday 5 PM.,2026-09-16 05:38:00,Email,Normal,58,11,1,2,0,10,Spam
MSG10267,student1@somaiya.edu,+919123450137,Please verify your attendance record on the college ERP portal before Friday.,2026-09-24 06:46:00,VoIP,Normal,77,12,0,1,0,10,Spam
MSG10268,+917766554433,+919123450165,Please verify your attendance record on the college ERP portal before Friday.,2026-09-19 06:14:00,SMS,Normal,77,12,0,1,0,10,Spam
MSG10273,student1@somaiya.edu,+919123450343,Free home delivery on all grocery orders above $30. Order now at local store!,2026-09-18 02:20:00,SMS,Spam,77,14,2,3,0,13,Spam
MSG10275,alerts@security-update.org,+919123450469,"Your salary payment of $3,200 was credited to your bank account #8912. Statement at https://mybank.com/stmt",2026-09-23 04:46:00,SMS,Normal,107,19,8,9,1,3,Fraud
MSG10276,kyc-alert@fast-verify.com,+919123450175,"Your salary payment of $3,200 was credited to your bank account #8912. Statement at https://mybank.com/stmt",2026-09-02 18:29:00,Email,Normal,107,19,8,9,1,3,Fraud
MSG10278,friend@gmail.com,user_476@example.com,Are you available for a quick phone call regarding the group project?,2026-09-07 14:49:00,SMS,Normal,69,12,0,1,0,11,Spam
MSG10279,friend@gmail.com,+919123450369,Please verify your attendance record on the college ERP portal before Friday.,2026-09-15 14:42:00,VoIP,Normal,77,12,0,1,0,10,Spam
MSG10281,admin@college.edu.in,+919123450385,Unsubscribe from daily promotional alerts by clicking http://optout-deals.com or replying STOP.,2026-09-11 13:36:00,WhatsApp,Spam,95,14,0,6,1,7,Spam
MSG10282,info@superdeals.com,+919123450453,DEAR CUSTOMER: Your SIM card will be deactivated today due to non-verification. Complete e-KYC now at http://sim-kyc-update-online.com,2026-09-15 18:17:00,VoIP,Fraud,134,24,0,11,1,2,Spam
MSG10289,friend@gmail.com,user_344@example.com,"TAX REFUND NOTICE: You are eligible for an income tax refund of $1,450. Click http://income-tax-refund-portal.net to claim your refund to bank account.",2026-09-14 09:44:00,Email,Fraud,151,28,4,12,1,11,Fraud
MSG10290,+918877665544,+919123450433,"Your salary payment of $3,200 was credited to your bank account #8912. Statement at https://mybank.com/stmt Note ref: #887",2026-09-25 16:31:00,Email,Normal,122,22,11,11,1,6,Fraud
MSG10291,support@bank-verify.net,+919123450313,Special Offer: Get 80% OFF on all branded shoes! Visit www.superdeals.com before offer ends!,2026-09-02 23:41:00,Email,Spam,92,16,2,6,1,2,Spam
MSG10293,suresh.driver@uber.com,+919123450245,"Hey bro, did you complete the Hadoop installation step on your laptop?",2026-09-26 01:25:00,VoIP,Normal,70,12,0,2,0,11,Spam
MSG10297,+917766554433,user_194@example.com,Can you send me the practical lab manual for Apache Spark?,2026-09-23 01:30:00,Email,Normal,58,11,0,1,0,10,Spam
MSG10299,admin@college.edu.in,user_434@example.com,The store issued a full refund of $35 for your returned item.,2026-09-12 02:06:00,WhatsApp,Normal,61,12,2,2,0,6,Spam
MSG10304,+917766554433,+919123450131,Earn $500/day working from home with no investment required! Sign up at http://easycash.net,2026-09-25 18:10:00,Email,Spam,91,16,3,7,1,1,Spam
MSG10305,refund@tax-gov.org,+919123450159,Your Amazon order #408-1928374 of $45.50 has been delivered. Track at https://www.amazon.in/order-tracking,2026-09-23 13:55:00,Email,Normal,106,19,14,12,1,11,Fraud
MSG10309,+918877665544,+919123450341,Free home delivery on all grocery orders above $30. Order now at local store!,2026-09-14 09:34:00,SMS,Spam,77,14,2,3,0,13,Spam
MSG10310,service@amazon.in,+919123450291,Our project advisor offered extra lab hours for Apache Spark model tuning.,2026-09-21 17:55:00,VoIP,Normal,74,12,0,1,0,9,Spam
MSG10312,+919988776655,user_472@example.com,Please verify your attendance record on the college ERP portal before Friday.,2026-09-01 11:47:00,Email,Normal,77,12,0,1,0,10,Spam
MSG10314,info@superdeals.com,+919123450471,Your Uber ride is arriving in 3 minutes. Driver: Suresh (MH-02-AB-1234).,2026-09-02 19:11:00,SMS,Normal,72,14,7,8,0,10,Spam
MSG10316,+919876543210,+919123450225,Please find attached the project submission guidelines for Semester 7.,2026-09-19 15:22:00,SMS,Normal,70,10,1,1,0,9,Spam
MSG10317,+919876543210,+919123450171,Please verify your attendance record on the college ERP portal before Friday.,2026-09-11 23:46:00,WhatsApp,Normal,77,12,0,1,0,10,Spam
MSG10318,suresh.driver@uber.com,+919123450221,Claim your $100 shopping voucher today! Reply CLAIM to 56767 to activate.,2026-09-07 20:28:00,WhatsApp,Spam,73,12,8,3,0,5,Spam
MSG10320,+919876543210,user_276@example.com,Try our new weight loss supplement for FREE! Order trial pack at www.fitlife.net,2026-09-25 04:51:00,VoIP,Spam,80,15,0,3,1,6,Spam
MSG10321,student1@somaiya.edu,user_292@example.com,"Hi, please check your email or visit https://github.com/mumbai-univ/big-data-proj for project slides.",2026-09-25 19:33:00,Email,Normal,101,18,0,11,1,10,Spam
MSG10322,+919988776655,+919123450337,The professor updated the syllabus on the college portal. Check https://portal.somaiya.edu/syllabus,2026-09-20 02:45:00,SMS,Normal,99,15,0,7,1,10,Spam
MSG10323,kyc-alert@fast-verify.com,user_224@example.com,Your Paytm wallet is restricted due to incomplete e-KYC. Reply with OTP code 882910 to unblock immediately.,2026-09-10 14:05:00,WhatsApp,Fraud,107,18,6,3,0,7,Spam
MSG10324,offers@megasale.xyz,+919123450147,Can you send me the practical lab manual for Apache Spark?,2026-09-03 16:17:00,Email,Normal,58,11,0,1,0,10,Spam
MSG10325,+919876543210,+919123450137,I paid the exam registration fee of $120 via net banking. Transaction ID #TXN98123.,2026-09-11 05:02:00,Email,Normal,83,14,8,4,0,4,Spam
MSG10327,info@superdeals.com,+919123450303,BIG WEEKEND SALE! Get 50% discount on all branded apparel! Reply YES for coupon code.,2026-09-15 23:17:00,Email,Spam,85,15,2,4,0,9,Spam
MSG10332,alerts@security-update.org,+919123450355,Reminder: Library books are due for return by Friday 5 PM.,2026-09-13 01:04:00,WhatsApp,Normal,58,11,1,2,0,10,Spam
MSG10333,friend@gmail.com,+919123450335,BIG WEEKEND SALE! Get 50% discount on all branded apparel! Reply YES for coupon code.,2026-09-17 08:40:00,Email,Spam,85,15,2,4,0,9,Spam
MSG10334,support@bank-verify.net,+919123450377,The store issued a full refund of $35 for your returned item.,2026-09-25 04:17:00,SMS,Normal,61,12,2,2,0,6,Spam
MSG10335,+919876543210,+919123450491,Can you send me the practical lab manual for Apache Spark?,2026-09-20 02:26:00,SMS,Normal,58,11,0,1,0,10,Spam
MSG10337,friend@gmail.com,+919123450437,Please find attached the project submission guidelines for Semester 7.,2026-09-02 01:10:00,VoIP,Normal,70,10,1,1,0,9,Spam
MSG10345,friend@gmail.com,user_238@example.com,My bank branch is closed tomorrow due to a public holiday.,2026-09-04 17:12:00,SMS,Normal,58,11,0,1,0,9,Spam
MSG10346,+919876543210,+919123450191,Get instant credit score check for FREE! No hidden charges. Visit http://free-credit-check.org,2026-09-02 01:06:00,WhatsApp,Spam,94,16,0,8,1,4,Spam
MSG10349,alerts@security-update.org,user_138@example.com,Your Uber ride is arriving in 3 minutes. Driver: Suresh (MH-02-AB-1234). Note ref: #547,2026-09-19 09:18:00,WhatsApp,Normal,87,17,10,10,0,13,Spam
MSG10350,refund@tax-gov.org,+919123450351,PRIZE WINNER ALERT: You won 25 Lakh INR in KBC Lucky Draw! Deposit processing fee of $200 at http://kbc-prize-claim.xyz to release funds! Case: #45825,2026-09-17 12:38:00,Email,Fraud,150,28,10,12,1,11,Fraud
MSG10353,refund@tax-gov.org,user_284@example.com,Don't forget to submit the assignment before midnight today. Note ref: #415,2026-09-05 23:39:00,WhatsApp,Normal,75,13,3,4,0,11,Spam
MSG10354,colleague@vti.edu.in,user_308@example.com,Thanks for sharing the study notes for the upcoming viva exams.,2026-09-02 12:41:00,SMS,Normal,63,11,0,1,0,10,Spam
MSG10355,suresh.driver@uber.com,+919123450297,Please verify your attendance record on the college ERP portal before Friday. Note ref: #712,2026-09-14 14:46:00,SMS,Normal,92,15,3,3,0,13,Spam
MSG10356,alerts@security-update.org,user_392@example.com,Our project advisor offered extra lab hours for Apache Spark model tuning. Note ref: #672,2026-09-18 15:51:00,Email,Normal,89,15,3,3,0,12,Spam
MSG10360,kyc-alert@fast-verify.com,user_268@example.com,Reminder: Library books are due for return by Friday 5 PM.,2026-09-16 13:37:00,VoIP,Normal,58,11,1,2,0,10,Spam
MSG10365,+918877665544,+919123450309,Happy Birthday! Hope you have a fantastic day ahead with family.,2026-09-07 16:01:00,VoIP,Normal,64,11,0,2,0,10,Spam
MSG10366,+919988776655,user_466@example.com,Huge End-of-Season Sale! Buy 1 Get 2 Free on all clothing items at www.fashionstore.com,2026-09-18 11:46:00,VoIP,Spam,87,18,2,5,1,6,Spam
MSG10369,kyc-alert@fast-verify.com,+919123450485,Meeting confirmed for tomorrow at 11 AM in Lab 304. Note ref: #760,2026-09-20 22:10:00,WhatsApp,Normal,66,13,8,3,0,12,Spam
MSG10370,colleague@vti.edu.in,user_482@example.com,Don't forget to submit the assignment before midnight today.,2026-09-21 14:54:00,Email,Normal,60,10,0,2,0,8,Spam
MSG10371,colleague@vti.edu.in,+919123450177,Good morning! Hope you have a productive week ahead.,2026-09-02 10:49:00,WhatsApp,Normal,52,9,0,2,0,8,Spam
MSG10374,suresh.driver@uber.com,user_134@example.com,The store issued a full refund of $35 for your returned item.,2026-09-03 08:48:00,WhatsApp,Normal,61,12,2,2,0,6,Spam
MSG10375,+917766554433,user_446@example.com,Flat 50% discount on online coding courses! Limited seats remaining. Enrol today at www.learnfast.org Code: 6620,2026-09-12 10:25:00,Email,Spam,112,18,6,6,1,13,Fraud
MSG10376,service@amazon.in,user_336@example.com,Please verify your attendance record on the college ERP portal before Friday.,2026-09-19 18:25:00,Email,Normal,77,12,0,1,0,10,Spam
MSG10377,service@amazon.in,user_302@example.com,"Win a jackpot of $10,000 in our lucky draw! Text WIN to 58888 now to enter!",2026-09-10 07:31:00,SMS,Spam,75,17,10,4,0,13,Spam
MSG10379,suresh.driver@uber.com,user_200@example.com,Please verify your attendance record on the college ERP portal before Friday.,2026-09-06 12:28:00,VoIP,Normal,77,12,0,1,0,10,Spam
MSG10382,suresh.driver@uber.com,user_160@example.com,BANK NOTICE: Your account #4092 is suspended. Please verify identity at nearest branch or call +919988776655. Case: #27556,2026-09-15 05:33:00,Email,Fraud,122,18,21,7,0,11,Spam
MSG10384,support@bank-verify.net,user_384@example.com,"Hi, please check your email or visit https://github.com/mumbai-univ/big-data-proj for project slides.",2026-09-23 14:49:00,Email,Normal,101,18,0,11,1,10,Spam
MSG10385,refund@tax-gov.org,+919123450417,Thanks for sharing the study notes for the upcoming viva exams.,2026-09-17 16:09:00,SMS,Normal,63,11,0,1,0,10,Spam
MSG10388,+919876543210,user_240@example.com,Our project advisor offered extra lab hours for Apache Spark model tuning.,2026-09-25 19:12:00,Email,Normal,74,12,0,1,0,9,Spam
MSG10390,offers@megasale.xyz,+919123450377,Please verify your attendance record on the college ERP portal before Friday.,2026-09-21 10:05:00,SMS,Normal,77,12,0,1,0,10,Spam
MSG10391,alerts@security-update.org,user_252@example.com,"Hi, please check your email or visit https://github.com/mumbai-univ/big-data-proj for project slides. Note ref: #949",2026-09-21 19:13:00,SMS,Normal,116,21,3,13,1,13,Fraud
MSG10393,service@amazon.in,user_184@example.com,Claim your $100 shopping voucher today! Reply CLAIM to 56767 to activate.,2026-09-10 17:41:00,Email,Spam,73,12,8,3,0,5,Spam
MSG10394,admin@college.edu.in,+919123450405,Special Offer: Get 80% OFF on all branded shoes! Visit www.superdeals.com before offer ends!,2026-09-16 01:30:00,Email,Spam,92,16,2,6,1,2,Spam
MSG10395,admin@college.edu.in,+919123450363,DEAR CUSTOMER: Your SIM card will be deactivated today due to non-verification. Complete e-KYC now at http://sim-kyc-update-online.com,2026-09-07 12:05:00,SMS,Fraud,134,24,0,11,1,2,Spam
MSG10400,+918877665544,user_474@example.com,PRIZE WINNER ALERT: You won 25 Lakh INR in KBC Lucky Draw! Deposit processing fee of $200 at http://kbc-prize-claim.xyz to release funds!,2026-09-17 15:16:00,VoIP,Fraud,137,26,5,10,1,9,Fraud
MSG10408,service@amazon.in,+919123450455,Your Amazon order #408-1928374 of $45.50 has been delivered. Track at https://www.amazon.in/order-tracking,2026-09-23 01:46:00,Email,Normal,106,19,14,12,1,11,Fraud
MSG10409,+917766554433,user_152@example.com,Reminder: Library books are due for return by Friday 5 PM. Note ref: #925,2026-09-18 01:28:00,WhatsApp,Normal,73,14,4,4,0,13,Spam
MSG10411,support@bank-verify.net,+919123450325,"Hey, are we still meeting for the Big Data lecture at 2 PM in Lab 304?",2026-09-11 00:42:00,WhatsApp,Normal,70,16,4,2,0,15,Spam
MSG10416,+917766554433,+919123450223,Huge End-of-Season Sale! Buy 1 Get 2 Free on all clothing items at www.fashionstore.com,2026-09-04 13:33:00,VoIP,Spam,87,18,2,5,1,6,Spam
MSG10418,friend@gmail.com,user_494@example.com,I paid the exam registration fee of $120 via net banking. Transaction ID #TXN98123.,2026-09-02 02:13:00,SMS,Normal,83,14,8,4,0,4,Spam
MSG10421,admin@college.edu.in,user_142@example.com,Free home delivery on all grocery orders above $30. Order now at local store!,2026-09-04 22:18:00,WhatsApp,Spam,77,14,2,3,0,13,Spam
MSG10422,+919988776655,user_374@example.com,Are you available for a quick phone call regarding the group project?,2026-09-19 02:46:00,WhatsApp,Normal,69,12,0,1,0,11,Spam
MSG10423,+918877665544,user_258@example.com,Our project advisor offered extra lab hours for Apache Spark model tuning.,2026-09-12 04:39:00,VoIP,Normal,74,12,0,1,0,9,Spam
MSG10425,+919820112233,+919123450183,"Win a jackpot of $10,000 in our lucky draw! Text WIN to 58888 now to enter! Code: 3248",2026-09-17 02:41:00,VoIP,Spam,86,19,14,5,0,15,Spam
MSG10426,offers@megasale.xyz,user_164@example.com,The store issued a full refund of $35 for your returned item.,2026-09-06 16:56:00,WhatsApp,Normal,61,12,2,2,0,6,Spam
MSG10427,service@amazon.in,+919123450239,CONGRATS! You have won a free iPhone 15 Pro Max! Click http://win-iphone.xyz to claim now!,2026-09-13 07:12:00,SMS,Spam,90,18,2,8,1,3,Spam
MSG10428,friend@gmail.com,+919123450333,Claim your $100 shopping voucher today! Reply CLAIM to 56767 to activate.,2026-09-03 20:33:00,WhatsApp,Spam,73,12,8,3,0,5,Spam
MSG10430,+919820112233,+919123450225,The exam timetable for 7th semester engineering has been published on portal. Note ref: #979,2026-09-22 19:17:00,SMS,Normal,92,15,4,3,0,14,Spam
MSG10431,+919876543210,+919123450383,"Hi Team, the project review meeting has been rescheduled to tomorrow morning at 10 AM.",2026-09-11 13:13:00,VoIP,Normal,86,15,2,2,0,14,Spam
MSG10432,suresh.driver@uber.com,user_238@example.com,"Hi, please check your email or visit https://github.com/mumbai-univ/big-data-proj for project slides.",2026-09-18 07:12:00,SMS,Normal,101,18,0,11,1,10,Spam
MSG10437,offers@megasale.xyz,+919123450425,"Hi, please check your email or visit https://github.com/mumbai-univ/big-data-proj for project slides. Note ref: #654",2026-09-16 13:55:00,SMS,Normal,116,21,3,13,1,13,Fraud
MSG10438,student1@somaiya.edu,+919123450153,I paid the exam registration fee of $120 via net banking. Transaction ID #TXN98123.,2026-09-25 10:41:00,Email,Normal,83,14,8,4,0,4,Spam
MSG10441,colleague@vti.edu.in,user_168@example.com,URGENT: Your bank account will be blocked within 24 hours due to missing PAN card details. Update immediately at http://bank-pan-verification.org,2026-09-04 17:44:00,VoIP,Fraud,145,24,2,8,1,4,Spam
MSG10442,+919988776655,+919123450221,Please find attached the project submission guidelines for Semester 7.,2026-09-13 05:04:00,WhatsApp,Normal,70,10,1,1,0,9,Spam
MSG10444,+917766554433,+919123450179,Are you available for a quick phone call regarding the group project?,2026-09-08 19:32:00,SMS,Normal,69,12,0,1,0,11,Spam
MSG10446,+918877665544,user_180@example.com,Let's grab lunch after the distributed systems lab session.,2026-09-03 04:03:00,WhatsApp,Normal,59,10,0,2,0,8,Spam
MSG10447,alerts@security-update.org,user_282@example.com,Your Amazon order #408-1928374 of $45.50 has been delivered. Track at https://www.amazon.in/order-tracking,2026-09-24 16:50:00,VoIP,Normal,106,19,14,12,1,11,Fraud
MSG10448,support@bank-verify.net,+919123450115,Happy Birthday! Hope you have a fantastic day ahead with family.,2026-09-21 21:55:00,VoIP,Normal,64,11,0,2,0,10,Spam
MSG10449,refund@tax-gov.org,user_152@example.com,Please verify your attendance record on the college ERP portal before Friday.,2026-09-06 20:39:00,Email,Normal,77,12,0,1,0,10,Spam
MSG10451,admin@college.edu.in,user_138@example.com,Earn $500/day working from home with no investment required! Sign up at http://easycash.net,2026-09-04 06:25:00,SMS,Spam,91,16,3,7,1,1,Spam
MSG10452,+919988776655,+919123450147,"Your salary payment of $3,200 was credited to your bank account #8912. Statement at https://mybank.com/stmt",2026-09-06 21:49:00,WhatsApp,Normal,107,19,8,9,1,3,Fraud
MSG10454,offers@megasale.xyz,+919123450209,I paid the exam registration fee of $120 via net banking. Transaction ID #TXN98123.,2026-09-13 20:21:00,Email,Normal,83,14,8,4,0,4,Spam
MSG10457,colleague@vti.edu.in,+919123450227,"Your salary payment of $3,200 was credited to your bank account #8912. Statement at https://mybank.com/stmt",2026-09-18 17:47:00,SMS,Normal,107,19,8,9,1,3,Fraud
MSG10458,friend@gmail.com,user_276@example.com,Boost your Instagram followers by 10k in 24 hours! Visit www.socialgrow.xyz now!,2026-09-19 00:12:00,WhatsApp,Spam,80,14,4,4,1,11,Fraud
MSG10462,suresh.driver@uber.com,+919123450477,Thanks for sharing the study notes for the upcoming viva exams.,2026-09-02 14:48:00,WhatsApp,Normal,63,11,0,1,0,10,Spam
MSG10463,+919988776655,user_388@example.com,Boost your Instagram followers by 10k in 24 hours! Visit www.socialgrow.xyz now!,2026-09-23 17:38:00,Email,Spam,80,14,4,4,1,11,Fraud
MSG10464,+918877665544,user_128@example.com,Thanks for sharing the study notes for the upcoming viva exams.,2026-09-11 06:59:00,Email,Normal,63,11,0,1,0,10,Spam
MSG10465,info@superdeals.com,user_166@example.com,Here is the Zoom link for today's Big Data workshop: https://zoom.us/j/9812345678 Passcode: 102938 Note ref: #728,2026-09-09 09:50:00,WhatsApp,Normal,113,21,19,11,1,15,Fraud
MSG10466,+919988776655,user_496@example.com,PRIZE WINNER ALERT: You won 25 Lakh INR in KBC Lucky Draw! Deposit processing fee of $200 at http://kbc-prize-claim.xyz to release funds! Case: #29360,2026-09-25 06:51:00,SMS,Fraud,150,28,10,12,1,11,Fraud
MSG10467,kyc-alert@fast-verify.com,user_400@example.com,URGENT: Your bank account will be blocked within 24 hours due to missing PAN card details. Update immediately at http://bank-pan-verification.org,2026-09-16 15:36:00,SMS,Fraud,145,24,2,8,1,4,Spam
MSG10469,offers@megasale.xyz,user_214@example.com,Please verify your attendance record on the college ERP portal before Friday.,2026-09-18 13:17:00,Email,Normal,77,12,0,1,0,10,Spam
MSG10470,support@bank-verify.net,+919123450473,My bank branch is closed tomorrow due to a public holiday.,2026-09-19 03:43:00,SMS,Normal,58,11,0,1,0,9,Spam
MSG10471,suresh.driver@uber.com,+919123450413,BANK NOTICE: Your account #4092 is suspended. Please verify identity at nearest branch or call +919988776655. Case: #88956,2026-09-06 01:42:00,Email,Fraud,122,18,21,7,0,11,Spam
MSG10472,+918877665544,+919123450221,ALERT: Your Paytm Wallet has been restricted. Share your OTP 482910 with our support agent to unblock your wallet instantly.,2026-09-15 20:59:00,WhatsApp,Fraud,124,20,6,3,0,12,Spam
MSG10473,suresh.driver@uber.com,user_328@example.com,Can you send me the practical lab manual for Apache Spark?,2026-09-13 09:40:00,SMS,Normal,58,11,0,1,0,10,Spam
MSG10477,suresh.driver@uber.com,+919123450233,Special Offer: Get 80% OFF on all branded shoes! Visit www.superdeals.com before offer ends!,2026-09-04 17:02:00,SMS,Spam,92,16,2,6,1,2,Spam
MSG10480,info@superdeals.com,+919123450309,Don't forget to submit the assignment before midnight today.,2026-09-14 03:29:00,WhatsApp,Normal,60,10,0,2,0,8,Spam
MSG10481,friend@gmail.com,user_178@example.com,Don't forget to submit the assignment before midnight today. Note ref: #685,2026-09-17 18:07:00,SMS,Normal,75,13,3,4,0,11,Spam
MSG10484,admin@college.edu.in,user_146@example.com,BIG WEEKEND SALE! Get 50% discount on all branded apparel! Reply YES for coupon code.,2026-09-09 17:56:00,VoIP,Spam,85,15,2,4,0,9,Spam
MSG10485,refund@tax-gov.org,user_122@example.com,Reminder: Library books are due for return by Friday 5 PM.,2026-09-21 08:18:00,WhatsApp,Normal,58,11,1,2,0,10,Spam
MSG10488,friend@gmail.com,+919123450393,Try our new weight loss supplement for FREE! Order trial pack at www.fitlife.net,2026-09-23 00:12:00,Email,Spam,80,15,0,3,1,6,Spam
MSG10489,+919876543210,+919123450357,Reminder: Library books are due for return by Friday 5 PM.,2026-09-06 19:22:00,Email,Normal,58,11,1,2,0,10,Spam
MSG10490,support@bank-verify.net,user_208@example.com,SBI URGENT: Download SBI Safety App APK immediately from http://sbi-secure-app.xyz to prevent account hacking!,2026-09-07 01:49:00,Email,Fraud,110,18,0,8,1,8,Spam
MSG10491,service@amazon.in,+919123450203,Can you send me the practical lab manual for Apache Spark?,2026-09-13 01:40:00,Email,Normal,58,11,0,1,0,10,Spam
MSG10492,+918877665544,user_144@example.com,The store issued a full refund of $35 for your returned item.,2026-09-19 10:01:00,VoIP,Normal,61,12,2,2,0,6,Spam
MSG10496,kyc-alert@fast-verify.com,+919123450119,Let's grab lunch after the distributed systems lab session.,2026-09-16 10:04:00,VoIP,Normal,59,10,0,2,0,8,Spam
MSG10502,+919820112233,user_188@example.com,Our project advisor offered extra lab hours for Apache Spark model tuning.,2026-09-10 11:14:00,Email,Normal,74,12,0,1,0,9,Spam
MSG10507,info@superdeals.com,+919123450213,"Hey bro, did you complete the Hadoop installation step on your laptop?",2026-09-10 17:48:00,Email,Normal,70,12,0,2,0,11,Spam
MSG10508,+919820112233,user_342@example.com,"Hi, please check your email or visit https://github.com/mumbai-univ/big-data-proj for project slides.",2026-09-09 05:10:00,Email,Normal,101,18,0,11,1,10,Spam
MSG10509,student1@somaiya.edu,user_464@example.com,CONGRATS! You have won a free iPhone 15 Pro Max! Click http://win-iphone.xyz to claim now!,2026-09-20 14:54:00,WhatsApp,Spam,90,18,2,8,1,3,Spam
MSG10512,suresh.driver@uber.com,+919123450241,Don't forget to submit the assignment before midnight today.,2026-09-13 22:25:00,WhatsApp,Normal,60,10,0,2,0,8,Spam
MSG10514,kyc-alert@fast-verify.com,user_438@example.com,Special Offer: Get 80% OFF on all branded shoes! Visit www.superdeals.com before offer ends!,2026-09-07 16:50:00,WhatsApp,Spam,92,16,2,6,1,2,Spam
MSG10515,admin@college.edu.in,user_314@example.com,BIG WEEKEND SALE! Get 50% discount on all branded apparel! Reply YES for coupon code.,2026-09-19 00:05:00,VoIP,Spam,85,15,2,4,0,9,Spam
MSG10516,info@superdeals.com,+919123450275,Claim your $100 shopping voucher today! Reply CLAIM to 56767 to activate.,2026-09-25 15:57:00,Email,Spam,73,12,8,3,0,5,Spam
MSG10518,+917766554433,+919123450341,Free home delivery on all grocery orders above $30. Order now at local store!,2026-09-13 02:31:00,Email,Spam,77,14,2,3,0,13,Spam
MSG10521,+917766554433,user_340@example.com,Happy Birthday! Hope you have a fantastic day ahead with family.,2026-09-04 13:47:00,SMS,Normal,64,11,0,2,0,10,Spam
MSG10522,kyc-alert@fast-verify.com,+919123450371,Are you available for a quick phone call regarding the group project?,2026-09-20 03:13:00,WhatsApp,Normal,69,12,0,1,0,11,Spam
MSG10524,+918877665544,+919123450349,My bank branch is closed tomorrow due to a public holiday.,2026-09-09 09:08:00,WhatsApp,Normal,58,11,0,1,0,9,Spam
MSG10529,offers@megasale.xyz,+919123450259,Huge End-of-Season Sale! Buy 1 Get 2 Free on all clothing items at www.fashionstore.com,2026-09-06 00:11:00,Email,Spam,87,18,2,5,1,6,Spam
MSG10532,info@superdeals.com,user_184@example.com,SECURITY ALERT: Your net banking account #7819 was accessed from suspicious IP. Call customer care +919876543210 immediately to unblock.,2026-09-02 04:53:00,VoIP,Fraud,136,19,16,5,0,16,Spam
MSG10533,info@superdeals.com,+919123450475,The store issued a full refund of $35 for your returned item.,2026-09-24 07:11:00,SMS,Normal,61,12,2,2,0,6,Spam
MSG10537,+919820112233,user_254@example.com,Unsubscribe from daily promotional alerts by clicking http://optout-deals.com or replying STOP.,2026-09-05 22:17:00,VoIP,Spam,95,14,0,6,1,7,Spam
MSG10540,offers@megasale.xyz,user_460@example.com,Special discount on summer online courses. Limited seats available today! Call 1800-9988-77.,2026-09-14 18:36:00,VoIP,Spam,92,14,10,5,0,10,Spam
MSG10541,info@superdeals.com,user_452@example.com,Please verify your attendance record on the college ERP portal before Friday.,2026-09-16 09:06:00,VoIP,Normal,77,12,0,1,0,10,Spam
MSG10544,+919876543210,+919123450151,DEAR CUSTOMER: Your SIM card will be deactivated today due to non-verification. Complete e-KYC now at http://sim-kyc-update-online.com,2026-09-03 03:05:00,Email,Fraud,134,24,0,11,1,2,Spam
MSG10545,suresh.driver@uber.com,user_318@example.com,BANK ALERT: Your debit card has been disabled due to wrong PIN entries. Reactivate your card immediately at http://debitcard-activate-now.com,2026-09-05 15:45:00,SMS,Fraud,141,23,0,8,1,4,Spam
MSG10548,admin@college.edu.in,+919123450297,Reminder: Library books are due for return by Friday 5 PM.,2026-09-20 12:39:00,VoIP,Normal,58,11,1,2,0,10,Spam
MSG10549,support@bank-verify.net,+919123450153,"Win a jackpot of $10,000 in our lucky draw! Text WIN to 58888 now to enter! Code: 1960",2026-09-23 07:12:00,VoIP,Spam,86,19,14,5,0,15,Spam
MSG10551,friend@gmail.com,+919123450157,ALERT: Your Paytm Wallet has been restricted. Share your OTP 482910 with our support agent to unblock your wallet instantly.,2026-09-21 09:20:00,VoIP,Fraud,124,20,6,3,0,12,Spam
MSG10558,+919820112233,user_152@example.com,Here is the Zoom link for today's Big Data workshop: https://zoom.us/j/9812345678 Passcode: 102938,2026-09-20 02:23:00,VoIP,Normal,98,18,16,9,1,12,Fraud
MSG10559,student1@somaiya.edu,user_360@example.com,Please verify your attendance record on the college ERP portal before Friday. Note ref: #193,2026-09-22 02:18:00,Email,Normal,92,15,3,3,0,13,Spam
MSG10561,+917766554433,+919123450149,Boost your Instagram followers by 10k in 24 hours! Visit www.socialgrow.xyz now!,2026-09-01 10:23:00,Email,Spam,80,14,4,4,1,11,Fraud
MSG10563,service@amazon.in,user_154@example.com,Thanks for sharing the study notes for the upcoming viva exams.,2026-09-10 05:59:00,WhatsApp,Normal,63,11,0,1,0,10,Spam
MSG10569,suresh.driver@uber.com,user_250@example.com,INCOME TAX WARNING: Legal action initiated against your PAN for tax evasion. Call immediately at +91-9988776655 to settle compliance.,2026-09-07 09:40:00,VoIP,Fraud,133,20,12,5,0,10,Spam
MSG10570,colleague@vti.edu.in,+919123450253,Meeting confirmed for tomorrow at 11 AM in Lab 304.,2026-09-11 05:23:00,WhatsApp,Normal,51,10,5,1,0,9,Spam
MSG10572,+917766554433,+919123450489,My bank branch is closed tomorrow due to a public holiday.,2026-09-23 04:41:00,WhatsApp,Normal,58,11,0,1,0,9,Spam
MSG10574,+919876543210,user_202@example.com,Reminder: Library books are due for return by Friday 5 PM.,2026-09-08 15:47:00,WhatsApp,Normal,58,11,1,2,0,10,Spam
MSG10577,+919876543210,+919123450295,My bank branch is closed tomorrow due to a public holiday.,2026-09-20 07:00:00,VoIP,Normal,58,11,0,1,0,9,Spam
MSG10580,+918877665544,+919123450195,Thanks for sharing the study notes for the upcoming viva exams.,2026-09-24 17:15:00,Email,Normal,63,11,0,1,0,10,Spam
MSG10581,admin@college.edu.in,user_166@example.com,Please find attached the project submission guidelines for Semester 7.,2026-09-12 22:32:00,Email,Normal,70,10,1,1,0,9,Spam
MSG10583,student1@somaiya.edu,+919123450351,Our project advisor offered extra lab hours for Apache Spark model tuning.,2026-09-04 15:36:00,WhatsApp,Normal,74,12,0,1,0,9,Spam
MSG10585,+918877665544,user_278@example.com,Please verify your attendance record on the college ERP portal before Friday.,2026-09-11 01:02:00,Email,Normal,77,12,0,1,0,10,Spam
MSG10589,student1@somaiya.edu,+919123450433,Exclusive VIP pass for tech conference! Claim your free seat at http://techvip-pass.com,2026-09-15 21:52:00,Email,Spam,87,15,0,6,1,4,Spam
MSG10592,+918877665544,user_482@example.com,Try our new weight loss supplement for FREE! Order trial pack at www.fitlife.net,2026-09-02 09:56:00,Email,Spam,80,15,0,3,1,6,Spam
MSG10594,service@amazon.in,user_298@example.com,The professor updated the syllabus on the college portal. Check https://portal.somaiya.edu/syllabus,2026-09-19 17:45:00,VoIP,Normal,99,15,0,7,1,10,Spam
MSG10596,offers@megasale.xyz,+919123450357,Claim your $100 shopping voucher today! Reply CLAIM to 56767 to activate. Code: 2189,2026-09-14 12:34:00,SMS,Spam,84,14,12,4,0,7,Spam
MSG10598,alerts@security-update.org,+919123450169,I paid the exam registration fee of $120 via net banking. Transaction ID #TXN98123. Note ref: #260,2026-09-26 04:04:00,VoIP,Normal,98,17,11,6,0,7,Spam
MSG10600,+918877665544,user_256@example.com,"Hey bro, did you complete the Hadoop installation step on your laptop?",2026-09-16 23:34:00,Email,Normal,70,12,0,2,0,11,Spam
MSG10601,+919988776655,user_182@example.com,"Your salary payment of $3,200 was credited to your bank account #8912. Statement at https://mybank.com/stmt",2026-09-11 09:09:00,Email,Normal,107,19,8,9,1,3,Fraud
MSG10602,support@bank-verify.net,+919123450443,Get instant credit score check for FREE! No hidden charges. Visit http://free-credit-check.org,2026-09-26 07:29:00,SMS,Spam,94,16,0,8,1,4,Spam
MSG10606,+919988776655,+919123450389,"Congratulations! Your mobile number won 50,000 reward points! Redeem at www.rewardpoints.com",2026-09-15 17:31:00,WhatsApp,Spam,92,14,5,5,1,6,Fraud
MSG10608,suresh.driver@uber.com,+919123450345,Exclusive loan offer at 0% interest rate! Apply instantly at http://quickloan-approval.com,2026-09-21 14:26:00,VoIP,Spam,90,14,1,7,1,3,Spam
MSG10610,info@superdeals.com,user_234@example.com,ALERT: Your Paytm Wallet has been restricted. Share your OTP 482910 with our support agent to unblock your wallet instantly.,2026-09-04 18:21:00,SMS,Fraud,124,20,6,3,0,12,Spam
MSG10611,kyc-alert@fast-verify.com,+919123450493,URGENT: Your debit card PIN was entered incorrectly 3 times. Visit your local bank branch or call 1800-112-211 immediately.,2026-09-03 00:02:00,Email,Fraud,123,21,11,5,0,7,Spam
MSG10612,friend@gmail.com,user_434@example.com,Please verify your attendance record on the college ERP portal before Friday.,2026-09-17 23:34:00,Email,Normal,77,12,0,1,0,10,Spam
MSG10614,+919820112233,+919123450439,Reminder: Library books are due for return by Friday 5 PM.,2026-09-08 21:08:00,Email,Normal,58,11,1,2,0,10,Spam
MSG10615,support@bank-verify.net,+919123450389,Exclusive loan offer at 0% interest rate! Apply instantly at http://quickloan-approval.com,2026-09-23 08:06:00,Email,Spam,90,14,1,7,1,3,Spam
MSG10617,colleague@vti.edu.in,user_284@example.com,Please find attached the project submission guidelines for Semester 7.,2026-09-22 17:00:00,VoIP,Normal,70,10,1,1,0,9,Spam
MSG10618,suresh.driver@uber.com,user_152@example.com,SECURITY NOTICE: Your SBI net banking account was accessed from unauthorized location. Click http://sbi-login-verify.com to secure your account immediately! Case: #95003,2026-09-13 07:36:00,WhatsApp,Fraud,169,25,5,11,1,13,Fraud
MSG10619,kyc-alert@fast-verify.com,+919123450287,"Hey bro, did you complete the Hadoop installation step on your laptop?",2026-09-24 20:20:00,SMS,Normal,70,12,0,2,0,11,Spam
MSG10621,+919988776655,+919123450325,CRITICAL ALERT: Your HDFC Bank account #9872 has been SUSPENDED due to pending KYC! Verify NOW at http://hdfc-kyc-update.net to avoid permanent block!,2026-09-11 19:12:00,Email,Fraud,150,26,4,10,1,12,Fraud
MSG10623,service@amazon.in,+919123450269,Flat 50% discount on online coding courses! Limited seats remaining. Enrol today at www.learnfast.org,2026-09-23 05:56:00,SMS,Spam,101,16,2,5,1,11,Spam
MSG10625,support@bank-verify.net,user_168@example.com,"Hi Team, the project review meeting has been rescheduled to tomorrow morning at 10 AM.",2026-09-08 00:24:00,SMS,Normal,86,15,2,2,0,14,Spam
MSG10628,colleague@vti.edu.in,+919123450235,Super offer! Get unlimited streaming for just $5 per month. Sign up today. Code: 3979,2026-09-16 22:17:00,Email,Spam,85,15,5,5,0,14,Spam
MSG10629,alerts@security-update.org,+919123450293,URGENT: Income tax department flagged your account for unpaid dues. Contact officer at +919820112233.,2026-09-07 08:24:00,VoIP,Fraud,101,14,12,4,0,13,Spam
MSG10630,colleague@vti.edu.in,user_450@example.com,Are you available for a quick phone call regarding the group project?,2026-09-08 03:21:00,VoIP,Normal,69,12,0,1,0,11,Spam
MSG10631,+919876543210,user_372@example.com,"Win a jackpot of $10,000 in our lucky draw! Text WIN to 58888 now to enter!",2026-09-05 13:47:00,SMS,Spam,75,17,10,4,0,13,Spam
MSG10633,service@amazon.in,+919123450217,Please find attached the project submission guidelines for Semester 7.,2026-09-18 16:24:00,VoIP,Normal,70,10,1,1,0,9,Spam
MSG10635,+918877665544,+919123450245,The professor updated the syllabus on the college portal. Check https://portal.somaiya.edu/syllabus,2026-09-13 01:35:00,VoIP,Normal,99,15,0,7,1,10,Spam
MSG10638,admin@college.edu.in,user_374@example.com,"Your salary payment of $3,200 was credited to your bank account #8912. Statement at https://mybank.com/stmt",2026-09-17 23:22:00,VoIP,Normal,107,19,8,9,1,3,Fraud
MSG10639,service@amazon.in,user_382@example.com,Limited time clearance sale! Up to 90% off electronics at http://mega-sale-online.com,2026-09-09 11:12:00,VoIP,Spam,85,15,2,8,1,10,Spam
MSG10640,student1@somaiya.edu,+919123450395,Please verify your attendance record on the college ERP portal before Friday.,2026-09-19 10:51:00,WhatsApp,Normal,77,12,0,1,0,10,Spam
MSG10642,+919876543210,user_182@example.com,Reminder: Library books are due for return by Friday 5 PM.,2026-09-01 13:46:00,VoIP,Normal,58,11,1,2,0,10,Spam
MSG10644,kyc-alert@fast-verify.com,+919123450305,Can you send me the practical lab manual for Apache Spark?,2026-09-03 22:45:00,WhatsApp,Normal,58,11,0,1,0,10,Spam
MSG10645,refund@tax-gov.org,+919123450105,"TAX REFUND NOTICE: You are eligible for an income tax refund of $1,450. Click http://income-tax-refund-portal.net to claim your refund to bank account.",2026-09-24 21:57:00,Email,Fraud,151,28,4,12,1,11,Fraud
MSG10646,colleague@vti.edu.in,user_364@example.com,Please find attached the project submission guidelines for Semester 7.,2026-09-09 01:07:00,Email,Normal,70,10,1,1,0,9,Spam
MSG10647,+919820112233,user_180@example.com,Boost your Instagram followers by 10k in 24 hours! Visit www.socialgrow.xyz now!,2026-09-13 21:23:00,SMS,Spam,80,14,4,4,1,11,Fraud
MSG10648,kyc-alert@fast-verify.com,user_400@example.com,Boost your Instagram followers by 10k in 24 hours! Visit www.socialgrow.xyz now!,2026-09-24 21:30:00,Email,Spam,80,14,4,4,1,11,Fraud
MSG10651,+918877665544,+919123450357,"Hi, please check your email or visit https://github.com/mumbai-univ/big-data-proj for project slides.",2026-09-16 19:20:00,WhatsApp,Normal,101,18,0,11,1,10,Spam
MSG10652,admin@college.edu.in,+919123450455,URGENT: Your debit card PIN was entered incorrectly 3 times. Visit your local bank branch or call 1800-112-211 immediately.,2026-09-18 11:52:00,VoIP,Fraud,123,21,11,5,0,7,Spam
MSG10654,admin@college.edu.in,user_134@example.com,CRITICAL ALERT: Your HDFC Bank account #9872 has been SUSPENDED due to pending KYC! Verify NOW at http://hdfc-kyc-update.net to avoid permanent block!,2026-09-11 08:42:00,VoIP,Fraud,150,26,4,10,1,12,Fraud
MSG10655,service@amazon.in,user_280@example.com,Huge End-of-Season Sale! Buy 1 Get 2 Free on all clothing items at www.fashionstore.com,2026-09-13 07:38:00,SMS,Spam,87,18,2,5,1,6,Spam
MSG10656,suresh.driver@uber.com,user_138@example.com,Can you send me the practical lab manual for Apache Spark?,2026-09-23 00:31:00,Email,Normal,58,11,0,1,0,10,Spam
MSG10657,admin@college.edu.in,+919123450193,Are you available for a quick phone call regarding the group project?,2026-09-24 01:02:00,Email,Normal,69,12,0,1,0,11,Spam
MSG10659,+917766554433,+919123450161,Super offer! Get unlimited streaming for just $5 per month. Sign up today.,2026-09-23 18:07:00,SMS,Spam,74,13,1,4,0,12,Spam
MSG10660,friend@gmail.com,user_290@example.com,Free home delivery on all grocery orders above $30. Order now at local store!,2026-09-23 17:46:00,WhatsApp,Spam,77,14,2,3,0,13,Spam
MSG10661,friend@gmail.com,+919123450193,BANK NOTICE: Your account #4092 is suspended. Please verify identity at nearest branch or call +919988776655.,2026-09-19 10:35:00,WhatsApp,Fraud,109,16,16,5,0,9,Spam
MSG10663,support@bank-verify.net,user_334@example.com,Your Uber ride is arriving in 3 minutes. Driver: Suresh (MH-02-AB-1234).,2026-09-24 22:01:00,SMS,Normal,72,14,7,8,0,10,Spam
MSG10669,+919988776655,user_342@example.com,Reminder: Library books are due for return by Friday 5 PM.,2026-09-09 08:54:00,SMS,Normal,58,11,1,2,0,10,Spam
MSG10673,admin@college.edu.in,user_276@example.com,Please verify your attendance record on the college ERP portal before Friday.,2026-09-20 01:45:00,SMS,Normal,77,12,0,1,0,10,Spam
MSG10675,refund@tax-gov.org,user_140@example.com,I paid the exam registration fee of $120 via net banking. Transaction ID #TXN98123.,2026-09-14 08:57:00,VoIP,Normal,83,14,8,4,0,4,Spam
MSG10677,suresh.driver@uber.com,user_434@example.com,Your Amazon order #408-1928374 of $45.50 has been delivered. Track at https://www.amazon.in/order-tracking,2026-09-13 12:09:00,WhatsApp,Normal,106,19,14,12,1,11,Fraud
MSG10678,refund@tax-gov.org,+919123450499,Limited time clearance sale! Up to 90% off electronics at http://mega-sale-online.com,2026-09-25 01:00:00,WhatsApp,Spam,85,15,2,8,1,10,Spam
MSG10680,kyc-alert@fast-verify.com,user_152@example.com,URGENT: Your bank account will be blocked within 24 hours due to missing PAN card details. Update immediately at http://bank-pan-verification.org,2026-09-04 05:40:00,SMS,Fraud,145,24,2,8,1,4,Spam
MSG10686,offers@megasale.xyz,user_346@example.com,"Your salary payment of $3,200 was credited to your bank account #8912. Statement at https://mybank.com/stmt",2026-09-05 09:49:00,Email,Normal,107,19,8,9,1,3,Fraud
MSG10687,+919988776655,+919123450255,Your Uber ride is arriving in 3 minutes. Driver: Suresh (MH-02-AB-1234).,2026-09-01 08:06:00,SMS,Normal,72,14,7,8,0,10,Spam
MSG10688,offers@megasale.xyz,user_246@example.com,Our project advisor offered extra lab hours for Apache Spark model tuning.,2026-09-25 16:28:00,VoIP,Normal,74,12,0,1,0,9,Spam
MSG10689,friend@gmail.com,+919123450253,Here is the Zoom link for today's Big Data workshop: https://zoom.us/j/9812345678 Passcode: 102938,2026-09-20 22:09:00,SMS,Normal,98,18,16,9,1,12,Fraud
MSG10691,alerts@security-update.org,+919123450183,Please verify your attendance record on the college ERP portal before Friday.,2026-09-18 13:16:00,VoIP,Normal,77,12,0,1,0,10,Spam
MSG10692,alerts@security-update.org,user_364@example.com,Can you send me the practical lab manual for Apache Spark?,2026-09-14 06:56:00,WhatsApp,Normal,58,11,0,1,0,10,Spam
MSG10693,service@amazon.in,user_196@example.com,Free home delivery on all grocery orders above $30. Order now at local store!,2026-09-09 15:14:00,SMS,Spam,77,14,2,3,0,13,Spam
MSG10696,+919820112233,+919123450219,My bank branch is closed tomorrow due to a public holiday.,2026-09-08 04:35:00,SMS,Normal,58,11,0,1,0,9,Spam
MSG10698,+919988776655,user_128@example.com,Special Offer: Get 80% OFF on all branded shoes! Visit www.superdeals.com before offer ends!,2026-09-19 04:37:00,WhatsApp,Spam,92,16,2,6,1,2,Spam
MSG10701,info@superdeals.com,user_342@example.com,Our project advisor offered extra lab hours for Apache Spark model tuning. Note ref: #781,2026-09-15 12:54:00,VoIP,Normal,89,15,3,3,0,12,Spam
MSG10702,+919876543210,+919123450481,"TAX REFUND NOTICE: You are eligible for an income tax refund of $1,450. Click http://income-tax-refund-portal.net to claim your refund to bank account.",2026-09-12 20:41:00,SMS,Fraud,151,28,4,12,1,11,Fraud
MSG10703,+919876543210,+919123450441,Happy Birthday! Hope you have a fantastic day ahead with family.,2026-09-06 11:20:00,Email,Normal,64,11,0,2,0,10,Spam
MSG10708,offers@megasale.xyz,user_324@example.com,Please verify your attendance record on the college ERP portal before Friday.,2026-09-02 07:19:00,Email,Normal,77,12,0,1,0,10,Spam
MSG10709,admin@college.edu.in,user_120@example.com,Boost your Instagram followers by 10k in 24 hours! Visit www.socialgrow.xyz now!,2026-09-21 05:52:00,VoIP,Spam,80,14,4,4,1,11,Fraud
MSG10712,refund@tax-gov.org,user_100@example.com,Let's grab lunch after the distributed systems lab session.,2026-09-09 18:39:00,VoIP,Normal,59,10,0,2,0,8,Spam
MSG10714,friend@gmail.com,user_492@example.com,Unsubscribe from daily promotional alerts by clicking http://optout-deals.com or replying STOP.,2026-09-14 05:15:00,Email,Spam,95,14,0,6,1,7,Spam
MSG10715,+917766554433,+919123450367,"Your salary payment of $3,200 was credited to your bank account #8912. Statement at https://mybank.com/stmt",2026-09-03 07:48:00,SMS,Normal,107,19,8,9,1,3,Fraud
MSG10717,kyc-alert@fast-verify.com,user_436@example.com,Please find attached the project submission guidelines for Semester 7.,2026-09-25 06:20:00,VoIP,Normal,70,10,1,1,0,9,Spam
MSG10720,+919876543210,+919123450415,"Hi, please check your email or visit https://github.com/mumbai-univ/big-data-proj for project slides.",2026-09-25 09:49:00,WhatsApp,Normal,101,18,0,11,1,10,Spam
MSG10721,+918877665544,user_210@example.com,Can you send me the practical lab manual for Apache Spark?,2026-09-05 22:33:00,SMS,Normal,58,11,0,1,0,10,Spam
MSG10722,info@superdeals.com,+919123450369,Free home delivery on all grocery orders above $30. Order now at local store!,2026-09-09 11:24:00,Email,Spam,77,14,2,3,0,13,Spam
MSG10725,refund@tax-gov.org,user_280@example.com,Thanks for sharing the study notes for the upcoming viva exams.,2026-09-16 02:36:00,WhatsApp,Normal,63,11,0,1,0,10,Spam
MSG10726,service@amazon.in,+919123450471,Try our new weight loss supplement for FREE! Order trial pack at www.fitlife.net,2026-09-12 06:55:00,WhatsApp,Spam,80,15,0,3,1,6,Spam
MSG10728,student1@somaiya.edu,+919123450405,CRITICAL ALERT: Your HDFC Bank account #9872 has been SUSPENDED due to pending KYC! Verify NOW at http://hdfc-kyc-update.net to avoid permanent block!,2026-09-24 21:22:00,SMS,Fraud,150,26,4,10,1,12,Fraud
MSG10732,info@superdeals.com,+919123450475,Reminder: Library books are due for return by Friday 5 PM.,2026-09-16 02:39:00,SMS,Normal,58,11,1,2,0,10,Spam
MSG10733,+917766554433,user_404@example.com,"Win a jackpot of $10,000 in our lucky draw! Text WIN to 58888 now to enter!",2026-09-03 00:49:00,WhatsApp,Spam,75,17,10,4,0,13,Spam
MSG10734,+919876543210,user_494@example.com,Claim your $100 shopping voucher today! Reply CLAIM to 56767 to activate.,2026-09-17 04:01:00,WhatsApp,Spam,73,12,8,3,0,5,Spam
MSG10736,+919876543210,+919123450263,Limited time clearance sale! Up to 90% off electronics at http://mega-sale-online.com Code: 9591,2026-09-16 04:59:00,Email,Spam,96,17,6,9,1,12,Fraud
MSG10737,kyc-alert@fast-verify.com,user_328@example.com,The professor updated the syllabus on the college portal. Check https://portal.somaiya.edu/syllabus,2026-09-11 10:34:00,SMS,Normal,99,15,0,7,1,10,Spam
MSG10742,+919820112233,user_494@example.com,Are you available for a quick phone call regarding the group project?,2026-09-09 00:52:00,WhatsApp,Normal,69,12,0,1,0,11,Spam
MSG10743,refund@tax-gov.org,+919123450419,URGENT: Income tax department flagged your account for unpaid dues. Contact officer at +919820112233.,2026-09-21 09:06:00,Email,Fraud,101,14,12,4,0,13,Spam
MSG10749,admin@college.edu.in,+919123450127,Happy Birthday! Hope you have a fantastic day ahead with family.,2026-09-01 17:06:00,VoIP,Normal,64,11,0,2,0,10,Spam
MSG10750,offers@megasale.xyz,+919123450155,I paid the exam registration fee of $120 via net banking. Transaction ID #TXN98123.,2026-09-14 15:28:00,SMS,Normal,83,14,8,4,0,4,Spam
MSG10751,kyc-alert@fast-verify.com,user_360@example.com,"URGENT: Your Amazon account has been locked due to suspicious purchase of $1,200. Verify identity at http://amazon-account-security-check.com",2026-09-15 16:33:00,SMS,Fraud,141,23,4,11,1,4,Fraud
MSG10752,support@bank-verify.net,+919123450201,Meeting confirmed for tomorrow at 11 AM in Lab 304.,2026-09-02 07:28:00,VoIP,Normal,51,10,5,1,0,9,Spam
MSG10754,student1@somaiya.edu,user_220@example.com,Your Uber ride is arriving in 3 minutes. Driver: Suresh (MH-02-AB-1234).,2026-09-04 03:43:00,WhatsApp,Normal,72,14,7,8,0,10,Spam
MSG10757,alerts@security-update.org,+919123450313,URGENT: Income tax department flagged your account for unpaid dues. Contact officer at +919820112233.,2026-09-08 06:50:00,Email,Fraud,101,14,12,4,0,13,Spam
MSG10760,+919988776655,+919123450435,FINAL NOTICE: Court summons issued for unpaid loan. Contact advocate immediately or visit http://legal-notice-portal.com to avoid arrest.,2026-09-15 18:47:00,Email,Fraud,137,21,0,9,1,3,Spam
MSG10761,+917766554433,user_194@example.com,Please verify your attendance record on the college ERP portal before Friday.,2026-09-07 22:56:00,WhatsApp,Normal,77,12,0,1,0,10,Spam
MSG10763,info@superdeals.com,user_154@example.com,Get instant credit score check for FREE! No hidden charges. Visit http://free-credit-check.org,2026-09-09 17:47:00,Email,Spam,94,16,0,8,1,4,Spam
MSG10767,admin@college.edu.in,+919123450311,Our project advisor offered extra lab hours for Apache Spark model tuning.,2026-09-10 13:32:00,Email,Normal,74,12,0,1,0,9,Spam
MSG10768,refund@tax-gov.org,+919123450415,Earn $500/day working from home with no investment required! Sign up at http://easycash.net,2026-09-16 02:52:00,VoIP,Spam,91,16,3,7,1,1,Spam
MSG10776,info@superdeals.com,user_332@example.com,Thanks for sharing the study notes for the upcoming viva exams.,2026-09-12 17:09:00,SMS,Normal,63,11,0,1,0,10,Spam
MSG10777,support@bank-verify.net,+919123450467,"Your salary payment of $3,200 was credited to your bank account #8912. Statement at https://mybank.com/stmt",2026-09-05 11:36:00,SMS,Normal,107,19,8,9,1,3,Fraud
MSG10780,support@bank-verify.net,user_174@example.com,I paid the exam registration fee of $120 via net banking. Transaction ID #TXN98123.,2026-09-03 16:02:00,Email,Normal,83,14,8,4,0,4,Spam
MSG10781,refund@tax-gov.org,+919123450247,Happy Birthday! Hope you have a fantastic day ahead with family.,2026-09-06 16:24:00,Email,Normal,64,11,0,2,0,10,Spam
MSG10782,+919820112233,user_334@example.com,"FRAUD ALERT: Suspicious transaction of $899 detected on your Credit Card ending 4321. If not done by you, verify details at http://card-security-alert.net Case: #43175",2026-09-24 00:39:00,VoIP,Fraud,167,28,12,12,1,6,Fraud
MSG10784,+919820112233,+919123450225,Good morning! Hope you have a productive week ahead. Note ref: #714,2026-09-10 18:47:00,WhatsApp,Normal,67,12,3,4,0,11,Spam
MSG10785,+919876543210,user_174@example.com,"Hi Team, the project review meeting has been rescheduled to tomorrow morning at 10 AM. Note ref: #457",2026-09-14 21:58:00,SMS,Normal,101,18,5,4,0,17,Spam
MSG10788,service@amazon.in,+919123450381,Reminder: Library books are due for return by Friday 5 PM.,2026-09-14 15:51:00,SMS,Normal,58,11,1,2,0,10,Spam
MSG10791,student1@somaiya.edu,user_318@example.com,Super offer! Get unlimited streaming for just $5 per month. Sign up today.,2026-09-13 03:37:00,WhatsApp,Spam,74,13,1,4,0,12,Spam
MSG10792,+919988776655,user_414@example.com,Meeting confirmed for tomorrow at 11 AM in Lab 304.,2026-09-24 23:39:00,VoIP,Normal,51,10,5,1,0,9,Spam
MSG10794,+917766554433,+919123450477,CRITICAL ALERT: Your HDFC Bank account #9872 has been SUSPENDED due to pending KYC! Verify NOW at http://hdfc-kyc-update.net to avoid permanent block! Case: #70933,2026-09-20 04:53:00,Email,Fraud,163,28,9,12,1,14,Fraud
MSG10795,info@superdeals.com,+919123450105,Your Amazon order #408-1928374 of $45.50 has been delivered. Track at https://www.amazon.in/order-tracking,2026-09-14 03:36:00,Email,Normal,106,19,14,12,1,11,Fraud
MSG10796,colleague@vti.edu.in,+919123450381,Can you send me the practical lab manual for Apache Spark?,2026-09-01 14:41:00,WhatsApp,Normal,58,11,0,1,0,10,Spam
MSG10798,+919876543210,user_430@example.com,BIG WEEKEND SALE! Get 50% discount on all branded apparel! Reply YES for coupon code.,2026-09-23 05:55:00,Email,Spam,85,15,2,4,0,9,Spam
MSG10799,suresh.driver@uber.com,user_336@example.com,Good morning! Hope you have a productive week ahead.,2026-09-03 21:11:00,VoIP,Normal,52,9,0,2,0,8,Spam
MSG10800,suresh.driver@uber.com,user_384@example.com,"Congratulations! Your mobile number won 50,000 reward points! Redeem at www.rewardpoints.com",2026-09-10 19:28:00,SMS,Spam,92,14,5,5,1,6,Fraud
MSG10802,support@bank-verify.net,user_392@example.com,Hot summer deal! Flight tickets starting at just $49! Book now at http://cheapflights.net,2026-09-09 20:40:00,VoIP,Spam,89,15,2,7,1,12,Spam
MSG10807,suresh.driver@uber.com,+919123450173,URGENT: Your debit card PIN was entered incorrectly 3 times. Visit your local bank branch or call 1800-112-211 immediately.,2026-09-24 19:46:00,SMS,Fraud,123,21,11,5,0,7,Spam
MSG10810,student1@somaiya.edu,+919123450111,Our project advisor offered extra lab hours for Apache Spark model tuning.,2026-09-10 21:12:00,WhatsApp,Normal,74,12,0,1,0,9,Spam
MSG10815,+919876543210,user_154@example.com,Here is the Zoom link for today's Big Data workshop: https://zoom.us/j/9812345678 Passcode: 102938,2026-09-03 18:45:00,VoIP,Normal,98,18,16,9,1,12,Fraud
MSG10817,+918877665544,user_486@example.com,Are you available for a quick phone call regarding the group project?,2026-09-07 07:57:00,VoIP,Normal,69,12,0,1,0,11,Spam
MSG10818,refund@tax-gov.org,user_258@example.com,My bank branch is closed tomorrow due to a public holiday.,2026-09-22 17:57:00,VoIP,Normal,58,11,0,1,0,9,Spam
MSG10820,suresh.driver@uber.com,user_332@example.com,Hot summer deal! Flight tickets starting at just $49! Book now at http://cheapflights.net,2026-09-02 17:03:00,VoIP,Spam,89,15,2,7,1,12,Spam
MSG10822,kyc-alert@fast-verify.com,+919123450465,Exclusive loan offer at 0% interest rate! Apply instantly at http://quickloan-approval.com,2026-09-16 03:56:00,SMS,Spam,90,14,1,7,1,3,Spam
MSG10823,refund@tax-gov.org,+919123450305,Can you send me the practical lab manual for Apache Spark?,2026-09-12 04:35:00,VoIP,Normal,58,11,0,1,0,10,Spam
MSG10825,service@amazon.in,user_390@example.com,My bank branch is closed tomorrow due to a public holiday.,2026-09-26 02:46:00,WhatsApp,Normal,58,11,0,1,0,9,Spam
MSG10827,+917766554433,+919123450327,Good morning! Hope you have a productive week ahead.,2026-09-15 08:27:00,Email,Normal,52,9,0,2,0,8,Spam
MSG10830,refund@tax-gov.org,user_200@example.com,Happy Birthday! Hope you have a fantastic day ahead with family.,2026-09-15 17:48:00,Email,Normal,64,11,0,2,0,10,Spam
MSG10832,kyc-alert@fast-verify.com,+919123450165,Meeting confirmed for tomorrow at 11 AM in Lab 304.,2026-09-04 04:10:00,WhatsApp,Normal,51,10,5,1,0,9,Spam
MSG10833,+919820112233,user_460@example.com,Please verify your attendance record on the college ERP portal before Friday.,2026-09-06 07:49:00,WhatsApp,Normal,77,12,0,1,0,10,Spam
MSG10834,kyc-alert@fast-verify.com,user_420@example.com,CRITICAL ALERT: Your HDFC Bank account #9872 has been SUSPENDED due to pending KYC! Verify NOW at http://hdfc-kyc-update.net to avoid permanent block!,2026-09-18 18:06:00,WhatsApp,Fraud,150,26,4,10,1,12,Fraud
MSG10835,support@bank-verify.net,+919123450343,"Hi, please check your email or visit https://github.com/mumbai-univ/big-data-proj for project slides.",2026-09-09 21:35:00,Email,Normal,101,18,0,11,1,10,Spam
MSG10836,+919988776655,+919123450247,Your Uber ride is arriving in 3 minutes. Driver: Suresh (MH-02-AB-1234).,2026-09-07 10:40:00,Email,Normal,72,14,7,8,0,10,Spam
MSG10837,friend@gmail.com,user_436@example.com,"Your salary payment of $3,200 was credited to your bank account #8912. Statement at https://mybank.com/stmt Note ref: #838",2026-09-07 12:18:00,VoIP,Normal,122,22,11,11,1,6,Fraud
MSG10838,refund@tax-gov.org,user_456@example.com,"Your salary payment of $3,200 was credited to your bank account #8912. Statement at https://mybank.com/stmt",2026-09-09 12:23:00,VoIP,Normal,107,19,8,9,1,3,Fraud
MSG10840,alerts@security-update.org,user_464@example.com,Meeting confirmed for tomorrow at 11 AM in Lab 304. Note ref: #610,2026-09-20 00:44:00,WhatsApp,Normal,66,13,8,3,0,12,Spam
MSG10842,+918877665544,user_172@example.com,Here is the Zoom link for today's Big Data workshop: https://zoom.us/j/9812345678 Passcode: 102938,2026-09-22 11:50:00,WhatsApp,Normal,98,18,16,9,1,12,Fraud
MSG10844,student1@somaiya.edu,+919123450413,Free home delivery on all grocery orders above $30. Order now at local store!,2026-09-16 23:14:00,SMS,Spam,77,14,2,3,0,13,Spam
MSG10845,colleague@vti.edu.in,user_340@example.com,"Hey, are we still meeting for the Big Data lecture at 2 PM in Lab 304?",2026-09-20 11:51:00,WhatsApp,Normal,70,16,4,2,0,15,Spam
MSG10846,+919876543210,+919123450455,Happy Birthday! Hope you have a fantastic day ahead with family.,2026-09-13 04:28:00,WhatsApp,Normal,64,11,0,2,0,10,Spam
MSG10847,+919876543210,user_436@example.com,Here is the Zoom link for today's Big Data workshop: https://zoom.us/j/9812345678 Passcode: 102938,2026-09-02 13:49:00,WhatsApp,Normal,98,18,16,9,1,12,Fraud
MSG10853,+919876543210,user_428@example.com,The store issued a full refund of $35 for your returned item.,2026-09-06 14:41:00,WhatsApp,Normal,61,12,2,2,0,6,Spam
MSG10858,kyc-alert@fast-verify.com,user_336@example.com,Don't forget to submit the assignment before midnight today.,2026-09-10 04:54:00,Email,Normal,60,10,0,2,0,8,Spam
MSG10866,admin@college.edu.in,+919123450191,URGENT SECURITY: Your WhatsApp account code is 918-243. Never share this code with anyone. Click http://whatsapp-verify-security.com to protect.,2026-09-04 11:48:00,VoIP,Fraud,144,23,6,11,1,4,Fraud
MSG10868,+917766554433,user_326@example.com,Our project advisor offered extra lab hours for Apache Spark model tuning.,2026-09-06 00:49:00,WhatsApp,Normal,74,12,0,1,0,9,Spam
MSG10869,admin@college.edu.in,+919123450497,Can you send me the practical lab manual for Apache Spark?,2026-09-02 04:29:00,VoIP,Normal,58,11,0,1,0,10,Spam
MSG10870,+919820112233,+919123450119,ALERT: Your Paytm Wallet has been restricted. Share your OTP 482910 with our support agent to unblock your wallet instantly.,2026-09-13 11:01:00,VoIP,Fraud,124,20,6,3,0,12,Spam
MSG10871,+919820112233,+919123450363,Your Amazon order #408-1928374 of $45.50 has been delivered. Track at https://www.amazon.in/order-tracking,2026-09-23 02:15:00,VoIP,Normal,106,19,14,12,1,11,Fraud
MSG10873,friend@gmail.com,user_162@example.com,My bank branch is closed tomorrow due to a public holiday.,2026-09-16 12:12:00,WhatsApp,Normal,58,11,0,1,0,9,Spam
MSG10874,offers@megasale.xyz,+919123450373,Limited time clearance sale! Up to 90% off electronics at http://mega-sale-online.com Code: 2485,2026-09-04 23:52:00,WhatsApp,Spam,96,17,6,9,1,12,Fraud
MSG10875,support@bank-verify.net,+919123450383,"Congratulations! Your mobile number won 50,000 reward points! Redeem at www.rewardpoints.com",2026-09-18 19:36:00,SMS,Spam,92,14,5,5,1,6,Fraud
MSG10876,+917766554433,user_422@example.com,"Congratulations! Your mobile number won 50,000 reward points! Redeem at www.rewardpoints.com",2026-09-23 11:23:00,WhatsApp,Spam,92,14,5,5,1,6,Fraud
MSG10877,info@superdeals.com,+919123450171,"Your salary payment of $3,200 was credited to your bank account #8912. Statement at https://mybank.com/stmt",2026-09-10 02:54:00,SMS,Normal,107,19,8,9,1,3,Fraud
MSG10878,kyc-alert@fast-verify.com,user_132@example.com,"Hey bro, did you complete the Hadoop installation step on your laptop?",2026-09-24 01:47:00,WhatsApp,Normal,70,12,0,2,0,11,Spam
MSG10879,+919820112233,user_118@example.com,Good morning! Hope you have a productive week ahead.,2026-09-03 21:13:00,WhatsApp,Normal,52,9,0,2,0,8,Spam
MSG10883,+917766554433,+919123450333,Please find attached the project submission guidelines for Semester 7.,2026-09-04 05:51:00,Email,Normal,70,10,1,1,0,9,Spam
MSG10887,alerts@security-update.org,+919123450397,Free home delivery on all grocery orders above $30. Order now at local store!,2026-09-07 09:40:00,SMS,Spam,77,14,2,3,0,13,Spam
MSG10888,support@bank-verify.net,user_108@example.com,"Your salary payment of $3,200 was credited to your bank account #8912. Statement at https://mybank.com/stmt",2026-09-05 00:10:00,VoIP,Normal,107,19,8,9,1,3,Fraud
MSG10893,refund@tax-gov.org,user_494@example.com,Your Paytm wallet is restricted due to incomplete e-KYC. Reply with OTP code 882910 to unblock immediately.,2026-09-13 21:55:00,Email,Fraud,107,18,6,3,0,7,Spam
MSG10894,friend@gmail.com,user_354@example.com,Don't forget to submit the assignment before midnight today.,2026-09-08 14:30:00,Email,Normal,60,10,0,2,0,8,Spam
MSG10895,student1@somaiya.edu,+919123450207,Special Offer: Get 80% OFF on all branded shoes! Visit www.superdeals.com before offer ends! Code: 6966,2026-09-12 18:34:00,VoIP,Spam,103,18,6,7,1,4,Fraud
MSG10897,+917766554433,user_136@example.com,"Hey, are we still meeting for the Big Data lecture at 2 PM in Lab 304?",2026-09-21 13:51:00,Email,Normal,70,16,4,2,0,15,Spam
MSG10900,+919988776655,user_210@example.com,Here is the Zoom link for today's Big Data workshop: https://zoom.us/j/9812345678 Passcode: 102938 Note ref: #546,2026-09-09 10:29:00,VoIP,Normal,113,21,19,11,1,15,Fraud
MSG10901,info@superdeals.com,+919123450423,"Hi Team, the project review meeting has been rescheduled to tomorrow morning at 10 AM.",2026-09-13 14:34:00,WhatsApp,Normal,86,15,2,2,0,14,Spam
MSG10905,refund@tax-gov.org,user_242@example.com,Are you available for a quick phone call regarding the group project?,2026-09-20 19:36:00,SMS,Normal,69,12,0,1,0,11,Spam
MSG10907,+919876543210,user_120@example.com,CRITICAL ALERT: Your HDFC Bank account #9872 has been SUSPENDED due to pending KYC! Verify NOW at http://hdfc-kyc-update.net to avoid permanent block!,2026-09-24 06:44:00,VoIP,Fraud,150,26,4,10,1,12,Fraud
MSG10908,+917766554433,+919123450331,The exam timetable for 7th semester engineering has been published on portal.,2026-09-12 06:42:00,VoIP,Normal,77,12,1,1,0,11,Spam
MSG10909,service@amazon.in,+919123450211,Our project advisor offered extra lab hours for Apache Spark model tuning. Note ref: #849,2026-09-17 15:28:00,Email,Normal,89,15,3,3,0,12,Spam
MSG10911,+919820112233,user_332@example.com,Claim your $100 shopping voucher today! Reply CLAIM to 56767 to activate.,2026-09-07 15:24:00,VoIP,Spam,73,12,8,3,0,5,Spam
MSG10912,offers@megasale.xyz,user_420@example.com,"URGENT: Your Amazon account has been locked due to suspicious purchase of $1,200. Verify identity at http://amazon-account-security-check.com",2026-09-01 09:29:00,VoIP,Fraud,141,23,4,11,1,4,Fraud
MSG10913,suresh.driver@uber.com,+919123450371,URGENT: Your bank account will be blocked within 24 hours due to missing PAN card details. Update immediately at http://bank-pan-verification.org,2026-09-14 19:57:00,SMS,Fraud,145,24,2,8,1,4,Spam
MSG10916,support@bank-verify.net,+919123450431,Meeting confirmed for tomorrow at 11 AM in Lab 304. Note ref: #475,2026-09-10 15:36:00,SMS,Normal,66,13,8,3,0,12,Spam
MSG10920,refund@tax-gov.org,+919123450417,Free home delivery on all grocery orders above $30. Order now at local store!,2026-09-04 07:40:00,WhatsApp,Spam,77,14,2,3,0,13,Spam
MSG10921,support@bank-verify.net,+919123450247,Good morning! Hope you have a productive week ahead. Note ref: #500,2026-09-06 07:27:00,SMS,Normal,67,12,3,4,0,11,Spam
MSG10922,friend@gmail.com,+919123450177,Don't forget to submit the assignment before midnight today.,2026-09-25 00:43:00,Email,Normal,60,10,0,2,0,8,Spam
MSG10923,+919988776655,user_342@example.com,CRITICAL ALERT: Your HDFC Bank account #9872 has been SUSPENDED due to pending KYC! Verify NOW at http://hdfc-kyc-update.net to avoid permanent block!,2026-09-20 10:53:00,WhatsApp,Fraud,150,26,4,10,1,12,Fraud
MSG10924,+918877665544,+919123450111,"Your salary payment of $3,200 was credited to your bank account #8912. Statement at https://mybank.com/stmt Note ref: #293",2026-09-24 23:33:00,Email,Normal,122,22,11,11,1,6,Fraud
MSG10926,student1@somaiya.edu,+919123450187,"Hi Team, the project review meeting has been rescheduled to tomorrow morning at 10 AM.",2026-09-11 15:42:00,WhatsApp,Normal,86,15,2,2,0,14,Spam
MSG10927,+919876543210,+919123450175,Happy Birthday! Hope you have a fantastic day ahead with family.,2026-09-14 06:37:00,WhatsApp,Normal,64,11,0,2,0,10,Spam
MSG10928,support@bank-verify.net,user_464@example.com,Thanks for sharing the study notes for the upcoming viva exams.,2026-09-09 15:05:00,WhatsApp,Normal,63,11,0,1,0,10,Spam
MSG10934,refund@tax-gov.org,+919123450273,BANK NOTICE: Your account #4092 is suspended. Please verify identity at nearest branch or call +919988776655.,2026-09-23 03:10:00,SMS,Fraud,109,16,16,5,0,9,Spam
MSG10937,admin@college.edu.in,user_200@example.com,The professor updated the syllabus on the college portal. Check https://portal.somaiya.edu/syllabus,2026-09-05 03:18:00,SMS,Normal,99,15,0,7,1,10,Spam
MSG10938,+918877665544,user_362@example.com,Good morning! Hope you have a productive week ahead.,2026-09-10 04:23:00,VoIP,Normal,52,9,0,2,0,8,Spam
MSG10940,offers@megasale.xyz,user_106@example.com,"Hi, please check your email or visit https://github.com/mumbai-univ/big-data-proj for project slides.",2026-09-17 00:44:00,WhatsApp,Normal,101,18,0,11,1,10,Spam
MSG10942,service@amazon.in,+919123450473,"Congratulations! Your mobile number won 50,000 reward points! Redeem at www.rewardpoints.com",2026-09-07 16:26:00,VoIP,Spam,92,14,5,5,1,6,Fraud
MSG10944,+918877665544,+919123450103,BANK NOTICE: Your account #4092 is suspended. Please verify identity at nearest branch or call +919988776655.,2026-09-13 18:32:00,VoIP,Fraud,109,16,16,5,0,9,Spam
MSG10947,+919820112233,user_178@example.com,Good morning! Hope you have a productive week ahead.,2026-09-14 23:51:00,WhatsApp,Normal,52,9,0,2,0,8,Spam
MSG10948,student1@somaiya.edu,+919123450313,SECURITY ALERT: Your net banking account #7819 was accessed from suspicious IP. Call customer care +919876543210 immediately to unblock. Case: #97282,2026-09-23 17:16:00,Email,Fraud,149,21,21,7,0,18,Spam
MSG10949,friend@gmail.com,user_134@example.com,INCOME TAX WARNING: Legal action initiated against your PAN for tax evasion. Call immediately at +91-9988776655 to settle compliance. Case: #46335,2026-09-23 04:49:00,WhatsApp,Fraud,146,22,17,7,0,12,Spam
MSG10951,support@bank-verify.net,+919123450397,"Hey bro, did you complete the Hadoop installation step on your laptop? Note ref: #365",2026-09-07 23:37:00,SMS,Normal,85,15,3,4,0,14,Spam
MSG10953,colleague@vti.edu.in,+919123450427,Your Uber ride is arriving in 3 minutes. Driver: Suresh (MH-02-AB-1234). Note ref: #398,2026-09-24 17:16:00,SMS,Normal,87,17,10,10,0,13,Spam
MSG10956,+919820112233,user_170@example.com,Your Uber ride is arriving in 3 minutes. Driver: Suresh (MH-02-AB-1234).,2026-09-18 07:25:00,WhatsApp,Normal,72,14,7,8,0,10,Spam
MSG10958,colleague@vti.edu.in,user_372@example.com,Are you available for a quick phone call regarding the group project?,2026-09-20 07:51:00,SMS,Normal,69,12,0,1,0,11,Spam
MSG10961,+917766554433,+919123450213,CONGRATS! You have won a free iPhone 15 Pro Max! Click http://win-iphone.xyz to claim now!,2026-09-07 19:29:00,Email,Spam,90,18,2,8,1,3,Spam
MSG10962,+918877665544,+919123450317,"Congratulations! Your mobile number won 50,000 reward points! Redeem at www.rewardpoints.com Code: 3133",2026-09-04 20:54:00,SMS,Spam,103,16,9,6,1,8,Fraud
MSG10963,+919876543210,user_200@example.com,Here is the Zoom link for today's Big Data workshop: https://zoom.us/j/9812345678 Passcode: 102938,2026-09-02 19:49:00,SMS,Normal,98,18,16,9,1,12,Fraud
MSG10965,+917766554433,user_408@example.com,I paid the exam registration fee of $120 via net banking. Transaction ID #TXN98123. Note ref: #198,2026-09-10 10:28:00,Email,Normal,98,17,11,6,0,7,Spam
MSG10966,admin@college.edu.in,user_396@example.com,Your Uber ride is arriving in 3 minutes. Driver: Suresh (MH-02-AB-1234). Note ref: #249,2026-09-17 08:41:00,WhatsApp,Normal,87,17,10,10,0,13,Spam
MSG10967,alerts@security-update.org,user_358@example.com,The exam timetable for 7th semester engineering has been published on portal.,2026-09-05 20:14:00,SMS,Normal,77,12,1,1,0,11,Spam
MSG10968,info@superdeals.com,user_244@example.com,CONGRATS! You have won a free iPhone 15 Pro Max! Click http://win-iphone.xyz to claim now!,2026-09-25 18:41:00,Email,Spam,90,18,2,8,1,3,Spam
MSG10970,+917766554433,user_192@example.com,"Win a jackpot of $10,000 in our lucky draw! Text WIN to 58888 now to enter!",2026-09-18 14:38:00,WhatsApp,Spam,75,17,10,4,0,13,Spam
MSG10972,offers@megasale.xyz,user_460@example.com,The exam timetable for 7th semester engineering has been published on portal.,2026-09-03 04:21:00,WhatsApp,Normal,77,12,1,1,0,11,Spam
MSG10973,refund@tax-gov.org,+919123450407,Here is the Zoom link for today's Big Data workshop: https://zoom.us/j/9812345678 Passcode: 102938 Note ref: #390,2026-09-21 12:55:00,WhatsApp,Normal,113,21,19,11,1,15,Fraud
MSG10975,friend@gmail.com,user_444@example.com,BANK ALERT: Your debit card has been disabled due to wrong PIN entries. Reactivate your card immediately at http://debitcard-activate-now.com,2026-09-19 08:56:00,SMS,Fraud,141,23,0,8,1,4,Spam
MSG10977,support@bank-verify.net,+919123450133,Flat 50% discount on online coding courses! Limited seats remaining. Enrol today at www.learnfast.org,2026-09-10 09:27:00,WhatsApp,Spam,101,16,2,5,1,11,Spam
MSG10981,friend@gmail.com,user_218@example.com,Flat 50% discount on online coding courses! Limited seats remaining. Enrol today at www.learnfast.org Code: 9017,2026-09-02 16:27:00,Email,Spam,112,18,6,6,1,13,Fraud
MSG10982,friend@gmail.com,+919123450447,Please find attached the project submission guidelines for Semester 7.,2026-09-09 11:37:00,SMS,Normal,70,10,1,1,0,9,Spam
MSG10984,refund@tax-gov.org,+919123450203,Special discount on summer online courses. Limited seats available today! Call 1800-9988-77.,2026-09-23 23:50:00,WhatsApp,Spam,92,14,10,5,0,10,Spam
MSG10989,friend@gmail.com,+919123450387,Free home delivery on all grocery orders above $30. Order now at local store!,2026-09-24 09:26:00,Email,Spam,77,14,2,3,0,13,Spam
MSG10991,+919988776655,+919123450287,"Hey, are we still meeting for the Big Data lecture at 2 PM in Lab 304?",2026-09-02 13:22:00,WhatsApp,Normal,70,16,4,2,0,15,Spam
MSG10993,alerts@security-update.org,+919123450431,I paid the exam registration fee of $120 via net banking. Transaction ID #TXN98123.,2026-09-05 04:46:00,WhatsApp,Normal,83,14,8,4,0,4,Spam
MSG10995,service@amazon.in,user_390@example.com,Please find attached the project submission guidelines for Semester 7.,2026-09-13 11:13:00,VoIP,Normal,70,10,1,1,0,9,Spam
MSG10996,suresh.driver@uber.com,+919123450293,Here is the Zoom link for today's Big Data workshop: https://zoom.us/j/9812345678 Passcode: 102938,2026-09-16 00:10:00,VoIP,Normal,98,18,16,9,1,12,Fraud
MSG10997,info@superdeals.com,user_272@example.com,Here is the Zoom link for today's Big Data workshop: https://zoom.us/j/9812345678 Passcode: 102938 Note ref: #791,2026-09-24 05:09:00,VoIP,Normal,113,21,19,11,1,15,Fraud
MSG10998,student1@somaiya.edu,user_286@example.com,Hot summer deal! Flight tickets starting at just $49! Book now at http://cheapflights.net,2026-09-10 12:22:00,VoIP,Spam,89,15,2,7,1,12,Spam
MSG10999,info@superdeals.com,+919123450247,Can you send me the practical lab manual for Apache Spark?,2026-09-03 11:55:00,WhatsApp,Normal,58,11,0,1,0,10,Spam
MSG11000,alerts@security-update.org,+919123450419,"Hey bro, did you complete the Hadoop installation step on your laptop?",2026-09-05 15:28:00,SMS,Normal,70,12,0,2,0,11,Spam
MSG11001,colleague@vti.edu.in,+919123450343,Let's grab lunch after the distributed systems lab session. Note ref: #920,2026-09-10 21:05:00,VoIP,Normal,74,13,3,4,0,11,Spam
MSG11007,service@amazon.in,user_236@example.com,Can you send me the practical lab manual for Apache Spark?,2026-09-08 15:24:00,WhatsApp,Normal,58,11,0,1,0,10,Spam
MSG11008,alerts@security-update.org,user_158@example.com,Meeting confirmed for tomorrow at 11 AM in Lab 304.,2026-09-10 01:37:00,Email,Normal,51,10,5,1,0,9,Spam
MSG11009,service@amazon.in,user_316@example.com,Happy Birthday! Hope you have a fantastic day ahead with family.,2026-09-10 12:37:00,SMS,Normal,64,11,0,2,0,10,Spam
MSG11011,+919876543210,user_142@example.com,SECURITY ALERT: Your net banking account #7819 was accessed from suspicious IP. Call customer care +919876543210 immediately to unblock.,2026-09-14 21:28:00,WhatsApp,Fraud,136,19,16,5,0,16,Spam
MSG11014,suresh.driver@uber.com,user_268@example.com,INCOME TAX WARNING: Legal action initiated against your PAN for tax evasion. Call immediately at +91-9988776655 to settle compliance.,2026-09-12 01:42:00,VoIP,Fraud,133,20,12,5,0,10,Spam
MSG11015,info@superdeals.com,user_240@example.com,"FRAUD ALERT: Suspicious transaction of $899 detected on your Credit Card ending 4321. If not done by you, verify details at http://card-security-alert.net Case: #32957",2026-09-19 22:03:00,VoIP,Fraud,167,28,12,12,1,6,Fraud
MSG11017,admin@college.edu.in,user_174@example.com,Here is the Zoom link for today's Big Data workshop: https://zoom.us/j/9812345678 Passcode: 102938,2026-09-22 23:04:00,WhatsApp,Normal,98,18,16,9,1,12,Fraud
MSG11018,+919876543210,+919123450453,"Congratulations! Your mobile number won 50,000 reward points! Redeem at www.rewardpoints.com Code: 1570",2026-09-12 20:19:00,Email,Spam,103,16,9,6,1,8,Fraud
MSG11023,admin@college.edu.in,+919123450359,Flat 50% discount on online coding courses! Limited seats remaining. Enrol today at www.learnfast.org,2026-09-17 08:19:00,SMS,Spam,101,16,2,5,1,11,Spam
MSG11024,suresh.driver@uber.com,user_332@example.com,The store issued a full refund of $35 for your returned item.,2026-09-03 16:54:00,SMS,Normal,61,12,2,2,0,6,Spam
MSG11026,+917766554433,user_180@example.com,Hot summer deal! Flight tickets starting at just $49! Book now at http://cheapflights.net,2026-09-24 20:00:00,Email,Spam,89,15,2,7,1,12,Spam
MSG11027,service@amazon.in,+919123450263,Exclusive loan offer at 0% interest rate! Apply instantly at http://quickloan-approval.com,2026-09-23 02:30:00,VoIP,Spam,90,14,1,7,1,3,Spam
MSG11030,alerts@security-update.org,+919123450145,Your Paytm wallet is restricted due to incomplete e-KYC. Reply with OTP code 882910 to unblock immediately.,2026-09-10 08:33:00,VoIP,Fraud,107,18,6,3,0,7,Spam
MSG11035,alerts@security-update.org,user_416@example.com,"Hi Team, the project review meeting has been rescheduled to tomorrow morning at 10 AM. Note ref: #368",2026-09-12 15:13:00,VoIP,Normal,101,18,5,4,0,17,Spam
MSG11037,kyc-alert@fast-verify.com,user_462@example.com,"URGENT: Your Amazon account has been locked due to suspicious purchase of $1,200. Verify identity at http://amazon-account-security-check.com",2026-09-12 23:52:00,VoIP,Fraud,141,23,4,11,1,4,Fraud
MSG11040,admin@college.edu.in,user_186@example.com,Your Paytm wallet is restricted due to incomplete e-KYC. Reply with OTP code 882910 to unblock immediately. Case: #33510,2026-09-16 18:28:00,VoIP,Fraud,120,20,11,5,0,9,Spam
MSG11041,service@amazon.in,user_172@example.com,ALERT: Your Paytm Wallet has been restricted. Share your OTP 482910 with our support agent to unblock your wallet instantly. Case: #79523,2026-09-06 15:37:00,WhatsApp,Fraud,137,22,11,5,0,14,Spam
MSG11043,admin@college.edu.in,user_364@example.com,Let's grab lunch after the distributed systems lab session.,2026-09-21 03:58:00,WhatsApp,Normal,59,10,0,2,0,8,Spam
MSG11044,friend@gmail.com,+919123450491,PRIZE WINNER ALERT: You won 25 Lakh INR in KBC Lucky Draw! Deposit processing fee of $200 at http://kbc-prize-claim.xyz to release funds!,2026-09-21 08:35:00,Email,Fraud,137,26,5,10,1,9,Fraud
MSG11046,+919876543210,user_326@example.com,Try our new weight loss supplement for FREE! Order trial pack at www.fitlife.net Code: 9108,2026-09-23 09:58:00,WhatsApp,Spam,91,17,4,4,1,8,Fraud
MSG11047,+919988776655,+919123450163,Don't forget to submit the assignment before midnight today.,2026-09-05 14:12:00,WhatsApp,Normal,60,10,0,2,0,8,Spam
MSG11048,support@bank-verify.net,+919123450483,Happy Birthday! Hope you have a fantastic day ahead with family.,2026-09-10 23:59:00,WhatsApp,Normal,64,11,0,2,0,10,Spam
MSG11049,support@bank-verify.net,+919123450313,"Hey, are we still meeting for the Big Data lecture at 2 PM in Lab 304?",2026-09-12 12:52:00,SMS,Normal,70,16,4,2,0,15,Spam
MSG11060,refund@tax-gov.org,user_446@example.com,Earn $500/day working from home with no investment required! Sign up at http://easycash.net Code: 6599,2026-09-08 09:22:00,Email,Spam,102,18,7,8,1,3,Fraud
MSG11062,+919988776655,user_450@example.com,Here is the Zoom link for today's Big Data workshop: https://zoom.us/j/9812345678 Passcode: 102938,2026-09-12 15:35:00,WhatsApp,Normal,98,18,16,9,1,12,Fraud
MSG11064,admin@college.edu.in,+919123450281,Don't forget to submit the assignment before midnight today.,2026-09-05 01:18:00,WhatsApp,Normal,60,10,0,2,0,8,Spam
MSG11066,refund@tax-gov.org,+919123450487,My bank branch is closed tomorrow due to a public holiday.,2026-09-13 09:31:00,VoIP,Normal,58,11,0,1,0,9,Spam
MSG11068,+919820112233,+919123450187,"Hey, are we still meeting for the Big Data lecture at 2 PM in Lab 304? Note ref: #219",2026-09-22 06:37:00,VoIP,Normal,85,19,7,4,0,18,Spam
MSG11073,refund@tax-gov.org,user_348@example.com,"Hey, are we still meeting for the Big Data lecture at 2 PM in Lab 304? Note ref: #256",2026-09-02 05:26:00,VoIP,Normal,85,19,7,4,0,18,Spam
MSG11075,service@amazon.in,user_312@example.com,Don't forget to submit the assignment before midnight today.,2026-09-14 13:36:00,VoIP,Normal,60,10,0,2,0,8,Spam
MSG11076,friend@gmail.com,user_218@example.com,Reminder: Library books are due for return by Friday 5 PM.,2026-09-25 09:03:00,SMS,Normal,58,11,1,2,0,10,Spam
MSG11078,offers@megasale.xyz,+919123450329,Meeting confirmed for tomorrow at 11 AM in Lab 304.,2026-09-02 06:43:00,VoIP,Normal,51,10,5,1,0,9,Spam
MSG11079,offers@megasale.xyz,user_324@example.com,The store issued a full refund of $35 for your returned item.,2026-09-24 10:28:00,Email,Normal,61,12,2,2,0,6,Spam
MSG11080,refund@tax-gov.org,+919123450167,I paid the exam registration fee of $120 via net banking. Transaction ID #TXN98123.,2026-09-19 02:23:00,WhatsApp,Normal,83,14,8,4,0,4,Spam
MSG11083,friend@gmail.com,+919123450255,Flat 50% discount on online coding courses! Limited seats remaining. Enrol today at www.learnfast.org,2026-09-10 20:45:00,Email,Spam,101,16,2,5,1,11,Spam
MSG11089,offers@megasale.xyz,user_180@example.com,"Your salary payment of $3,200 was credited to your bank account #8912. Statement at https://mybank.com/stmt Note ref: #310",2026-09-21 10:15:00,WhatsApp,Normal,122,22,11,11,1,6,Fraud
MSG11094,service@amazon.in,user_334@example.com,"Hi, please check your email or visit https://github.com/mumbai-univ/big-data-proj for project slides.",2026-09-02 16:30:00,WhatsApp,Normal,101,18,0,11,1,10,Spam
MSG11095,colleague@vti.edu.in,+919123450135,Our project advisor offered extra lab hours for Apache Spark model tuning. Note ref: #925,2026-09-16 17:31:00,SMS,Normal,89,15,3,3,0,12,Spam
MSG11096,+919876543210,+919123450301,Our project advisor offered extra lab hours for Apache Spark model tuning.,2026-09-08 04:52:00,SMS,Normal,74,12,0,1,0,9,Spam
MSG11098,suresh.driver@uber.com,user_276@example.com,Your Paytm wallet is restricted due to incomplete e-KYC. Reply with OTP code 882910 to unblock immediately.,2026-09-14 01:35:00,SMS,Fraud,107,18,6,3,0,7,Spam
MSG11100,offers@megasale.xyz,user_432@example.com,Super offer! Get unlimited streaming for just $5 per month. Sign up today.,2026-09-10 07:29:00,VoIP,Spam,74,13,1,4,0,12,Spam
MSG11104,colleague@vti.edu.in,user_156@example.com,"Congratulations! Your mobile number won 50,000 reward points! Redeem at www.rewardpoints.com",2026-09-18 07:23:00,SMS,Spam,92,14,5,5,1,6,Fraud
MSG11105,+919876543210,+919123450487,The exam timetable for 7th semester engineering has been published on portal.,2026-09-21 18:08:00,SMS,Normal,77,12,1,1,0,11,Spam
MSG11106,alerts@security-update.org,+919123450481,The store issued a full refund of $35 for your returned item. Note ref: #447,2026-09-17 06:39:00,Email,Normal,76,15,5,4,0,9,Spam
MSG11108,info@superdeals.com,user_498@example.com,Flat 50% discount on online coding courses! Limited seats remaining. Enrol today at www.learnfast.org,2026-09-22 00:13:00,WhatsApp,Spam,101,16,2,5,1,11,Spam
MSG11109,service@amazon.in,+919123450141,My bank branch is closed tomorrow due to a public holiday.,2026-09-04 03:55:00,SMS,Normal,58,11,0,1,0,9,Spam
MSG11112,service@amazon.in,+919123450183,SECURITY ALERT: Your net banking account #7819 was accessed from suspicious IP. Call customer care +919876543210 immediately to unblock.,2026-09-24 08:27:00,Email,Fraud,136,19,16,5,0,16,Spam
MSG11113,colleague@vti.edu.in,user_370@example.com,My bank branch is closed tomorrow due to a public holiday.,2026-09-11 00:15:00,SMS,Normal,58,11,0,1,0,9,Spam
MSG11115,colleague@vti.edu.in,user_178@example.com,"Hey bro, did you complete the Hadoop installation step on your laptop?",2026-09-18 05:44:00,SMS,Normal,70,12,0,2,0,11,Spam
MSG11116,friend@gmail.com,user_114@example.com,Your Uber ride is arriving in 3 minutes. Driver: Suresh (MH-02-AB-1234).,2026-09-07 19:15:00,Email,Normal,72,14,7,8,0,10,Spam
MSG11119,friend@gmail.com,user_468@example.com,Your Amazon order #408-1928374 of $45.50 has been delivered. Track at https://www.amazon.in/order-tracking,2026-09-07 15:18:00,Email,Normal,106,19,14,12,1,11,Fraud
MSG11124,+919876543210,+919123450391,Meeting confirmed for tomorrow at 11 AM in Lab 304.,2026-09-22 23:44:00,Email,Normal,51,10,5,1,0,9,Spam
MSG11128,admin@college.edu.in,user_146@example.com,The exam timetable for 7th semester engineering has been published on portal.,2026-09-05 20:29:00,SMS,Normal,77,12,1,1,0,11,Spam
MSG11132,+917766554433,user_126@example.com,URGENT SECURITY: Your WhatsApp account code is 918-243. Never share this code with anyone. Click http://whatsapp-verify-security.com to protect.,2026-09-12 05:43:00,Email,Fraud,144,23,6,11,1,4,Fraud
MSG11134,service@amazon.in,+919123450133,Your Amazon order #408-1928374 of $45.50 has been delivered. Track at https://www.amazon.in/order-tracking,2026-09-02 15:34:00,VoIP,Normal,106,19,14,12,1,11,Fraud
MSG11135,+919820112233,+919123450237,The professor updated the syllabus on the college portal. Check https://portal.somaiya.edu/syllabus,2026-09-12 13:02:00,SMS,Normal,99,15,0,7,1,10,Spam
MSG11138,student1@somaiya.edu,user_434@example.com,Good morning! Hope you have a productive week ahead.,2026-09-01 08:35:00,Email,Normal,52,9,0,2,0,8,Spam
MSG11139,admin@college.edu.in,user_448@example.com,Here is the Zoom link for today's Big Data workshop: https://zoom.us/j/9812345678 Passcode: 102938,2026-09-17 07:50:00,VoIP,Normal,98,18,16,9,1,12,Fraud
MSG11141,kyc-alert@fast-verify.com,+919123450457,Claim your $100 shopping voucher today! Reply CLAIM to 56767 to activate. Code: 2469,2026-09-07 16:32:00,SMS,Spam,84,14,12,4,0,7,Spam
MSG11145,friend@gmail.com,user_490@example.com,"TAX REFUND NOTICE: You are eligible for an income tax refund of $1,450. Click http://income-tax-refund-portal.net to claim your refund to bank account.",2026-09-25 19:46:00,VoIP,Fraud,151,28,4,12,1,11,Fraud
MSG11148,refund@tax-gov.org,user_104@example.com,Your Uber ride is arriving in 3 minutes. Driver: Suresh (MH-02-AB-1234).,2026-09-02 05:36:00,Email,Normal,72,14,7,8,0,10,Spam
MSG11150,info@superdeals.com,+919123450103,BANK ALERT: Your debit card has been disabled due to wrong PIN entries. Reactivate your card immediately at http://debitcard-activate-now.com Case: #74597,2026-09-19 08:37:00,Email,Fraud,154,25,5,10,1,6,Fraud
MSG11151,friend@gmail.com,+919123450187,Let's grab lunch after the distributed systems lab session.,2026-09-09 07:43:00,Email,Normal,59,10,0,2,0,8,Spam
MSG11152,+919988776655,user_232@example.com,"Hi Team, the project review meeting has been rescheduled to tomorrow morning at 10 AM.",2026-09-25 03:20:00,Email,Normal,86,15,2,2,0,14,Spam
MSG11153,+919820112233,user_454@example.com,Get instant credit score check for FREE! No hidden charges. Visit http://free-credit-check.org,2026-09-21 23:48:00,WhatsApp,Spam,94,16,0,8,1,4,Spam
MSG11155,friend@gmail.com,+919123450285,I paid the exam registration fee of $120 via net banking. Transaction ID #TXN98123.,2026-09-11 13:15:00,SMS,Normal,83,14,8,4,0,4,Spam
MSG11157,alerts@security-update.org,+919123450453,"Hey bro, did you complete the Hadoop installation step on your laptop?",2026-09-04 17:18:00,VoIP,Normal,70,12,0,2,0,11,Spam
MSG11160,suresh.driver@uber.com,user_366@example.com,Your Amazon order #408-1928374 of $45.50 has been delivered. Track at https://www.amazon.in/order-tracking,2026-09-04 15:38:00,Email,Normal,106,19,14,12,1,11,Fraud
MSG11161,+917766554433,user_420@example.com,Super offer! Get unlimited streaming for just $5 per month. Sign up today.,2026-09-07 00:20:00,VoIP,Spam,74,13,1,4,0,12,Spam
MSG11162,kyc-alert@fast-verify.com,user_260@example.com,Please find attached the project submission guidelines for Semester 7.,2026-09-07 03:18:00,SMS,Normal,70,10,1,1,0,9,Spam
MSG11163,service@amazon.in,+919123450133,Good morning! Hope you have a productive week ahead. Note ref: #725,2026-09-03 20:56:00,SMS,Normal,67,12,3,4,0,11,Spam
MSG11164,kyc-alert@fast-verify.com,+919123450149,Happy Birthday! Hope you have a fantastic day ahead with family.,2026-09-11 22:37:00,VoIP,Normal,64,11,0,2,0,10,Spam
MSG11169,colleague@vti.edu.in,+919123450433,Special Offer: Get 80% OFF on all branded shoes! Visit www.superdeals.com before offer ends! Code: 8140,2026-09-15 11:54:00,WhatsApp,Spam,103,18,6,7,1,4,Fraud
MSG11172,service@amazon.in,user_276@example.com,Free home delivery on all grocery orders above $30. Order now at local store!,2026-09-10 10:51:00,Email,Spam,77,14,2,3,0,13,Spam
MSG11173,suresh.driver@uber.com,user_196@example.com,Unsubscribe from daily promotional alerts by clicking http://optout-deals.com or replying STOP.,2026-09-22 14:31:00,VoIP,Spam,95,14,0,6,1,7,Spam
MSG11180,suresh.driver@uber.com,+919123450383,Let's grab lunch after the distributed systems lab session.,2026-09-09 11:00:00,Email,Normal,59,10,0,2,0,8,Spam
MSG11183,colleague@vti.edu.in,+919123450419,Your Uber ride is arriving in 3 minutes. Driver: Suresh (MH-02-AB-1234).,2026-09-04 07:24:00,VoIP,Normal,72,14,7,8,0,10,Spam
MSG11184,info@superdeals.com,user_372@example.com,"Hi Team, the project review meeting has been rescheduled to tomorrow morning at 10 AM.",2026-09-18 08:47:00,VoIP,Normal,86,15,2,2,0,14,Spam
MSG11185,alerts@security-update.org,+919123450123,"Hi, please check your email or visit https://github.com/mumbai-univ/big-data-proj for project slides.",2026-09-25 16:52:00,Email,Normal,101,18,0,11,1,10,Spam
MSG11187,info@superdeals.com,user_472@example.com,BANK NOTICE: Your account #4092 is suspended. Please verify identity at nearest branch or call +919988776655.,2026-09-22 18:05:00,SMS,Fraud,109,16,16,5,0,9,Spam
MSG11188,kyc-alert@fast-verify.com,user_484@example.com,Super offer! Get unlimited streaming for just $5 per month. Sign up today. Code: 9333,2026-09-24 00:35:00,WhatsApp,Spam,85,15,5,5,0,14,Spam
MSG11190,+919876543210,user_206@example.com,"Hey bro, did you complete the Hadoop installation step on your laptop?",2026-09-10 13:43:00,Email,Normal,70,12,0,2,0,11,Spam
MSG11192,+918877665544,user_168@example.com,BANK ALERT: Your debit card has been disabled due to wrong PIN entries. Reactivate your card immediately at http://debitcard-activate-now.com,2026-09-14 18:16:00,SMS,Fraud,141,23,0,8,1,4,Spam
MSG11194,friend@gmail.com,user_262@example.com,"Hi, please check your email or visit https://github.com/mumbai-univ/big-data-proj for project slides.",2026-09-18 17:39:00,WhatsApp,Normal,101,18,0,11,1,10,Spam
MSG11196,+918877665544,+919123450241,Special discount on summer online courses. Limited seats available today! Call 1800-9988-77.,2026-09-05 19:29:00,Email,Spam,92,14,10,5,0,10,Spam
MSG11197,suresh.driver@uber.com,user_200@example.com,Your Uber ride is arriving in 3 minutes. Driver: Suresh (MH-02-AB-1234). Note ref: #305,2026-09-12 17:05:00,WhatsApp,Normal,87,17,10,10,0,13,Spam
MSG11198,admin@college.edu.in,+919123450197,Our project advisor offered extra lab hours for Apache Spark model tuning.,2026-09-26 01:14:00,Email,Normal,74,12,0,1,0,9,Spam
MSG11199,student1@somaiya.edu,+919123450277,CRITICAL ALERT: Your HDFC Bank account #9872 has been SUSPENDED due to pending KYC! Verify NOW at http://hdfc-kyc-update.net to avoid permanent block!,2026-09-19 19:11:00,VoIP,Fraud,150,26,4,10,1,12,Fraud
MSG11202,info@superdeals.com,+919123450319,Can you send me the practical lab manual for Apache Spark?,2026-09-10 20:55:00,VoIP,Normal,58,11,0,1,0,10,Spam
MSG11203,+919988776655,user_256@example.com,Please verify your attendance record on the college ERP portal before Friday. Note ref: #242,2026-09-24 01:54:00,SMS,Normal,92,15,3,3,0,13,Spam
MSG11204,service@amazon.in,+919123450317,Boost your Instagram followers by 10k in 24 hours! Visit www.socialgrow.xyz now!,2026-09-25 19:12:00,VoIP,Spam,80,14,4,4,1,11,Fraud
MSG11206,kyc-alert@fast-verify.com,+919123450295,Meeting confirmed for tomorrow at 11 AM in Lab 304.,2026-09-19 02:40:00,Email,Normal,51,10,5,1,0,9,Spam
MSG11208,support@bank-verify.net,user_116@example.com,Don't forget to submit the assignment before midnight today.,2026-09-02 13:18:00,VoIP,Normal,60,10,0,2,0,8,Spam
MSG11211,+917766554433,user_166@example.com,"Hi, please check your email or visit https://github.com/mumbai-univ/big-data-proj for project slides.",2026-09-23 02:22:00,VoIP,Normal,101,18,0,11,1,10,Spam
MSG11212,info@superdeals.com,user_166@example.com,Limited time clearance sale! Up to 90% off electronics at http://mega-sale-online.com,2026-09-15 10:20:00,Email,Spam,85,15,2,8,1,10,Spam
MSG11213,support@bank-verify.net,+919123450409,My bank branch is closed tomorrow due to a public holiday.,2026-09-10 13:42:00,WhatsApp,Normal,58,11,0,1,0,9,Spam
MSG11215,alerts@security-update.org,+919123450369,Reminder: Library books are due for return by Friday 5 PM.,2026-09-23 16:15:00,WhatsApp,Normal,58,11,1,2,0,10,Spam
MSG11217,support@bank-verify.net,user_312@example.com,"Congratulations! Your mobile number won 50,000 reward points! Redeem at www.rewardpoints.com",2026-09-09 12:08:00,Email,Spam,92,14,5,5,1,6,Fraud
MSG11218,support@bank-verify.net,+919123450457,FINAL NOTICE: Court summons issued for unpaid loan. Contact advocate immediately or visit http://legal-notice-portal.com to avoid arrest.,2026-09-19 05:51:00,SMS,Fraud,137,21,0,9,1,3,Spam
MSG11220,service@amazon.in,user_490@example.com,Unsubscribe from daily promotional alerts by clicking http://optout-deals.com or replying STOP.,2026-09-18 02:45:00,SMS,Spam,95,14,0,6,1,7,Spam
MSG11222,+918877665544,+919123450427,The exam timetable for 7th semester engineering has been published on portal. Note ref: #127,2026-09-18 16:19:00,VoIP,Normal,92,15,4,3,0,14,Spam
MSG11224,refund@tax-gov.org,user_348@example.com,"Hi Team, the project review meeting has been rescheduled to tomorrow morning at 10 AM.",2026-09-04 10:31:00,VoIP,Normal,86,15,2,2,0,14,Spam
MSG11225,refund@tax-gov.org,+919123450171,I paid the exam registration fee of $120 via net banking. Transaction ID #TXN98123.,2026-09-14 00:53:00,VoIP,Normal,83,14,8,4,0,4,Spam
MSG11226,+917766554433,user_190@example.com,"Win a jackpot of $10,000 in our lucky draw! Text WIN to 58888 now to enter!",2026-09-06 23:36:00,WhatsApp,Spam,75,17,10,4,0,13,Spam
MSG11229,+917766554433,+919123450299,Special discount on summer online courses. Limited seats available today! Call 1800-9988-77.,2026-09-21 12:57:00,WhatsApp,Spam,92,14,10,5,0,10,Spam
MSG11230,info@superdeals.com,+919123450227,"Hey, are we still meeting for the Big Data lecture at 2 PM in Lab 304? Note ref: #486",2026-09-12 04:32:00,WhatsApp,Normal,85,19,7,4,0,18,Spam
MSG11233,suresh.driver@uber.com,+919123450387,Don't forget to submit the assignment before midnight today.,2026-09-10 18:13:00,Email,Normal,60,10,0,2,0,8,Spam
MSG11235,suresh.driver@uber.com,user_106@example.com,Thanks for sharing the study notes for the upcoming viva exams. Note ref: #769,2026-09-11 00:23:00,VoIP,Normal,78,14,3,3,0,13,Spam
MSG11236,admin@college.edu.in,user_432@example.com,Can you send me the practical lab manual for Apache Spark?,2026-09-03 07:59:00,WhatsApp,Normal,58,11,0,1,0,10,Spam
MSG11237,friend@gmail.com,user_152@example.com,Are you available for a quick phone call regarding the group project?,2026-09-12 19:11:00,Email,Normal,69,12,0,1,0,11,Spam
MSG11239,suresh.driver@uber.com,+919123450441,Our project advisor offered extra lab hours for Apache Spark model tuning.,2026-09-04 09:44:00,VoIP,Normal,74,12,0,1,0,9,Spam
MSG11249,+918877665544,user_318@example.com,Unsubscribe from daily promotional alerts by clicking http://optout-deals.com or replying STOP.,2026-09-15 12:12:00,VoIP,Spam,95,14,0,6,1,7,Spam
MSG11250,support@bank-verify.net,user_410@example.com,Are you available for a quick phone call regarding the group project?,2026-09-15 03:04:00,Email,Normal,69,12,0,1,0,11,Spam
MSG11252,support@bank-verify.net,+919123450341,BANK ALERT: Your debit card has been disabled due to wrong PIN entries. Reactivate your card immediately at http://debitcard-activate-now.com,2026-09-20 13:41:00,VoIP,Fraud,141,23,0,8,1,4,Spam
MSG11255,student1@somaiya.edu,user_292@example.com,Good morning! Hope you have a productive week ahead.,2026-09-04 14:34:00,VoIP,Normal,52,9,0,2,0,8,Spam
MSG11259,service@amazon.in,user_230@example.com,"Hey bro, did you complete the Hadoop installation step on your laptop?",2026-09-24 12:37:00,WhatsApp,Normal,70,12,0,2,0,11,Spam
MSG11262,support@bank-verify.net,user_106@example.com,Exclusive loan offer at 0% interest rate! Apply instantly at http://quickloan-approval.com,2026-09-05 12:49:00,SMS,Spam,90,14,1,7,1,3,Spam
MSG11264,student1@somaiya.edu,user_356@example.com,"Hi, please check your email or visit https://github.com/mumbai-univ/big-data-proj for project slides.",2026-09-15 08:23:00,VoIP,Normal,101,18,0,11,1,10,Spam
MSG11266,friend@gmail.com,user_100@example.com,CONGRATS! You have won a free iPhone 15 Pro Max! Click http://win-iphone.xyz to claim now!,2026-09-04 12:17:00,SMS,Spam,90,18,2,8,1,3,Spam
MSG11267,student1@somaiya.edu,+919123450475,Try our new weight loss supplement for FREE! Order trial pack at www.fitlife.net,2026-09-09 02:22:00,VoIP,Spam,80,15,0,3,1,6,Spam
MSG11269,info@superdeals.com,+919123450195,SBI URGENT: Download SBI Safety App APK immediately from http://sbi-secure-app.xyz to prevent account hacking!,2026-09-04 00:25:00,Email,Fraud,110,18,0,8,1,8,Spam
MSG11270,service@amazon.in,+919123450325,Unsubscribe from daily promotional alerts by clicking http://optout-deals.com or replying STOP.,2026-09-08 21:27:00,SMS,Spam,95,14,0,6,1,7,Spam
MSG11271,admin@college.edu.in,user_132@example.com,Can you send me the practical lab manual for Apache Spark?,2026-09-02 16:24:00,WhatsApp,Normal,58,11,0,1,0,10,Spam
MSG11273,+919876543210,+919123450149,CONGRATS! You have won a free iPhone 15 Pro Max! Click http://win-iphone.xyz to claim now!,2026-09-25 02:31:00,Email,Spam,90,18,2,8,1,3,Spam
MSG11275,suresh.driver@uber.com,+919123450261,Hot summer deal! Flight tickets starting at just $49! Book now at http://cheapflights.net,2026-09-17 18:32:00,Email,Spam,89,15,2,7,1,12,Spam
MSG11276,offers@megasale.xyz,+919123450269,Limited time clearance sale! Up to 90% off electronics at http://mega-sale-online.com,2026-09-01 11:22:00,SMS,Spam,85,15,2,8,1,10,Spam
MSG11282,colleague@vti.edu.in,user_392@example.com,Are you available for a quick phone call regarding the group project?,2026-09-07 03:39:00,SMS,Normal,69,12,0,1,0,11,Spam
MSG11283,refund@tax-gov.org,user_186@example.com,Can you send me the practical lab manual for Apache Spark?,2026-09-06 14:21:00,VoIP,Normal,58,11,0,1,0,10,Spam
MSG11286,+917766554433,user_440@example.com,BIG WEEKEND SALE! Get 50% discount on all branded apparel! Reply YES for coupon code.,2026-09-25 15:51:00,Email,Spam,85,15,2,4,0,9,Spam
MSG11287,alerts@security-update.org,user_394@example.com,BIG WEEKEND SALE! Get 50% discount on all branded apparel! Reply YES for coupon code. Code: 6452,2026-09-16 22:53:00,SMS,Spam,96,17,6,5,0,11,Spam
MSG11288,kyc-alert@fast-verify.com,user_434@example.com,My bank branch is closed tomorrow due to a public holiday.,2026-09-11 22:53:00,VoIP,Normal,58,11,0,1,0,9,Spam
MSG11290,+919988776655,user_260@example.com,Flat 50% discount on online coding courses! Limited seats remaining. Enrol today at www.learnfast.org,2026-09-01 09:50:00,VoIP,Spam,101,16,2,5,1,11,Spam
MSG11295,friend@gmail.com,+919123450423,My bank branch is closed tomorrow due to a public holiday.,2026-09-23 20:41:00,Email,Normal,58,11,0,1,0,9,Spam
MSG11299,colleague@vti.edu.in,user_472@example.com,"URGENT: Your Amazon account has been locked due to suspicious purchase of $1,200. Verify identity at http://amazon-account-security-check.com",2026-09-14 04:25:00,WhatsApp,Fraud,141,23,4,11,1,4,Fraud
MSG11302,student1@somaiya.edu,user_174@example.com,Claim your $100 shopping voucher today! Reply CLAIM to 56767 to activate. Code: 8904,2026-09-11 06:15:00,Email,Spam,84,14,12,4,0,7,Spam
MSG11303,+919820112233,+919123450285,Unsubscribe from daily promotional alerts by clicking http://optout-deals.com or replying STOP.,2026-09-08 01:13:00,SMS,Spam,95,14,0,6,1,7,Spam
MSG11305,+917766554433,+919123450363,"TAX REFUND NOTICE: You are eligible for an income tax refund of $1,450. Click http://income-tax-refund-portal.net to claim your refund to bank account.",2026-09-21 01:50:00,WhatsApp,Fraud,151,28,4,12,1,11,Fraud
MSG11308,refund@tax-gov.org,user_288@example.com,"URGENT: Your Amazon account has been locked due to suspicious purchase of $1,200. Verify identity at http://amazon-account-security-check.com",2026-09-06 19:04:00,SMS,Fraud,141,23,4,11,1,4,Fraud
MSG11312,colleague@vti.edu.in,user_350@example.com,Please verify your attendance record on the college ERP portal before Friday.,2026-09-24 22:46:00,SMS,Normal,77,12,0,1,0,10,Spam
MSG11314,+919820112233,user_384@example.com,Meeting confirmed for tomorrow at 11 AM in Lab 304.,2026-09-15 15:17:00,VoIP,Normal,51,10,5,1,0,9,Spam
MSG11317,+919876543210,+919123450365,CRITICAL ALERT: Your HDFC Bank account #9872 has been SUSPENDED due to pending KYC! Verify NOW at http://hdfc-kyc-update.net to avoid permanent block!,2026-09-25 15:22:00,WhatsApp,Fraud,150,26,4,10,1,12,Fraud
MSG11318,suresh.driver@uber.com,+919123450367,"Hey bro, did you complete the Hadoop installation step on your laptop?",2026-09-25 19:52:00,WhatsApp,Normal,70,12,0,2,0,11,Spam
MSG11319,+919876543210,+919123450221,My bank branch is closed tomorrow due to a public holiday. Note ref: #939,2026-09-09 21:25:00,SMS,Normal,73,14,3,3,0,12,Spam
MSG11321,admin@college.edu.in,+919123450233,Meeting confirmed for tomorrow at 11 AM in Lab 304.,2026-09-08 18:23:00,VoIP,Normal,51,10,5,1,0,9,Spam
MSG11323,info@superdeals.com,+919123450465,"Your salary payment of $3,200 was credited to your bank account #8912. Statement at https://mybank.com/stmt",2026-09-24 14:36:00,WhatsApp,Normal,107,19,8,9,1,3,Fraud
MSG11324,suresh.driver@uber.com,user_322@example.com,Try our new weight loss supplement for FREE! Order trial pack at www.fitlife.net,2026-09-02 12:18:00,VoIP,Spam,80,15,0,3,1,6,Spam
MSG11325,+917766554433,user_450@example.com,INCOME TAX WARNING: Legal action initiated against your PAN for tax evasion. Call immediately at +91-9988776655 to settle compliance. Case: #26334,2026-09-04 08:02:00,VoIP,Fraud,146,22,17,7,0,12,Spam
MSG11328,student1@somaiya.edu,+919123450401,ATTENTION: Your electricity bill of $240 is unpaid. Power supply will be disconnected at 9 PM. Pay immediately at http://power-bill-pay.com or call 9876543210!,2026-09-05 16:21:00,VoIP,Fraud,159,27,14,11,1,22,Fraud
MSG11333,support@bank-verify.net,user_324@example.com,Try our new weight loss supplement for FREE! Order trial pack at www.fitlife.net,2026-09-22 15:54:00,WhatsApp,Spam,80,15,0,3,1,6,Spam
MSG11335,service@amazon.in,user_494@example.com,Earn $500/day working from home with no investment required! Sign up at http://easycash.net,2026-09-05 10:27:00,WhatsApp,Spam,91,16,3,7,1,1,Spam
MSG11337,+919820112233,+919123450317,Free home delivery on all grocery orders above $30. Order now at local store!,2026-09-23 03:54:00,Email,Spam,77,14,2,3,0,13,Spam
MSG11339,offers@megasale.xyz,+919123450225,CRITICAL ALERT: Your HDFC Bank account #9872 has been SUSPENDED due to pending KYC! Verify NOW at http://hdfc-kyc-update.net to avoid permanent block!,2026-09-21 18:02:00,SMS,Fraud,150,26,4,10,1,12,Fraud
MSG11347,admin@college.edu.in,+919123450215,Here is the Zoom link for today's Big Data workshop: https://zoom.us/j/9812345678 Passcode: 102938 Note ref: #887,2026-09-19 07:50:00,VoIP,Normal,113,21,19,11,1,15,Fraud
MSG11350,info@superdeals.com,+919123450245,My bank branch is closed tomorrow due to a public holiday.,2026-09-07 10:00:00,SMS,Normal,58,11,0,1,0,9,Spam
MSG11352,friend@gmail.com,+919123450449,URGENT SECURITY: Your WhatsApp account code is 918-243. Never share this code with anyone. Click http://whatsapp-verify-security.com to protect. Case: #74103,2026-09-16 02:51:00,Email,Fraud,157,25,11,13,1,6,Fraud
MSG11353,kyc-alert@fast-verify.com,+919123450167,Limited time clearance sale! Up to 90% off electronics at http://mega-sale-online.com,2026-09-06 05:49:00,SMS,Spam,85,15,2,8,1,10,Spam
MSG11354,colleague@vti.edu.in,user_106@example.com,Exclusive loan offer at 0% interest rate! Apply instantly at http://quickloan-approval.com,2026-09-03 16:50:00,Email,Spam,90,14,1,7,1,3,Spam
MSG11355,+919820112233,user_322@example.com,Hot summer deal! Flight tickets starting at just $49! Book now at http://cheapflights.net,2026-09-14 12:10:00,VoIP,Spam,89,15,2,7,1,12,Spam
MSG11357,admin@college.edu.in,user_458@example.com,Let's grab lunch after the distributed systems lab session.,2026-09-20 20:45:00,Email,Normal,59,10,0,2,0,8,Spam
MSG11359,+919988776655,+919123450217,BANK NOTICE: Your account #4092 is suspended. Please verify identity at nearest branch or call +919988776655.,2026-09-07 08:30:00,SMS,Fraud,109,16,16,5,0,9,Spam
MSG11362,+919876543210,+919123450255,Here is the Zoom link for today's Big Data workshop: https://zoom.us/j/9812345678 Passcode: 102938 Note ref: #537,2026-09-13 14:05:00,SMS,Normal,113,21,19,11,1,15,Fraud
MSG11363,alerts@security-update.org,+919123450263,Your Uber ride is arriving in 3 minutes. Driver: Suresh (MH-02-AB-1234).,2026-09-09 14:31:00,SMS,Normal,72,14,7,8,0,10,Spam
MSG11364,suresh.driver@uber.com,user_208@example.com,Please find attached the project submission guidelines for Semester 7.,2026-09-22 19:36:00,WhatsApp,Normal,70,10,1,1,0,9,Spam
MSG11366,+919988776655,+919123450269,Don't forget to submit the assignment before midnight today.,2026-09-17 18:43:00,WhatsApp,Normal,60,10,0,2,0,8,Spam
MSG11367,offers@megasale.xyz,+919123450221,Claim your $100 shopping voucher today! Reply CLAIM to 56767 to activate.,2026-09-10 21:24:00,WhatsApp,Spam,73,12,8,3,0,5,Spam
MSG11369,info@superdeals.com,user_460@example.com,"Your salary payment of $3,200 was credited to your bank account #8912. Statement at https://mybank.com/stmt",2026-09-05 19:44:00,VoIP,Normal,107,19,8,9,1,3,Fraud
MSG11370,student1@somaiya.edu,+919123450471,Please verify your attendance record on the college ERP portal before Friday.,2026-09-10 12:38:00,VoIP,Normal,77,12,0,1,0,10,Spam
MSG11371,service@amazon.in,+919123450381,"Hi Team, the project review meeting has been rescheduled to tomorrow morning at 10 AM. Note ref: #296",2026-09-17 03:23:00,WhatsApp,Normal,101,18,5,4,0,17,Spam
MSG11373,support@bank-verify.net,user_406@example.com,The exam timetable for 7th semester engineering has been published on portal.,2026-09-07 04:49:00,WhatsApp,Normal,77,12,1,1,0,11,Spam
MSG11374,info@superdeals.com,+919123450479,"Hey bro, did you complete the Hadoop installation step on your laptop? Note ref: #810",2026-09-23 20:42:00,VoIP,Normal,85,15,3,4,0,14,Spam
MSG11379,admin@college.edu.in,user_168@example.com,Please find attached the project submission guidelines for Semester 7.,2026-09-03 16:16:00,WhatsApp,Normal,70,10,1,1,0,9,Spam
MSG11382,+919876543210,user_420@example.com,Meeting confirmed for tomorrow at 11 AM in Lab 304.,2026-09-17 12:16:00,SMS,Normal,51,10,5,1,0,9,Spam
MSG11384,info@superdeals.com,user_326@example.com,URGENT SECURITY: Your WhatsApp account code is 918-243. Never share this code with anyone. Click http://whatsapp-verify-security.com to protect.,2026-09-16 02:10:00,Email,Fraud,144,23,6,11,1,4,Fraud
MSG11386,friend@gmail.com,+919123450147,Try our new weight loss supplement for FREE! Order trial pack at www.fitlife.net,2026-09-09 14:15:00,VoIP,Spam,80,15,0,3,1,6,Spam
MSG11390,+917766554433,user_106@example.com,Limited time clearance sale! Up to 90% off electronics at http://mega-sale-online.com,2026-09-07 08:22:00,SMS,Spam,85,15,2,8,1,10,Spam
MSG11393,student1@somaiya.edu,+919123450269,Exclusive VIP pass for tech conference! Claim your free seat at http://techvip-pass.com,2026-09-08 08:46:00,VoIP,Spam,87,15,0,6,1,4,Spam
MSG11394,+917766554433,user_110@example.com,Please verify your attendance record on the college ERP portal before Friday.,2026-09-06 00:18:00,SMS,Normal,77,12,0,1,0,10,Spam
MSG11395,service@amazon.in,user_172@example.com,Don't forget to submit the assignment before midnight today.,2026-09-11 13:00:00,SMS,Normal,60,10,0,2,0,8,Spam
MSG11398,suresh.driver@uber.com,user_160@example.com,Happy Birthday! Hope you have a fantastic day ahead with family.,2026-09-05 04:37:00,WhatsApp,Normal,64,11,0,2,0,10,Spam
MSG11399,service@amazon.in,+919123450371,URGENT: Income tax department flagged your account for unpaid dues. Contact officer at +919820112233.,2026-09-09 14:05:00,WhatsApp,Fraud,101,14,12,4,0,13,Spam
MSG11401,offers@megasale.xyz,+919123450235,URGENT SECURITY: Your WhatsApp account code is 918-243. Never share this code with anyone. Click http://whatsapp-verify-security.com to protect.,2026-09-01 10:22:00,SMS,Fraud,144,23,6,11,1,4,Fraud
MSG11402,+919988776655,+919123450263,ALERT: Your Paytm Wallet has been restricted. Share your OTP 482910 with our support agent to unblock your wallet instantly.,2026-09-19 02:38:00,Email,Fraud,124,20,6,3,0,12,Spam
MSG11403,+917766554433,+919123450395,Here is the Zoom link for today's Big Data workshop: https://zoom.us/j/9812345678 Passcode: 102938,2026-09-14 00:10:00,VoIP,Normal,98,18,16,9,1,12,Fraud
MSG11404,support@bank-verify.net,user_492@example.com,Your Amazon order #408-1928374 of $45.50 has been delivered. Track at https://www.amazon.in/order-tracking,2026-09-17 09:08:00,VoIP,Normal,106,19,14,12,1,11,Fraud
MSG11406,friend@gmail.com,+919123450375,Huge End-of-Season Sale! Buy 1 Get 2 Free on all clothing items at www.fashionstore.com,2026-09-25 13:36:00,VoIP,Spam,87,18,2,5,1,6,Spam
MSG11407,service@amazon.in,+919123450369,The professor updated the syllabus on the college portal. Check https://portal.somaiya.edu/syllabus,2026-09-05 07:18:00,Email,Normal,99,15,0,7,1,10,Spam
MSG11411,+919988776655,+919123450293,"Hi Team, the project review meeting has been rescheduled to tomorrow morning at 10 AM. Note ref: #812",2026-09-20 15:53:00,SMS,Normal,101,18,5,4,0,17,Spam
MSG11414,colleague@vti.edu.in,+919123450457,BIG WEEKEND SALE! Get 50% discount on all branded apparel! Reply YES for coupon code.,2026-09-22 17:34:00,WhatsApp,Spam,85,15,2,4,0,9,Spam
MSG11415,+919820112233,user_246@example.com,Your Amazon order #408-1928374 of $45.50 has been delivered. Track at https://www.amazon.in/order-tracking,2026-09-08 10:16:00,SMS,Normal,106,19,14,12,1,11,Fraud
MSG11416,support@bank-verify.net,+919123450357,"Your salary payment of $3,200 was credited to your bank account #8912. Statement at https://mybank.com/stmt Note ref: #869",2026-09-01 19:52:00,Email,Normal,122,22,11,11,1,6,Fraud
MSG11417,refund@tax-gov.org,+919123450383,"Hi, please check your email or visit https://github.com/mumbai-univ/big-data-proj for project slides.",2026-09-24 04:10:00,WhatsApp,Normal,101,18,0,11,1,10,Spam
MSG11421,kyc-alert@fast-verify.com,user_184@example.com,"Your salary payment of $3,200 was credited to your bank account #8912. Statement at https://mybank.com/stmt",2026-09-18 05:45:00,SMS,Normal,107,19,8,9,1,3,Fraud
MSG11424,info@superdeals.com,user_426@example.com,"Congratulations! Your mobile number won 50,000 reward points! Redeem at www.rewardpoints.com",2026-09-12 06:30:00,SMS,Spam,92,14,5,5,1,6,Fraud
MSG11427,+917766554433,+919123450269,Boost your Instagram followers by 10k in 24 hours! Visit www.socialgrow.xyz now!,2026-09-24 06:02:00,VoIP,Spam,80,14,4,4,1,11,Fraud
MSG11429,+918877665544,+919123450467,I paid the exam registration fee of $120 via net banking. Transaction ID #TXN98123.,2026-09-11 03:32:00,Email,Normal,83,14,8,4,0,4,Spam
MSG11430,support@bank-verify.net,user_356@example.com,Exclusive loan offer at 0% interest rate! Apply instantly at http://quickloan-approval.com,2026-09-21 16:46:00,WhatsApp,Spam,90,14,1,7,1,3,Spam
MSG11432,+919988776655,user_390@example.com,Meeting confirmed for tomorrow at 11 AM in Lab 304.,2026-09-05 18:23:00,VoIP,Normal,51,10,5,1,0,9,Spam
MSG11436,+919988776655,+919123450163,Exclusive VIP pass for tech conference! Claim your free seat at http://techvip-pass.com,2026-09-03 03:14:00,VoIP,Spam,87,15,0,6,1,4,Spam
MSG11437,+919988776655,+919123450325,Happy Birthday! Hope you have a fantastic day ahead with family.,2026-09-24 15:45:00,WhatsApp,Normal,64,11,0,2,0,10,Spam
MSG11439,+919876543210,+919123450479,SECURITY NOTICE: Your SBI net banking account was accessed from unauthorized location. Click http://sbi-login-verify.com to secure your account immediately!,2026-09-01 16:40:00,Email,Fraud,156,23,0,9,1,11,Spam
MSG11440,support@bank-verify.net,+919123450391,Don't forget to submit the assignment before midnight today.,2026-09-04 15:42:00,VoIP,Normal,60,10,0,2,0,8,Spam
MSG11441,offers@megasale.xyz,user_338@example.com,Good morning! Hope you have a productive week ahead.,2026-09-25 16:29:00,VoIP,Normal,52,9,0,2,0,8,Spam
MSG11443,friend@gmail.com,user_208@example.com,Can you send me the practical lab manual for Apache Spark?,2026-09-06 12:52:00,VoIP,Normal,58,11,0,1,0,10,Spam
MSG11444,friend@gmail.com,user_174@example.com,Please find attached the project submission guidelines for Semester 7.,2026-09-15 21:43:00,Email,Normal,70,10,1,1,0,9,Spam
MSG11445,+919876543210,+919123450285,Meeting confirmed for tomorrow at 11 AM in Lab 304.,2026-09-22 21:05:00,VoIP,Normal,51,10,5,1,0,9,Spam
MSG11450,service@amazon.in,+919123450281,My bank branch is closed tomorrow due to a public holiday.,2026-09-01 18:50:00,VoIP,Normal,58,11,0,1,0,9,Spam
MSG11452,friend@gmail.com,user_262@example.com,Good morning! Hope you have a productive week ahead.,2026-09-19 19:52:00,SMS,Normal,52,9,0,2,0,8,Spam
MSG11453,+919988776655,user_424@example.com,The store issued a full refund of $35 for your returned item. Note ref: #561,2026-09-05 18:26:00,VoIP,Normal,76,15,5,4,0,9,Spam
MSG11456,+917766554433,user_458@example.com,Happy Birthday! Hope you have a fantastic day ahead with family.,2026-09-22 02:04:00,VoIP,Normal,64,11,0,2,0,10,Spam
MSG11457,service@amazon.in,+919123450367,Your Uber ride is arriving in 3 minutes. Driver: Suresh (MH-02-AB-1234).,2026-09-06 11:50:00,WhatsApp,Normal,72,14,7,8,0,10,Spam
MSG11459,service@amazon.in,user_424@example.com,Happy Birthday! Hope you have a fantastic day ahead with family.,2026-09-05 20:22:00,WhatsApp,Normal,64,11,0,2,0,10,Spam
MSG11460,service@amazon.in,+919123450153,ATTENTION: Your electricity bill of $240 is unpaid. Power supply will be disconnected at 9 PM. Pay immediately at http://power-bill-pay.com or call 9876543210! Case: #12153,2026-09-26 02:59:00,VoIP,Fraud,172,29,19,13,1,24,Fraud
MSG11461,+919876543210,+919123450441,Good morning! Hope you have a productive week ahead.,2026-09-20 11:27:00,WhatsApp,Normal,52,9,0,2,0,8,Spam
MSG11463,refund@tax-gov.org,+919123450311,BANK ALERT: Your debit card has been disabled due to wrong PIN entries. Reactivate your card immediately at http://debitcard-activate-now.com,2026-09-01 16:18:00,VoIP,Fraud,141,23,0,8,1,4,Spam
MSG11464,admin@college.edu.in,+919123450437,INCOME TAX WARNING: Legal action initiated against your PAN for tax evasion. Call immediately at +91-9988776655 to settle compliance.,2026-09-15 07:45:00,WhatsApp,Fraud,133,20,12,5,0,10,Spam
MSG11467,alerts@security-update.org,user_384@example.com,"Hey bro, did you complete the Hadoop installation step on your laptop?",2026-09-10 02:26:00,VoIP,Normal,70,12,0,2,0,11,Spam
MSG11469,service@amazon.in,user_218@example.com,Your Amazon order #408-1928374 of $45.50 has been delivered. Track at https://www.amazon.in/order-tracking,2026-09-07 01:59:00,SMS,Normal,106,19,14,12,1,11,Fraud
MSG11470,kyc-alert@fast-verify.com,user_490@example.com,"Your salary payment of $3,200 was credited to your bank account #8912. Statement at https://mybank.com/stmt",2026-09-08 13:43:00,WhatsApp,Normal,107,19,8,9,1,3,Fraud
MSG11471,service@amazon.in,+919123450105,"FRAUD ALERT: Suspicious transaction of $899 detected on your Credit Card ending 4321. If not done by you, verify details at http://card-security-alert.net Case: #13360",2026-09-02 14:23:00,Email,Fraud,167,28,12,12,1,6,Fraud
MSG11472,+918877665544,user_392@example.com,Free home delivery on all grocery orders above $30. Order now at local store!,2026-09-02 11:37:00,VoIP,Spam,77,14,2,3,0,13,Spam
MSG11474,kyc-alert@fast-verify.com,user_494@example.com,Please verify your attendance record on the college ERP portal before Friday.,2026-09-03 16:31:00,WhatsApp,Normal,77,12,0,1,0,10,Spam
MSG11476,support@bank-verify.net,+919123450147,Happy Birthday! Hope you have a fantastic day ahead with family.,2026-09-23 19:50:00,SMS,Normal,64,11,0,2,0,10,Spam
MSG11477,friend@gmail.com,+919123450111,Unsubscribe from daily promotional alerts by clicking http://optout-deals.com or replying STOP.,2026-09-04 16:21:00,VoIP,Spam,95,14,0,6,1,7,Spam
MSG11478,service@amazon.in,user_292@example.com,"Your salary payment of $3,200 was credited to your bank account #8912. Statement at https://mybank.com/stmt Note ref: #803",2026-09-21 20:28:00,WhatsApp,Normal,122,22,11,11,1,6,Fraud
MSG11479,support@bank-verify.net,+919123450437,"Win a jackpot of $10,000 in our lucky draw! Text WIN to 58888 now to enter!",2026-09-06 16:01:00,SMS,Spam,75,17,10,4,0,13,Spam
MSG11480,+919820112233,+919123450181,BANK ALERT: Your debit card has been disabled due to wrong PIN entries. Reactivate your card immediately at http://debitcard-activate-now.com,2026-09-06 20:48:00,WhatsApp,Fraud,141,23,0,8,1,4,Spam
MSG11485,admin@college.edu.in,user_188@example.com,Reminder: Library books are due for return by Friday 5 PM.,2026-09-14 03:01:00,Email,Normal,58,11,1,2,0,10,Spam
MSG11487,admin@college.edu.in,+919123450263,Good morning! Hope you have a productive week ahead.,2026-09-18 18:23:00,SMS,Normal,52,9,0,2,0,8,Spam
MSG11490,service@amazon.in,+919123450195,Thanks for sharing the study notes for the upcoming viva exams.,2026-09-12 11:57:00,WhatsApp,Normal,63,11,0,1,0,10,Spam
MSG11494,+918877665544,+919123450393,My bank branch is closed tomorrow due to a public holiday.,2026-09-21 03:21:00,VoIP,Normal,58,11,0,1,0,9,Spam
MSG11495,+919876543210,user_352@example.com,Your Amazon order #408-1928374 of $45.50 has been delivered. Track at https://www.amazon.in/order-tracking,2026-09-03 11:06:00,VoIP,Normal,106,19,14,12,1,11,Fraud
MSG11497,+919820112233,user_336@example.com,"Hey, are we still meeting for the Big Data lecture at 2 PM in Lab 304?",2026-09-07 07:09:00,WhatsApp,Normal,70,16,4,2,0,15,Spam
MSG11500,suresh.driver@uber.com,user_352@example.com,Your Uber ride is arriving in 3 minutes. Driver: Suresh (MH-02-AB-1234).,2026-09-19 05:37:00,SMS,Normal,72,14,7,8,0,10,Spam
MSG11501,+917766554433,+919123450291,Good morning! Hope you have a productive week ahead.,2026-09-02 15:59:00,SMS,Normal,52,9,0,2,0,8,Spam
MSG11505,refund@tax-gov.org,+919123450161,Thanks for sharing the study notes for the upcoming viva exams.,2026-09-15 20:47:00,Email,Normal,63,11,0,1,0,10,Spam
MSG11506,service@amazon.in,user_426@example.com,BANK NOTICE: Your account #4092 is suspended. Please verify identity at nearest branch or call +919988776655.,2026-09-06 21:39:00,VoIP,Fraud,109,16,16,5,0,9,Spam
MSG11507,friend@gmail.com,+919123450243,The professor updated the syllabus on the college portal. Check https://portal.somaiya.edu/syllabus,2026-09-23 07:14:00,WhatsApp,Normal,99,15,0,7,1,10,Spam
MSG11508,+918877665544,user_280@example.com,Let's grab lunch after the distributed systems lab session.,2026-09-10 16:53:00,Email,Normal,59,10,0,2,0,8,Spam
MSG11511,student1@somaiya.edu,user_462@example.com,Your Amazon order #408-1928374 of $45.50 has been delivered. Track at https://www.amazon.in/order-tracking,2026-09-08 08:12:00,VoIP,Normal,106,19,14,12,1,11,Fraud
MSG11512,alerts@security-update.org,user_286@example.com,Flat 50% discount on online coding courses! Limited seats remaining. Enrol today at www.learnfast.org,2026-09-21 22:10:00,VoIP,Spam,101,16,2,5,1,11,Spam
MSG11513,kyc-alert@fast-verify.com,user_196@example.com,URGENT: Your debit card PIN was entered incorrectly 3 times. Visit your local bank branch or call 1800-112-211 immediately.,2026-09-13 23:28:00,SMS,Fraud,123,21,11,5,0,7,Spam
MSG11514,+917766554433,+919123450175,I paid the exam registration fee of $120 via net banking. Transaction ID #TXN98123.,2026-09-06 05:03:00,VoIP,Normal,83,14,8,4,0,4,Spam
MSG11515,support@bank-verify.net,user_236@example.com,Huge End-of-Season Sale! Buy 1 Get 2 Free on all clothing items at www.fashionstore.com Code: 8550,2026-09-23 00:10:00,SMS,Spam,98,20,6,6,1,8,Fraud
MSG11518,kyc-alert@fast-verify.com,user_474@example.com,Your Uber ride is arriving in 3 minutes. Driver: Suresh (MH-02-AB-1234). Note ref: #764,2026-09-10 03:49:00,VoIP,Normal,87,17,10,10,0,13,Spam
MSG11520,+917766554433,user_212@example.com,I paid the exam registration fee of $120 via net banking. Transaction ID #TXN98123. Note ref: #354,2026-09-03 18:02:00,SMS,Normal,98,17,11,6,0,7,Spam
MSG11525,student1@somaiya.edu,user_452@example.com,URGENT: Income tax department flagged your account for unpaid dues. Contact officer at +919820112233.,2026-09-09 01:56:00,Email,Fraud,101,14,12,4,0,13,Spam
MSG11529,student1@somaiya.edu,user_216@example.com,SECURITY ALERT: Your net banking account #7819 was accessed from suspicious IP. Call customer care +919876543210 immediately to unblock. Case: #12279,2026-09-08 00:06:00,Email,Fraud,149,21,21,7,0,18,Spam
MSG11530,suresh.driver@uber.com,+919123450331,Flat 50% discount on online coding courses! Limited seats remaining. Enrol today at www.learnfast.org,2026-09-17 07:08:00,VoIP,Spam,101,16,2,5,1,11,Spam
MSG11531,admin@college.edu.in,user_286@example.com,URGENT SECURITY: Your WhatsApp account code is 918-243. Never share this code with anyone. Click http://whatsapp-verify-security.com to protect.,2026-09-01 22:48:00,VoIP,Fraud,144,23,6,11,1,4,Fraud
MSG11532,colleague@vti.edu.in,user_496@example.com,"Congratulations! Your mobile number won 50,000 reward points! Redeem at www.rewardpoints.com",2026-09-06 11:09:00,VoIP,Spam,92,14,5,5,1,6,Fraud
MSG11534,+919820112233,+919123450225,Exclusive loan offer at 0% interest rate! Apply instantly at http://quickloan-approval.com,2026-09-17 16:34:00,VoIP,Spam,90,14,1,7,1,3,Spam
MSG11535,kyc-alert@fast-verify.com,+919123450427,Can you send me the practical lab manual for Apache Spark?,2026-09-13 19:11:00,SMS,Normal,58,11,0,1,0,10,Spam
MSG11536,refund@tax-gov.org,+919123450369,Your Paytm wallet is restricted due to incomplete e-KYC. Reply with OTP code 882910 to unblock immediately.,2026-09-13 09:47:00,Email,Fraud,107,18,6,3,0,7,Spam
MSG11539,offers@megasale.xyz,+919123450247,Claim your $100 shopping voucher today! Reply CLAIM to 56767 to activate.,2026-09-01 17:06:00,SMS,Spam,73,12,8,3,0,5,Spam
MSG11540,+919988776655,+919123450367,I paid the exam registration fee of $120 via net banking. Transaction ID #TXN98123.,2026-09-08 17:36:00,WhatsApp,Normal,83,14,8,4,0,4,Spam
MSG11542,friend@gmail.com,user_256@example.com,"Hey bro, did you complete the Hadoop installation step on your laptop?",2026-09-20 22:01:00,SMS,Normal,70,12,0,2,0,11,Spam
MSG11544,info@superdeals.com,+919123450321,Exclusive loan offer at 0% interest rate! Apply instantly at http://quickloan-approval.com,2026-09-14 13:38:00,SMS,Spam,90,14,1,7,1,3,Spam
MSG11545,alerts@security-update.org,+919123450447,Here is the Zoom link for today's Big Data workshop: https://zoom.us/j/9812345678 Passcode: 102938,2026-09-20 13:33:00,VoIP,Normal,98,18,16,9,1,12,Fraud
MSG11546,student1@somaiya.edu,+919123450405,Don't forget to submit the assignment before midnight today.,2026-09-09 05:17:00,WhatsApp,Normal,60,10,0,2,0,8,Spam
MSG11547,+919988776655,+919123450449,I paid the exam registration fee of $120 via net banking. Transaction ID #TXN98123.,2026-09-12 17:05:00,Email,Normal,83,14,8,4,0,4,Spam
MSG11549,service@amazon.in,+919123450149,Reminder: Library books are due for return by Friday 5 PM.,2026-09-25 07:09:00,Email,Normal,58,11,1,2,0,10,Spam
MSG11552,alerts@security-update.org,+919123450397,Super offer! Get unlimited streaming for just $5 per month. Sign up today.,2026-09-07 03:01:00,WhatsApp,Spam,74,13,1,4,0,12,Spam
MSG11553,+919876543210,user_486@example.com,Claim your $100 shopping voucher today! Reply CLAIM to 56767 to activate.,2026-09-07 01:33:00,VoIP,Spam,73,12,8,3,0,5,Spam
MSG11557,friend@gmail.com,+919123450169,Please verify your attendance record on the college ERP portal before Friday.,2026-09-08 09:03:00,Email,Normal,77,12,0,1,0,10,Spam
MSG11558,+919820112233,user_348@example.com,Happy Birthday! Hope you have a fantastic day ahead with family.,2026-09-06 13:17:00,Email,Normal,64,11,0,2,0,10,Spam
MSG11561,alerts@security-update.org,+919123450379,Here is the Zoom link for today's Big Data workshop: https://zoom.us/j/9812345678 Passcode: 102938,2026-09-21 07:38:00,WhatsApp,Normal,98,18,16,9,1,12,Fraud
MSG11566,student1@somaiya.edu,+919123450117,"Hey bro, did you complete the Hadoop installation step on your laptop?",2026-09-03 06:33:00,VoIP,Normal,70,12,0,2,0,11,Spam
MSG11569,+919988776655,user_280@example.com,Can you send me the practical lab manual for Apache Spark?,2026-09-22 05:52:00,WhatsApp,Normal,58,11,0,1,0,10,Spam
MSG11570,student1@somaiya.edu,+919123450301,Exclusive loan offer at 0% interest rate! Apply instantly at http://quickloan-approval.com,2026-09-23 08:22:00,SMS,Spam,90,14,1,7,1,3,Spam
MSG11571,support@bank-verify.net,user_394@example.com,Here is the Zoom link for today's Big Data workshop: https://zoom.us/j/9812345678 Passcode: 102938,2026-09-07 05:21:00,WhatsApp,Normal,98,18,16,9,1,12,Fraud
MSG11574,alerts@security-update.org,+919123450495,SECURITY ALERT: Your net banking account #7819 was accessed from suspicious IP. Call customer care +919876543210 immediately to unblock.,2026-09-06 03:09:00,Email,Fraud,136,19,16,5,0,16,Spam
MSG11575,kyc-alert@fast-verify.com,user_486@example.com,"TAX REFUND NOTICE: You are eligible for an income tax refund of $1,450. Click http://income-tax-refund-portal.net to claim your refund to bank account.",2026-09-04 06:18:00,VoIP,Fraud,151,28,4,12,1,11,Fraud
MSG11576,+918877665544,user_326@example.com,Let's grab lunch after the distributed systems lab session. Note ref: #967,2026-09-02 16:10:00,WhatsApp,Normal,74,13,3,4,0,11,Spam
MSG11577,kyc-alert@fast-verify.com,user_168@example.com,PRIZE WINNER ALERT: You won 25 Lakh INR in KBC Lucky Draw! Deposit processing fee of $200 at http://kbc-prize-claim.xyz to release funds! Case: #68918,2026-09-10 05:46:00,Email,Fraud,150,28,10,12,1,11,Fraud
MSG11578,alerts@security-update.org,+919123450203,Good morning! Hope you have a productive week ahead.,2026-09-21 02:06:00,Email,Normal,52,9,0,2,0,8,Spam
MSG11580,+918877665544,user_274@example.com,BANK ALERT: Your debit card has been disabled due to wrong PIN entries. Reactivate your card immediately at http://debitcard-activate-now.com,2026-09-25 08:53:00,Email,Fraud,141,23,0,8,1,4,Spam
MSG11581,friend@gmail.com,user_356@example.com,Are you available for a quick phone call regarding the group project?,2026-09-17 13:22:00,WhatsApp,Normal,69,12,0,1,0,11,Spam
MSG11583,student1@somaiya.edu,+919123450151,BANK NOTICE: Your account #4092 is suspended. Please verify identity at nearest branch or call +919988776655. Case: #77796,2026-09-24 00:43:00,SMS,Fraud,122,18,21,7,0,11,Spam
MSG11584,+919820112233,user_214@example.com,Meeting confirmed for tomorrow at 11 AM in Lab 304.,2026-09-12 18:34:00,WhatsApp,Normal,51,10,5,1,0,9,Spam
MSG11586,colleague@vti.edu.in,+919123450259,The exam timetable for 7th semester engineering has been published on portal.,2026-09-03 21:52:00,VoIP,Normal,77,12,1,1,0,11,Spam
MSG11589,+919876543210,user_220@example.com,Hot summer deal! Flight tickets starting at just $49! Book now at http://cheapflights.net,2026-09-04 15:38:00,VoIP,Spam,89,15,2,7,1,12,Spam
MSG11592,offers@megasale.xyz,user_320@example.com,Here is the Zoom link for today's Big Data workshop: https://zoom.us/j/9812345678 Passcode: 102938,2026-09-15 03:24:00,VoIP,Normal,98,18,16,9,1,12,Fraud
MSG11593,+919820112233,user_496@example.com,Huge End-of-Season Sale! Buy 1 Get 2 Free on all clothing items at www.fashionstore.com Code: 1906,2026-09-25 15:28:00,Email,Spam,98,20,6,6,1,8,Fraud
MSG11594,+919820112233,user_382@example.com,Limited time clearance sale! Up to 90% off electronics at http://mega-sale-online.com,2026-09-03 16:57:00,VoIP,Spam,85,15,2,8,1,10,Spam
MSG11596,offers@megasale.xyz,user_280@example.com,Don't forget to submit the assignment before midnight today.,2026-09-16 22:47:00,Email,Normal,60,10,0,2,0,8,Spam
MSG11598,+919876543210,+919123450107,Our project advisor offered extra lab hours for Apache Spark model tuning.,2026-09-03 22:07:00,Email,Normal,74,12,0,1,0,9,Spam
MSG11599,student1@somaiya.edu,user_122@example.com,"Hi Team, the project review meeting has been rescheduled to tomorrow morning at 10 AM.",2026-09-17 05:55:00,WhatsApp,Normal,86,15,2,2,0,14,Spam
MSG11602,student1@somaiya.edu,user_434@example.com,Happy Birthday! Hope you have a fantastic day ahead with family.,2026-09-25 07:27:00,Email,Normal,64,11,0,2,0,10,Spam
MSG11603,colleague@vti.edu.in,+919123450153,PRIZE WINNER ALERT: You won 25 Lakh INR in KBC Lucky Draw! Deposit processing fee of $200 at http://kbc-prize-claim.xyz to release funds!,2026-09-17 02:37:00,SMS,Fraud,137,26,5,10,1,9,Fraud
MSG11605,+917766554433,user_290@example.com,The store issued a full refund of $35 for your returned item.,2026-09-02 23:10:00,Email,Normal,61,12,2,2,0,6,Spam
MSG11606,refund@tax-gov.org,user_158@example.com,SBI URGENT: Download SBI Safety App APK immediately from http://sbi-secure-app.xyz to prevent account hacking!,2026-09-24 00:56:00,SMS,Fraud,110,18,0,8,1,8,Spam
MSG11607,kyc-alert@fast-verify.com,+919123450253,Get instant credit score check for FREE! No hidden charges. Visit http://free-credit-check.org,2026-09-04 01:13:00,SMS,Spam,94,16,0,8,1,4,Spam
MSG11608,+919820112233,+919123450295,Meeting confirmed for tomorrow at 11 AM in Lab 304.,2026-09-21 12:59:00,VoIP,Normal,51,10,5,1,0,9,Spam
MSG11611,+919820112233,user_274@example.com,Claim your $100 shopping voucher today! Reply CLAIM to 56767 to activate.,2026-09-20 18:59:00,VoIP,Spam,73,12,8,3,0,5,Spam
MSG11616,+919820112233,+919123450163,Let's grab lunch after the distributed systems lab session.,2026-09-15 22:36:00,WhatsApp,Normal,59,10,0,2,0,8,Spam
MSG11617,+919820112233,+919123450325,"Win a jackpot of $10,000 in our lucky draw! Text WIN to 58888 now to enter!",2026-09-22 13:28:00,SMS,Spam,75,17,10,4,0,13,Spam
MSG11618,info@superdeals.com,+919123450309,Your Uber ride is arriving in 3 minutes. Driver: Suresh (MH-02-AB-1234).,2026-09-04 22:53:00,SMS,Normal,72,14,7,8,0,10,Spam
MSG11622,+919876543210,+919123450383,Exclusive VIP pass for tech conference! Claim your free seat at http://techvip-pass.com,2026-09-04 02:25:00,Email,Spam,87,15,0,6,1,4,Spam
MSG11624,+917766554433,+919123450139,Super offer! Get unlimited streaming for just $5 per month. Sign up today.,2026-09-06 11:37:00,VoIP,Spam,74,13,1,4,0,12,Spam
MSG11625,offers@megasale.xyz,user_448@example.com,The professor updated the syllabus on the college portal. Check https://portal.somaiya.edu/syllabus,2026-09-04 13:58:00,VoIP,Normal,99,15,0,7,1,10,Spam
MSG11629,+919988776655,+919123450295,"Hey bro, did you complete the Hadoop installation step on your laptop? Note ref: #843",2026-09-04 20:26:00,SMS,Normal,85,15,3,4,0,14,Spam
MSG11630,service@amazon.in,+919123450375,INCOME TAX WARNING: Legal action initiated against your PAN for tax evasion. Call immediately at +91-9988776655 to settle compliance.,2026-09-25 08:27:00,SMS,Fraud,133,20,12,5,0,10,Spam
MSG11631,colleague@vti.edu.in,user_366@example.com,Super offer! Get unlimited streaming for just $5 per month. Sign up today.,2026-09-15 18:10:00,VoIP,Spam,74,13,1,4,0,12,Spam
MSG11632,alerts@security-update.org,user_268@example.com,"Hey bro, did you complete the Hadoop installation step on your laptop?",2026-09-17 19:21:00,Email,Normal,70,12,0,2,0,11,Spam
MSG11633,+917766554433,user_454@example.com,Your Amazon order #408-1928374 of $45.50 has been delivered. Track at https://www.amazon.in/order-tracking,2026-09-21 14:04:00,Email,Normal,106,19,14,12,1,11,Fraud
MSG11634,offers@megasale.xyz,user_386@example.com,Try our new weight loss supplement for FREE! Order trial pack at www.fitlife.net,2026-09-17 19:43:00,SMS,Spam,80,15,0,3,1,6,Spam
MSG11637,colleague@vti.edu.in,+919123450175,Don't forget to submit the assignment before midnight today. Note ref: #531,2026-09-10 08:22:00,VoIP,Normal,75,13,3,4,0,11,Spam
MSG11639,+919820112233,+919123450453,Please find attached the project submission guidelines for Semester 7.,2026-09-04 15:45:00,Email,Normal,70,10,1,1,0,9,Spam
MSG11640,service@amazon.in,+919123450281,The exam timetable for 7th semester engineering has been published on portal.,2026-09-19 15:26:00,Email,Normal,77,12,1,1,0,11,Spam
MSG11641,+917766554433,user_272@example.com,Huge End-of-Season Sale! Buy 1 Get 2 Free on all clothing items at www.fashionstore.com,2026-09-06 05:42:00,WhatsApp,Spam,87,18,2,5,1,6,Spam
MSG11647,+919988776655,+919123450121,Your Amazon order #408-1928374 of $45.50 has been delivered. Track at https://www.amazon.in/order-tracking,2026-09-20 22:15:00,Email,Normal,106,19,14,12,1,11,Fraud
MSG11650,+917766554433,user_218@example.com,URGENT SECURITY: Your WhatsApp account code is 918-243. Never share this code with anyone. Click http://whatsapp-verify-security.com to protect.,2026-09-07 18:00:00,WhatsApp,Fraud,144,23,6,11,1,4,Fraud
MSG11651,support@bank-verify.net,user_114@example.com,Please verify your attendance record on the college ERP portal before Friday.,2026-09-25 21:38:00,SMS,Normal,77,12,0,1,0,10,Spam
MSG11652,+919820112233,+919123450289,Are you available for a quick phone call regarding the group project? Note ref: #952,2026-09-14 03:50:00,Email,Normal,84,15,3,3,0,14,Spam
MSG11654,+917766554433,+919123450327,Don't forget to submit the assignment before midnight today.,2026-09-23 18:45:00,VoIP,Normal,60,10,0,2,0,8,Spam
MSG11655,+917766554433,+919123450281,"Hi Team, the project review meeting has been rescheduled to tomorrow morning at 10 AM.",2026-09-11 10:57:00,SMS,Normal,86,15,2,2,0,14,Spam
MSG11656,suresh.driver@uber.com,+919123450241,Hot summer deal! Flight tickets starting at just $49! Book now at http://cheapflights.net,2026-09-24 16:09:00,VoIP,Spam,89,15,2,7,1,12,Spam
MSG11657,suresh.driver@uber.com,+919123450119,Earn $500/day working from home with no investment required! Sign up at http://easycash.net,2026-09-05 21:42:00,VoIP,Spam,91,16,3,7,1,1,Spam
MSG11660,friend@gmail.com,user_244@example.com,Here is the Zoom link for today's Big Data workshop: https://zoom.us/j/9812345678 Passcode: 102938,2026-09-10 08:53:00,Email,Normal,98,18,16,9,1,12,Fraud
MSG11661,info@superdeals.com,+919123450101,Earn $500/day working from home with no investment required! Sign up at http://easycash.net,2026-09-04 09:28:00,VoIP,Spam,91,16,3,7,1,1,Spam
MSG11662,support@bank-verify.net,+919123450119,Meeting confirmed for tomorrow at 11 AM in Lab 304.,2026-09-13 07:20:00,VoIP,Normal,51,10,5,1,0,9,Spam
MSG11663,offers@megasale.xyz,+919123450347,Claim your $100 shopping voucher today! Reply CLAIM to 56767 to activate.,2026-09-14 23:47:00,Email,Spam,73,12,8,3,0,5,Spam
MSG11664,friend@gmail.com,user_422@example.com,"Congratulations! Your mobile number won 50,000 reward points! Redeem at www.rewardpoints.com",2026-09-17 14:04:00,VoIP,Spam,92,14,5,5,1,6,Fraud
MSG11666,suresh.driver@uber.com,user_438@example.com,"Hi, please check your email or visit https://github.com/mumbai-univ/big-data-proj for project slides. Note ref: #575",2026-09-17 03:38:00,SMS,Normal,116,21,3,13,1,13,Fraud
MSG11668,service@amazon.in,+919123450131,Let's grab lunch after the distributed systems lab session.,2026-09-13 05:44:00,WhatsApp,Normal,59,10,0,2,0,8,Spam
MSG11669,refund@tax-gov.org,+919123450317,Try our new weight loss supplement for FREE! Order trial pack at www.fitlife.net,2026-09-13 04:45:00,VoIP,Spam,80,15,0,3,1,6,Spam
MSG11671,support@bank-verify.net,user_374@example.com,The professor updated the syllabus on the college portal. Check https://portal.somaiya.edu/syllabus,2026-09-06 08:29:00,Email,Normal,99,15,0,7,1,10,Spam
MSG11672,+919988776655,+919123450409,URGENT: Income tax department flagged your account for unpaid dues. Contact officer at +919820112233.,2026-09-02 07:03:00,SMS,Fraud,101,14,12,4,0,13,Spam
MSG11673,suresh.driver@uber.com,user_280@example.com,Earn $500/day working from home with no investment required! Sign up at http://easycash.net,2026-09-03 13:45:00,SMS,Spam,91,16,3,7,1,1,Spam
MSG11674,support@bank-verify.net,user_374@example.com,Your Uber ride is arriving in 3 minutes. Driver: Suresh (MH-02-AB-1234).,2026-09-11 18:29:00,VoIP,Normal,72,14,7,8,0,10,Spam
MSG11676,colleague@vti.edu.in,user_152@example.com,SECURITY NOTICE: Your SBI net banking account was accessed from unauthorized location. Click http://sbi-login-verify.com to secure your account immediately!,2026-09-23 09:38:00,VoIP,Fraud,156,23,0,9,1,11,Spam
MSG11677,alerts@security-update.org,+919123450423,Happy Birthday! Hope you have a fantastic day ahead with family.,2026-09-02 20:53:00,Email,Normal,64,11,0,2,0,10,Spam
MSG11678,kyc-alert@fast-verify.com,+919123450435,Don't forget to submit the assignment before midnight today.,2026-09-07 07:17:00,VoIP,Normal,60,10,0,2,0,8,Spam
MSG11680,+919988776655,user_148@example.com,Please verify your attendance record on the college ERP portal before Friday.,2026-09-10 04:12:00,VoIP,Normal,77,12,0,1,0,10,Spam
MSG11683,friend@gmail.com,+919123450245,"Hi, please check your email or visit https://github.com/mumbai-univ/big-data-proj for project slides.",2026-09-18 17:41:00,Email,Normal,101,18,0,11,1,10,Spam
MSG11686,+919988776655,user_422@example.com,"Your salary payment of $3,200 was credited to your bank account #8912. Statement at https://mybank.com/stmt",2026-09-05 16:11:00,SMS,Normal,107,19,8,9,1,3,Fraud
MSG11687,friend@gmail.com,+919123450403,Are you available for a quick phone call regarding the group project?,2026-09-05 03:37:00,Email,Normal,69,12,0,1,0,11,Spam
MSG11688,colleague@vti.edu.in,user_470@example.com,Meeting confirmed for tomorrow at 11 AM in Lab 304.,2026-09-04 00:22:00,Email,Normal,51,10,5,1,0,9,Spam
MSG11690,+919820112233,+919123450237,Super offer! Get unlimited streaming for just $5 per month. Sign up today.,2026-09-23 13:49:00,Email,Spam,74,13,1,4,0,12,Spam
MSG11691,alerts@security-update.org,user_264@example.com,Your Amazon order #408-1928374 of $45.50 has been delivered. Track at https://www.amazon.in/order-tracking,2026-09-23 07:33:00,VoIP,Normal,106,19,14,12,1,11,Fraud
MSG11693,+917766554433,+919123450185,Our project advisor offered extra lab hours for Apache Spark model tuning. Note ref: #632,2026-09-21 05:58:00,Email,Normal,89,15,3,3,0,12,Spam
MSG11694,friend@gmail.com,+919123450187,ATTENTION: Your electricity bill of $240 is unpaid. Power supply will be disconnected at 9 PM. Pay immediately at http://power-bill-pay.com or call 9876543210! Case: #65598,2026-09-07 16:46:00,VoIP,Fraud,172,29,19,13,1,24,Fraud
MSG11696,offers@megasale.xyz,user_388@example.com,URGENT SECURITY: Your WhatsApp account code is 918-243. Never share this code with anyone. Click http://whatsapp-verify-security.com to protect.,2026-09-07 18:34:00,Email,Fraud,144,23,6,11,1,4,Fraud
MSG11698,+919988776655,user_184@example.com,Your Amazon order #408-1928374 of $45.50 has been delivered. Track at https://www.amazon.in/order-tracking,2026-09-01 18:43:00,VoIP,Normal,106,19,14,12,1,11,Fraud
MSG11700,suresh.driver@uber.com,user_148@example.com,Don't forget to submit the assignment before midnight today.,2026-09-22 15:56:00,SMS,Normal,60,10,0,2,0,8,Spam
MSG11701,alerts@security-update.org,user_276@example.com,Can you send me the practical lab manual for Apache Spark?,2026-09-10 02:24:00,SMS,Normal,58,11,0,1,0,10,Spam
MSG11702,student1@somaiya.edu,user_288@example.com,"Hi, please check your email or visit https://github.com/mumbai-univ/big-data-proj for project slides.",2026-09-12 22:15:00,VoIP,Normal,101,18,0,11,1,10,Spam
MSG11704,+917766554433,user_164@example.com,Get instant credit score check for FREE! No hidden charges. Visit http://free-credit-check.org,2026-09-16 08:37:00,VoIP,Spam,94,16,0,8,1,4,Spam
MSG11706,+919988776655,user_184@example.com,Unsubscribe from daily promotional alerts by clicking http://optout-deals.com or replying STOP. Code: 3400,2026-09-01 08:16:00,VoIP,Spam,106,16,4,7,1,9,Fraud
MSG11707,refund@tax-gov.org,+919123450317,Please find attached the project submission guidelines for Semester 7.,2026-09-16 05:16:00,VoIP,Normal,70,10,1,1,0,9,Spam
MSG11709,+918877665544,+919123450409,The exam timetable for 7th semester engineering has been published on portal.,2026-09-08 21:26:00,Email,Normal,77,12,1,1,0,11,Spam
MSG11710,service@amazon.in,user_386@example.com,URGENT SECURITY: Your WhatsApp account code is 918-243. Never share this code with anyone. Click http://whatsapp-verify-security.com to protect.,2026-09-23 15:18:00,VoIP,Fraud,144,23,6,11,1,4,Fraud
MSG11711,service@amazon.in,+919123450433,Get instant credit score check for FREE! No hidden charges. Visit http://free-credit-check.org,2026-09-09 10:26:00,WhatsApp,Spam,94,16,0,8,1,4,Spam
MSG11712,offers@megasale.xyz,user_472@example.com,Your Uber ride is arriving in 3 minutes. Driver: Suresh (MH-02-AB-1234).,2026-09-11 01:30:00,VoIP,Normal,72,14,7,8,0,10,Spam
MSG11713,support@bank-verify.net,user_482@example.com,Unsubscribe from daily promotional alerts by clicking http://optout-deals.com or replying STOP.,2026-09-10 05:54:00,SMS,Spam,95,14,0,6,1,7,Spam
MSG11716,admin@college.edu.in,user_420@example.com,My bank branch is closed tomorrow due to a public holiday.,2026-09-02 17:14:00,SMS,Normal,58,11,0,1,0,9,Spam
MSG11719,+919988776655,user_142@example.com,"Win a jackpot of $10,000 in our lucky draw! Text WIN to 58888 now to enter!",2026-09-06 18:26:00,VoIP,Spam,75,17,10,4,0,13,Spam
MSG11721,suresh.driver@uber.com,+919123450463,CONGRATS! You have won a free iPhone 15 Pro Max! Click http://win-iphone.xyz to claim now!,2026-09-18 00:02:00,Email,Spam,90,18,2,8,1,3,Spam
MSG11722,+919876543210,+919123450133,I paid the exam registration fee of $120 via net banking. Transaction ID #TXN98123.,2026-09-24 03:47:00,Email,Normal,83,14,8,4,0,4,Spam
MSG11723,+919876543210,+919123450241,Let's grab lunch after the distributed systems lab session. Note ref: #554,2026-09-24 08:06:00,Email,Normal,74,13,3,4,0,11,Spam
MSG11736,+919876543210,+919123450265,I paid the exam registration fee of $120 via net banking. Transaction ID #TXN98123.,2026-09-17 15:59:00,SMS,Normal,83,14,8,4,0,4,Spam
MSG11739,service@amazon.in,user_474@example.com,Meeting confirmed for tomorrow at 11 AM in Lab 304.,2026-09-22 21:16:00,VoIP,Normal,51,10,5,1,0,9,Spam
MSG11740,suresh.driver@uber.com,+919123450347,Get instant credit score check for FREE! No hidden charges. Visit http://free-credit-check.org,2026-09-14 23:52:00,VoIP,Spam,94,16,0,8,1,4,Spam
MSG11742,+919820112233,+919123450183,Claim your $100 shopping voucher today! Reply CLAIM to 56767 to activate.,2026-09-15 00:18:00,Email,Spam,73,12,8,3,0,5,Spam
MSG11745,info@superdeals.com,user_188@example.com,"Hey, are we still meeting for the Big Data lecture at 2 PM in Lab 304?",2026-09-15 07:54:00,WhatsApp,Normal,70,16,4,2,0,15,Spam
MSG11746,service@amazon.in,user_146@example.com,The professor updated the syllabus on the college portal. Check https://portal.somaiya.edu/syllabus,2026-09-08 08:21:00,Email,Normal,99,15,0,7,1,10,Spam
MSG11747,offers@megasale.xyz,+919123450151,Boost your Instagram followers by 10k in 24 hours! Visit www.socialgrow.xyz now! Code: 3610,2026-09-19 06:24:00,VoIP,Spam,91,16,8,5,1,13,Fraud
MSG11749,+919988776655,user_304@example.com,Your Amazon order #408-1928374 of $45.50 has been delivered. Track at https://www.amazon.in/order-tracking,2026-09-14 05:19:00,WhatsApp,Normal,106,19,14,12,1,11,Fraud
MSG11752,kyc-alert@fast-verify.com,+919123450139,"Hey, are we still meeting for the Big Data lecture at 2 PM in Lab 304?",2026-09-07 14:49:00,Email,Normal,70,16,4,2,0,15,Spam
MSG11753,service@amazon.in,+919123450147,Please find attached the project submission guidelines for Semester 7.,2026-09-18 19:30:00,WhatsApp,Normal,70,10,1,1,0,9,Spam
MSG11756,+917766554433,+919123450435,Boost your Instagram followers by 10k in 24 hours! Visit www.socialgrow.xyz now!,2026-09-01 21:21:00,VoIP,Spam,80,14,4,4,1,11,Fraud
MSG11757,kyc-alert@fast-verify.com,+919123450451,"Hi Team, the project review meeting has been rescheduled to tomorrow morning at 10 AM.",2026-09-01 20:39:00,VoIP,Normal,86,15,2,2,0,14,Spam
MSG11759,refund@tax-gov.org,+919123450357,Flat 50% discount on online coding courses! Limited seats remaining. Enrol today at www.learnfast.org,2026-09-22 21:14:00,WhatsApp,Spam,101,16,2,5,1,11,Spam
MSG11763,refund@tax-gov.org,+919123450287,Don't forget to submit the assignment before midnight today.,2026-09-18 03:22:00,SMS,Normal,60,10,0,2,0,8,Spam
MSG11764,+919820112233,+919123450377,Your Amazon order #408-1928374 of $45.50 has been delivered. Track at https://www.amazon.in/order-tracking,2026-09-09 11:13:00,WhatsApp,Normal,106,19,14,12,1,11,Fraud
MSG11766,kyc-alert@fast-verify.com,+919123450227,Please find attached the project submission guidelines for Semester 7.,2026-09-05 03:48:00,Email,Normal,70,10,1,1,0,9,Spam
MSG11770,+919820112233,user_194@example.com,DEAR CUSTOMER: Your SIM card will be deactivated today due to non-verification. Complete e-KYC now at http://sim-kyc-update-online.com,2026-09-04 22:35:00,WhatsApp,Fraud,134,24,0,11,1,2,Spam
MSG11771,info@superdeals.com,user_392@example.com,Try our new weight loss supplement for FREE! Order trial pack at www.fitlife.net,2026-09-15 03:10:00,WhatsApp,Spam,80,15,0,3,1,6,Spam
MSG11774,support@bank-verify.net,+919123450447,Please find attached the project submission guidelines for Semester 7.,2026-09-13 17:50:00,WhatsApp,Normal,70,10,1,1,0,9,Spam
MSG11777,refund@tax-gov.org,+919123450401,Meeting confirmed for tomorrow at 11 AM in Lab 304.,2026-09-16 07:05:00,VoIP,Normal,51,10,5,1,0,9,Spam
MSG11778,+919820112233,+919123450275,Here is the Zoom link for today's Big Data workshop: https://zoom.us/j/9812345678 Passcode: 102938,2026-09-15 21:08:00,WhatsApp,Normal,98,18,16,9,1,12,Fraud
MSG11782,support@bank-verify.net,+919123450419,Good morning! Hope you have a productive week ahead. Note ref: #739,2026-09-20 23:20:00,WhatsApp,Normal,67,12,3,4,0,11,Spam
MSG11783,friend@gmail.com,user_220@example.com,Our project advisor offered extra lab hours for Apache Spark model tuning. Note ref: #390,2026-09-25 19:11:00,VoIP,Normal,89,15,3,3,0,12,Spam
MSG11784,+917766554433,+919123450149,Meeting confirmed for tomorrow at 11 AM in Lab 304.,2026-09-11 06:26:00,VoIP,Normal,51,10,5,1,0,9,Spam
MSG11791,colleague@vti.edu.in,+919123450141,Exclusive loan offer at 0% interest rate! Apply instantly at http://quickloan-approval.com,2026-09-02 08:56:00,VoIP,Spam,90,14,1,7,1,3,Spam
MSG11792,friend@gmail.com,user_450@example.com,The professor updated the syllabus on the college portal. Check https://portal.somaiya.edu/syllabus,2026-09-18 04:27:00,SMS,Normal,99,15,0,7,1,10,Spam
MSG11793,kyc-alert@fast-verify.com,user_382@example.com,Meeting confirmed for tomorrow at 11 AM in Lab 304.,2026-09-08 16:16:00,Email,Normal,51,10,5,1,0,9,Spam
MSG11794,support@bank-verify.net,+919123450341,The store issued a full refund of $35 for your returned item.,2026-09-16 00:30:00,Email,Normal,61,12,2,2,0,6,Spam
MSG11795,info@superdeals.com,+919123450395,Can you send me the practical lab manual for Apache Spark?,2026-09-22 05:33:00,VoIP,Normal,58,11,0,1,0,10,Spam
MSG11796,alerts@security-update.org,user_190@example.com,Meeting confirmed for tomorrow at 11 AM in Lab 304.,2026-09-24 02:22:00,VoIP,Normal,51,10,5,1,0,9,Spam
MSG11799,+917766554433,user_466@example.com,"Hi, please check your email or visit https://github.com/mumbai-univ/big-data-proj for project slides.",2026-09-21 06:58:00,SMS,Normal,101,18,0,11,1,10,Spam
MSG11800,kyc-alert@fast-verify.com,+919123450471,The store issued a full refund of $35 for your returned item. Note ref: #931,2026-09-17 20:54:00,SMS,Normal,76,15,5,4,0,9,Spam
MSG11801,refund@tax-gov.org,+919123450319,The exam timetable for 7th semester engineering has been published on portal.,2026-09-06 01:11:00,SMS,Normal,77,12,1,1,0,11,Spam
MSG11802,+917766554433,+919123450469,Let's grab lunch after the distributed systems lab session.,2026-09-18 00:16:00,Email,Normal,59,10,0,2,0,8,Spam
MSG11809,alerts@security-update.org,user_114@example.com,Limited time clearance sale! Up to 90% off electronics at http://mega-sale-online.com,2026-09-15 02:54:00,Email,Spam,85,15,2,8,1,10,Spam
MSG11811,+919988776655,user_400@example.com,"Win a jackpot of $10,000 in our lucky draw! Text WIN to 58888 now to enter!",2026-09-25 03:37:00,WhatsApp,Spam,75,17,10,4,0,13,Spam
MSG11813,+918877665544,+919123450275,CRITICAL ALERT: Your HDFC Bank account #9872 has been SUSPENDED due to pending KYC! Verify NOW at http://hdfc-kyc-update.net to avoid permanent block!,2026-09-15 09:50:00,Email,Fraud,150,26,4,10,1,12,Fraud
MSG11814,+917766554433,user_432@example.com,"Hi Team, the project review meeting has been rescheduled to tomorrow morning at 10 AM.",2026-09-17 13:23:00,Email,Normal,86,15,2,2,0,14,Spam
MSG11815,+919820112233,user_482@example.com,"Hey bro, did you complete the Hadoop installation step on your laptop?",2026-09-10 13:13:00,Email,Normal,70,12,0,2,0,11,Spam
MSG11818,support@bank-verify.net,+919123450453,Let's grab lunch after the distributed systems lab session.,2026-09-11 17:24:00,Email,Normal,59,10,0,2,0,8,Spam
MSG11821,friend@gmail.com,+919123450337,The professor updated the syllabus on the college portal. Check https://portal.somaiya.edu/syllabus,2026-09-25 18:28:00,SMS,Normal,99,15,0,7,1,10,Spam
MSG11822,+918877665544,user_200@example.com,SECURITY NOTICE: Your SBI net banking account was accessed from unauthorized location. Click http://sbi-login-verify.com to secure your account immediately!,2026-09-06 15:08:00,VoIP,Fraud,156,23,0,9,1,11,Spam
MSG11823,info@superdeals.com,user_406@example.com,Here is the Zoom link for today's Big Data workshop: https://zoom.us/j/9812345678 Passcode: 102938,2026-09-14 23:38:00,VoIP,Normal,98,18,16,9,1,12,Fraud
MSG11826,suresh.driver@uber.com,+919123450359,BIG WEEKEND SALE! Get 50% discount on all branded apparel! Reply YES for coupon code.,2026-09-24 17:38:00,VoIP,Spam,85,15,2,4,0,9,Spam
MSG11828,support@bank-verify.net,+919123450349,Good morning! Hope you have a productive week ahead. Note ref: #874,2026-09-15 20:39:00,SMS,Normal,67,12,3,4,0,11,Spam
MSG11829,support@bank-verify.net,+919123450191,URGENT: Your debit card PIN was entered incorrectly 3 times. Visit your local bank branch or call 1800-112-211 immediately.,2026-09-20 23:52:00,SMS,Fraud,123,21,11,5,0,7,Spam
MSG11831,colleague@vti.edu.in,user_256@example.com,Huge End-of-Season Sale! Buy 1 Get 2 Free on all clothing items at www.fashionstore.com,2026-09-25 11:20:00,WhatsApp,Spam,87,18,2,5,1,6,Spam
MSG11832,info@superdeals.com,user_392@example.com,I paid the exam registration fee of $120 via net banking. Transaction ID #TXN98123.,2026-09-16 01:38:00,Email,Normal,83,14,8,4,0,4,Spam
MSG11834,service@amazon.in,+919123450499,SECURITY ALERT: Your net banking account #7819 was accessed from suspicious IP. Call customer care +919876543210 immediately to unblock.,2026-09-11 17:49:00,WhatsApp,Fraud,136,19,16,5,0,16,Spam
MSG11836,suresh.driver@uber.com,user_330@example.com,Your Uber ride is arriving in 3 minutes. Driver: Suresh (MH-02-AB-1234).,2026-09-20 16:32:00,WhatsApp,Normal,72,14,7,8,0,10,Spam
MSG11837,kyc-alert@fast-verify.com,user_128@example.com,Our project advisor offered extra lab hours for Apache Spark model tuning.,2026-09-17 10:14:00,VoIP,Normal,74,12,0,1,0,9,Spam
MSG11840,info@superdeals.com,user_210@example.com,Hot summer deal! Flight tickets starting at just $49! Book now at http://cheapflights.net,2026-09-13 19:14:00,VoIP,Spam,89,15,2,7,1,12,Spam
MSG11843,admin@college.edu.in,+919123450375,Please find attached the project submission guidelines for Semester 7.,2026-09-21 06:32:00,WhatsApp,Normal,70,10,1,1,0,9,Spam
MSG11850,colleague@vti.edu.in,user_130@example.com,Here is the Zoom link for today's Big Data workshop: https://zoom.us/j/9812345678 Passcode: 102938,2026-09-02 01:41:00,WhatsApp,Normal,98,18,16,9,1,12,Fraud
MSG11851,suresh.driver@uber.com,+919123450375,Please find attached the project submission guidelines for Semester 7.,2026-09-14 04:43:00,VoIP,Normal,70,10,1,1,0,9,Spam
MSG11852,+918877665544,+919123450385,"Your salary payment of $3,200 was credited to your bank account #8912. Statement at https://mybank.com/stmt Note ref: #177",2026-09-25 12:49:00,SMS,Normal,122,22,11,11,1,6,Fraud
MSG11854,refund@tax-gov.org,+919123450331,Try our new weight loss supplement for FREE! Order trial pack at www.fitlife.net,2026-09-16 08:55:00,Email,Spam,80,15,0,3,1,6,Spam
MSG11857,alerts@security-update.org,+919123450399,"Hi Team, the project review meeting has been rescheduled to tomorrow morning at 10 AM.",2026-09-25 13:29:00,WhatsApp,Normal,86,15,2,2,0,14,Spam
MSG11858,offers@megasale.xyz,user_466@example.com,I paid the exam registration fee of $120 via net banking. Transaction ID #TXN98123.,2026-09-09 22:16:00,Email,Normal,83,14,8,4,0,4,Spam
MSG11859,+917766554433,+919123450113,Unsubscribe from daily promotional alerts by clicking http://optout-deals.com or replying STOP.,2026-09-07 03:04:00,SMS,Spam,95,14,0,6,1,7,Spam
MSG11861,alerts@security-update.org,+919123450211,"Hi, please check your email or visit https://github.com/mumbai-univ/big-data-proj for project slides.",2026-09-02 13:48:00,WhatsApp,Normal,101,18,0,11,1,10,Spam
MSG11863,info@superdeals.com,+919123450205,Good morning! Hope you have a productive week ahead.,2026-09-07 00:09:00,VoIP,Normal,52,9,0,2,0,8,Spam
MSG11864,colleague@vti.edu.in,user_162@example.com,Thanks for sharing the study notes for the upcoming viva exams.,2026-09-10 20:58:00,Email,Normal,63,11,0,1,0,10,Spam
MSG11868,service@amazon.in,+919123450433,Happy Birthday! Hope you have a fantastic day ahead with family.,2026-09-11 18:31:00,WhatsApp,Normal,64,11,0,2,0,10,Spam
MSG11869,kyc-alert@fast-verify.com,+919123450341,URGENT: Your bank account will be blocked within 24 hours due to missing PAN card details. Update immediately at http://bank-pan-verification.org,2026-09-13 20:03:00,SMS,Fraud,145,24,2,8,1,4,Spam
MSG11872,service@amazon.in,user_188@example.com,"Hi, please check your email or visit https://github.com/mumbai-univ/big-data-proj for project slides.",2026-09-24 22:26:00,Email,Normal,101,18,0,11,1,10,Spam
MSG11873,+917766554433,+919123450183,"TAX REFUND NOTICE: You are eligible for an income tax refund of $1,450. Click http://income-tax-refund-portal.net to claim your refund to bank account.",2026-09-23 23:27:00,SMS,Fraud,151,28,4,12,1,11,Fraud
MSG11874,admin@college.edu.in,user_418@example.com,Reminder: Library books are due for return by Friday 5 PM.,2026-09-02 15:06:00,WhatsApp,Normal,58,11,1,2,0,10,Spam
MSG11875,+919876543210,user_476@example.com,Hot summer deal! Flight tickets starting at just $49! Book now at http://cheapflights.net Code: 8708,2026-09-19 21:16:00,Email,Spam,100,17,6,8,1,14,Fraud
MSG11876,colleague@vti.edu.in,user_186@example.com,Reminder: Library books are due for return by Friday 5 PM.,2026-09-05 21:21:00,Email,Normal,58,11,1,2,0,10,Spam
MSG11882,student1@somaiya.edu,user_268@example.com,Thanks for sharing the study notes for the upcoming viva exams.,2026-09-24 23:53:00,VoIP,Normal,63,11,0,1,0,10,Spam
MSG11883,+919988776655,+919123450267,Let's grab lunch after the distributed systems lab session.,2026-09-18 09:20:00,VoIP,Normal,59,10,0,2,0,8,Spam
MSG11884,+919876543210,user_482@example.com,Claim your $100 shopping voucher today! Reply CLAIM to 56767 to activate.,2026-09-03 12:26:00,VoIP,Spam,73,12,8,3,0,5,Spam
MSG11889,suresh.driver@uber.com,user_490@example.com,Exclusive VIP pass for tech conference! Claim your free seat at http://techvip-pass.com,2026-09-04 04:56:00,WhatsApp,Spam,87,15,0,6,1,4,Spam
MSG11894,+919988776655,user_388@example.com,Boost your Instagram followers by 10k in 24 hours! Visit www.socialgrow.xyz now!,2026-09-25 14:20:00,SMS,Spam,80,14,4,4,1,11,Fraud
MSG11895,colleague@vti.edu.in,+919123450185,The professor updated the syllabus on the college portal. Check https://portal.somaiya.edu/syllabus,2026-09-08 13:23:00,WhatsApp,Normal,99,15,0,7,1,10,Spam
MSG11898,friend@gmail.com,+919123450339,The exam timetable for 7th semester engineering has been published on portal.,2026-09-07 12:40:00,WhatsApp,Normal,77,12,1,1,0,11,Spam
MSG11899,student1@somaiya.edu,user_206@example.com,"Congratulations! Your mobile number won 50,000 reward points! Redeem at www.rewardpoints.com Code: 5117",2026-09-04 00:41:00,SMS,Spam,103,16,9,6,1,8,Fraud
MSG11900,alerts@security-update.org,user_300@example.com,Exclusive loan offer at 0% interest rate! Apply instantly at http://quickloan-approval.com Code: 3625,2026-09-20 09:40:00,Email,Spam,101,16,5,8,1,5,Fraud
MSG11901,offers@megasale.xyz,user_136@example.com,Are you available for a quick phone call regarding the group project?,2026-09-13 21:42:00,Email,Normal,69,12,0,1,0,11,Spam
MSG11902,+919988776655,+919123450205,Reminder: Library books are due for return by Friday 5 PM.,2026-09-07 19:32:00,VoIP,Normal,58,11,1,2,0,10,Spam
MSG11907,+918877665544,user_474@example.com,Huge End-of-Season Sale! Buy 1 Get 2 Free on all clothing items at www.fashionstore.com,2026-09-12 07:33:00,WhatsApp,Spam,87,18,2,5,1,6,Spam
MSG11909,admin@college.edu.in,user_228@example.com,URGENT SECURITY: Your WhatsApp account code is 918-243. Never share this code with anyone. Click http://whatsapp-verify-security.com to protect.,2026-09-20 10:21:00,WhatsApp,Fraud,144,23,6,11,1,4,Fraud
MSG11911,service@amazon.in,user_440@example.com,Here is the Zoom link for today's Big Data workshop: https://zoom.us/j/9812345678 Passcode: 102938,2026-09-06 01:33:00,WhatsApp,Normal,98,18,16,9,1,12,Fraud
MSG11912,kyc-alert@fast-verify.com,user_410@example.com,SECURITY ALERT: Your net banking account #7819 was accessed from suspicious IP. Call customer care +919876543210 immediately to unblock.,2026-09-03 05:59:00,VoIP,Fraud,136,19,16,5,0,16,Spam
MSG11915,colleague@vti.edu.in,+919123450119,Exclusive VIP pass for tech conference! Claim your free seat at http://techvip-pass.com,2026-09-20 23:38:00,VoIP,Spam,87,15,0,6,1,4,Spam
MSG11921,student1@somaiya.edu,+919123450151,Huge End-of-Season Sale! Buy 1 Get 2 Free on all clothing items at www.fashionstore.com,2026-09-19 19:31:00,SMS,Spam,87,18,2,5,1,6,Spam
MSG11922,kyc-alert@fast-verify.com,+919123450203,Here is the Zoom link for today's Big Data workshop: https://zoom.us/j/9812345678 Passcode: 102938,2026-09-23 10:13:00,WhatsApp,Normal,98,18,16,9,1,12,Fraud
MSG11925,info@superdeals.com,+919123450147,Meeting confirmed for tomorrow at 11 AM in Lab 304.,2026-09-19 17:58:00,SMS,Normal,51,10,5,1,0,9,Spam
MSG11928,alerts@security-update.org,user_380@example.com,SBI URGENT: Download SBI Safety App APK immediately from http://sbi-secure-app.xyz to prevent account hacking!,2026-09-13 19:02:00,Email,Fraud,110,18,0,8,1,8,Spam
MSG11931,info@superdeals.com,+919123450311,Please verify your attendance record on the college ERP portal before Friday.,2026-09-24 22:25:00,Email,Normal,77,12,0,1,0,10,Spam
MSG11933,offers@megasale.xyz,user_220@example.com,Get instant credit score check for FREE! No hidden charges. Visit http://free-credit-check.org,2026-09-25 22:13:00,WhatsApp,Spam,94,16,0,8,1,4,Spam
MSG11934,alerts@security-update.org,+919123450375,My bank branch is closed tomorrow due to a public holiday.,2026-09-05 17:32:00,Email,Normal,58,11,0,1,0,9,Spam
MSG11935,suresh.driver@uber.com,+919123450153,URGENT: Your debit card PIN was entered incorrectly 3 times. Visit your local bank branch or call 1800-112-211 immediately.,2026-09-17 04:28:00,Email,Fraud,123,21,11,5,0,7,Spam
MSG11937,service@amazon.in,+919123450133,Good morning! Hope you have a productive week ahead.,2026-09-02 08:09:00,Email,Normal,52,9,0,2,0,8,Spam
MSG11939,admin@college.edu.in,+919123450391,Earn $500/day working from home with no investment required! Sign up at http://easycash.net,2026-09-02 14:07:00,WhatsApp,Spam,91,16,3,7,1,1,Spam
MSG11940,+919988776655,user_302@example.com,BIG WEEKEND SALE! Get 50% discount on all branded apparel! Reply YES for coupon code.,2026-09-21 21:49:00,Email,Spam,85,15,2,4,0,9,Spam
MSG11943,+918877665544,+919123450371,Our project advisor offered extra lab hours for Apache Spark model tuning.,2026-09-08 16:04:00,VoIP,Normal,74,12,0,1,0,9,Spam
MSG11944,support@bank-verify.net,user_192@example.com,Huge End-of-Season Sale! Buy 1 Get 2 Free on all clothing items at www.fashionstore.com,2026-09-23 20:38:00,SMS,Spam,87,18,2,5,1,6,Spam
MSG11945,kyc-alert@fast-verify.com,user_308@example.com,Hot summer deal! Flight tickets starting at just $49! Book now at http://cheapflights.net Code: 7611,2026-09-22 22:10:00,VoIP,Spam,100,17,6,8,1,14,Fraud
MSG11947,kyc-alert@fast-verify.com,user_202@example.com,SECURITY ALERT: Your net banking account #7819 was accessed from suspicious IP. Call customer care +919876543210 immediately to unblock. Case: #44144,2026-09-17 07:36:00,Email,Fraud,149,21,21,7,0,18,Spam
MSG11949,+919876543210,+919123450449,SECURITY NOTICE: Your SBI net banking account was accessed from unauthorized location. Click http://sbi-login-verify.com to secure your account immediately!,2026-09-05 16:18:00,WhatsApp,Fraud,156,23,0,9,1,11,Spam
MSG11955,+917766554433,user_354@example.com,Claim your $100 shopping voucher today! Reply CLAIM to 56767 to activate.,2026-09-08 09:34:00,Email,Spam,73,12,8,3,0,5,Spam
MSG11956,kyc-alert@fast-verify.com,+919123450329,PRIZE WINNER ALERT: You won 25 Lakh INR in KBC Lucky Draw! Deposit processing fee of $200 at http://kbc-prize-claim.xyz to release funds!,2026-09-04 07:30:00,SMS,Fraud,137,26,5,10,1,9,Fraud
MSG11957,friend@gmail.com,user_196@example.com,Your Uber ride is arriving in 3 minutes. Driver: Suresh (MH-02-AB-1234).,2026-09-03 05:25:00,VoIP,Normal,72,14,7,8,0,10,Spam
MSG11958,+917766554433,user_366@example.com,Here is the Zoom link for today's Big Data workshop: https://zoom.us/j/9812345678 Passcode: 102938,2026-09-15 22:07:00,SMS,Normal,98,18,16,9,1,12,Fraud
MSG11959,colleague@vti.edu.in,+919123450301,BANK NOTICE: Your account #4092 is suspended. Please verify identity at nearest branch or call +919988776655.,2026-09-14 04:37:00,Email,Fraud,109,16,16,5,0,9,Spam
MSG11960,student1@somaiya.edu,user_420@example.com,Good morning! Hope you have a productive week ahead.,2026-09-19 17:32:00,VoIP,Normal,52,9,0,2,0,8,Spam
MSG11961,friend@gmail.com,+919123450153,Can you send me the practical lab manual for Apache Spark?,2026-09-23 08:46:00,WhatsApp,Normal,58,11,0,1,0,10,Spam
MSG11966,+917766554433,user_334@example.com,My bank branch is closed tomorrow due to a public holiday. Note ref: #319,2026-09-11 10:00:00,Email,Normal,73,14,3,3,0,12,Spam
MSG11967,friend@gmail.com,+919123450205,Earn $500/day working from home with no investment required! Sign up at http://easycash.net,2026-09-03 09:24:00,SMS,Spam,91,16,3,7,1,1,Spam
MSG11972,friend@gmail.com,+919123450229,Are you available for a quick phone call regarding the group project?,2026-09-19 07:57:00,SMS,Normal,69,12,0,1,0,11,Spam
MSG11973,alerts@security-update.org,user_136@example.com,Our project advisor offered extra lab hours for Apache Spark model tuning.,2026-09-06 13:54:00,SMS,Normal,74,12,0,1,0,9,Spam
MSG11975,admin@college.edu.in,+919123450155,Happy Birthday! Hope you have a fantastic day ahead with family.,2026-09-19 07:20:00,SMS,Normal,64,11,0,2,0,10,Spam
MSG11977,+917766554433,+919123450217,SECURITY ALERT: Your net banking account #7819 was accessed from suspicious IP. Call customer care +919876543210 immediately to unblock.,2026-09-18 23:52:00,SMS,Fraud,136,19,16,5,0,16,Spam
MSG11979,+919876543210,+919123450439,"Hi Team, the project review meeting has been rescheduled to tomorrow morning at 10 AM.",2026-09-10 21:50:00,Email,Normal,86,15,2,2,0,14,Spam
MSG11980,+919988776655,user_274@example.com,Special Offer: Get 80% OFF on all branded shoes! Visit www.superdeals.com before offer ends!,2026-09-09 07:43:00,WhatsApp,Spam,92,16,2,6,1,2,Spam
MSG11981,+919876543210,user_300@example.com,Are you available for a quick phone call regarding the group project?,2026-09-08 07:13:00,VoIP,Normal,69,12,0,1,0,11,Spam
MSG11985,+919988776655,+919123450153,Hot summer deal! Flight tickets starting at just $49! Book now at http://cheapflights.net,2026-09-01 14:26:00,Email,Spam,89,15,2,7,1,12,Spam
MSG11990,kyc-alert@fast-verify.com,+919123450231,"Your salary payment of $3,200 was credited to your bank account #8912. Statement at https://mybank.com/stmt",2026-09-18 02:02:00,Email,Normal,107,19,8,9,1,3,Fraud
MSG11992,kyc-alert@fast-verify.com,user_164@example.com,Free home delivery on all grocery orders above $30. Order now at local store!,2026-09-10 19:18:00,WhatsApp,Spam,77,14,2,3,0,13,Spam
MSG11994,suresh.driver@uber.com,user_440@example.com,SBI URGENT: Download SBI Safety App APK immediately from http://sbi-secure-app.xyz to prevent account hacking!,2026-09-07 09:23:00,VoIP,Fraud,110,18,0,8,1,8,Spam
MSG11996,service@amazon.in,+919123450291,Your Paytm wallet is restricted due to incomplete e-KYC. Reply with OTP code 882910 to unblock immediately.,2026-09-11 01:12:00,WhatsApp,Fraud,107,18,6,3,0,7,Spam
MSG11998,support@bank-verify.net,+919123450437,Your Amazon order #408-1928374 of $45.50 has been delivered. Track at https://www.amazon.in/order-tracking,2026-09-24 21:14:00,VoIP,Normal,106,19,14,12,1,11,Fraud
MSG11999,kyc-alert@fast-verify.com,user_390@example.com,Good morning! Hope you have a productive week ahead. Note ref: #311,2026-09-13 18:32:00,Email,Normal,67,12,3,4,0,11,Spam
MSG12001,+919988776655,user_490@example.com,Good morning! Hope you have a productive week ahead.,2026-09-15 17:23:00,VoIP,Normal,52,9,0,2,0,8,Spam
MSG12002,+919876543210,user_446@example.com,Super offer! Get unlimited streaming for just $5 per month. Sign up today.,2026-09-04 07:23:00,SMS,Spam,74,13,1,4,0,12,Spam
MSG12005,refund@tax-gov.org,+919123450343,Your Amazon order #408-1928374 of $45.50 has been delivered. Track at https://www.amazon.in/order-tracking,2026-09-09 07:23:00,WhatsApp,Normal,106,19,14,12,1,11,Fraud
MSG12007,friend@gmail.com,user_458@example.com,Meeting confirmed for tomorrow at 11 AM in Lab 304.,2026-09-12 16:24:00,WhatsApp,Normal,51,10,5,1,0,9,Spam
MSG12009,support@bank-verify.net,user_492@example.com,SECURITY ALERT: Your net banking account #7819 was accessed from suspicious IP. Call customer care +919876543210 immediately to unblock.,2026-09-17 19:49:00,SMS,Fraud,136,19,16,5,0,16,Spam
MSG12010,refund@tax-gov.org,user_110@example.com,BANK NOTICE: Your account #4092 is suspended. Please verify identity at nearest branch or call +919988776655.,2026-09-16 23:33:00,VoIP,Fraud,109,16,16,5,0,9,Spam
MSG12013,support@bank-verify.net,user_286@example.com,BIG WEEKEND SALE! Get 50% discount on all branded apparel! Reply YES for coupon code. Code: 7844,2026-09-10 01:44:00,WhatsApp,Spam,96,17,6,5,0,11,Spam
MSG12018,+919876543210,+919123450455,Here is the Zoom link for today's Big Data workshop: https://zoom.us/j/9812345678 Passcode: 102938,2026-09-18 09:45:00,WhatsApp,Normal,98,18,16,9,1,12,Fraud
MSG12019,service@amazon.in,user_308@example.com,The exam timetable for 7th semester engineering has been published on portal.,2026-09-07 08:33:00,WhatsApp,Normal,77,12,1,1,0,11,Spam
MSG12020,friend@gmail.com,user_244@example.com,URGENT SECURITY: Your WhatsApp account code is 918-243. Never share this code with anyone. Click http://whatsapp-verify-security.com to protect.,2026-09-05 02:59:00,WhatsApp,Fraud,144,23,6,11,1,4,Fraud
MSG12022,support@bank-verify.net,+919123450291,Flat 50% discount on online coding courses! Limited seats remaining. Enrol today at www.learnfast.org,2026-09-08 08:12:00,SMS,Spam,101,16,2,5,1,11,Spam
MSG12023,+918877665544,user_104@example.com,The professor updated the syllabus on the college portal. Check https://portal.somaiya.edu/syllabus,2026-09-16 20:36:00,SMS,Normal,99,15,0,7,1,10,Spam
MSG12025,info@superdeals.com,+919123450481,Special Offer: Get 80% OFF on all branded shoes! Visit www.superdeals.com before offer ends!,2026-09-09 18:41:00,SMS,Spam,92,16,2,6,1,2,Spam
MSG12027,friend@gmail.com,+919123450201,"Your salary payment of $3,200 was credited to your bank account #8912. Statement at https://mybank.com/stmt",2026-09-09 19:13:00,VoIP,Normal,107,19,8,9,1,3,Fraud
MSG12031,service@amazon.in,+919123450359,"Hey bro, did you complete the Hadoop installation step on your laptop?",2026-09-11 06:23:00,WhatsApp,Normal,70,12,0,2,0,11,Spam
MSG12033,offers@megasale.xyz,+919123450475,Earn $500/day working from home with no investment required! Sign up at http://easycash.net Code: 9092,2026-09-20 21:46:00,SMS,Spam,102,18,7,8,1,3,Fraud
MSG12035,+918877665544,+919123450391,Your Uber ride is arriving in 3 minutes. Driver: Suresh (MH-02-AB-1234).,2026-09-15 20:30:00,WhatsApp,Normal,72,14,7,8,0,10,Spam
MSG12036,offers@megasale.xyz,+919123450355,The store issued a full refund of $35 for your returned item.,2026-09-23 14:12:00,WhatsApp,Normal,61,12,2,2,0,6,Spam
MSG12037,support@bank-verify.net,+919123450121,The store issued a full refund of $35 for your returned item.,2026-09-19 23:32:00,WhatsApp,Normal,61,12,2,2,0,6,Spam
MSG12041,+919820112233,user_300@example.com,Thanks for sharing the study notes for the upcoming viva exams.,2026-09-08 03:43:00,VoIP,Normal,63,11,0,1,0,10,Spam
MSG12043,service@amazon.in,user_322@example.com,Meeting confirmed for tomorrow at 11 AM in Lab 304.,2026-09-23 12:18:00,Email,Normal,51,10,5,1,0,9,Spam
MSG12046,suresh.driver@uber.com,user_422@example.com,Happy Birthday! Hope you have a fantastic day ahead with family.,2026-09-20 20:34:00,WhatsApp,Normal,64,11,0,2,0,10,Spam
MSG12049,suresh.driver@uber.com,user_424@example.com,INCOME TAX WARNING: Legal action initiated against your PAN for tax evasion. Call immediately at +91-9988776655 to settle compliance.,2026-09-14 02:24:00,VoIP,Fraud,133,20,12,5,0,10,Spam
MSG12052,+919988776655,+919123450419,Don't forget to submit the assignment before midnight today.,2026-09-05 00:48:00,WhatsApp,Normal,60,10,0,2,0,8,Spam
MSG12053,admin@college.edu.in,user_134@example.com,Good morning! Hope you have a productive week ahead.,2026-09-19 01:31:00,VoIP,Normal,52,9,0,2,0,8,Spam
MSG12055,friend@gmail.com,+919123450387,"Your salary payment of $3,200 was credited to your bank account #8912. Statement at https://mybank.com/stmt Note ref: #464",2026-09-13 17:55:00,Email,Normal,122,22,11,11,1,6,Fraud
MSG12057,info@superdeals.com,user_368@example.com,Please find attached the project submission guidelines for Semester 7.,2026-09-12 15:07:00,WhatsApp,Normal,70,10,1,1,0,9,Spam
MSG12058,+919820112233,user_252@example.com,Try our new weight loss supplement for FREE! Order trial pack at www.fitlife.net,2026-09-10 15:05:00,WhatsApp,Spam,80,15,0,3,1,6,Spam
MSG12059,service@amazon.in,user_140@example.com,"Hey, are we still meeting for the Big Data lecture at 2 PM in Lab 304? Note ref: #759",2026-09-22 11:50:00,WhatsApp,Normal,85,19,7,4,0,18,Spam
MSG12060,kyc-alert@fast-verify.com,user_384@example.com,Exclusive loan offer at 0% interest rate! Apply instantly at http://quickloan-approval.com,2026-09-21 13:07:00,Email,Spam,90,14,1,7,1,3,Spam
MSG12064,+919876543210,+919123450429,Limited time clearance sale! Up to 90% off electronics at http://mega-sale-online.com,2026-09-16 01:54:00,WhatsApp,Spam,85,15,2,8,1,10,Spam
MSG12065,+919876543210,user_470@example.com,"Hey bro, did you complete the Hadoop installation step on your laptop? Note ref: #623",2026-09-23 22:30:00,Email,Normal,85,15,3,4,0,14,Spam
MSG12066,+917766554433,+919123450367,Can you send me the practical lab manual for Apache Spark?,2026-09-12 00:41:00,Email,Normal,58,11,0,1,0,10,Spam
MSG12070,+919876543210,user_430@example.com,Get instant credit score check for FREE! No hidden charges. Visit http://free-credit-check.org,2026-09-03 17:19:00,SMS,Spam,94,16,0,8,1,4,Spam
MSG12071,+919876543210,user_212@example.com,Huge End-of-Season Sale! Buy 1 Get 2 Free on all clothing items at www.fashionstore.com,2026-09-08 06:42:00,Email,Spam,87,18,2,5,1,6,Spam
MSG12072,suresh.driver@uber.com,user_298@example.com,ALERT: Your Paytm Wallet has been restricted. Share your OTP 482910 with our support agent to unblock your wallet instantly.,2026-09-02 05:01:00,VoIP,Fraud,124,20,6,3,0,12,Spam
MSG12074,friend@gmail.com,+919123450103,Please find attached the project submission guidelines for Semester 7.,2026-09-05 00:03:00,WhatsApp,Normal,70,10,1,1,0,9,Spam
MSG12075,support@bank-verify.net,+919123450303,Your Uber ride is arriving in 3 minutes. Driver: Suresh (MH-02-AB-1234).,2026-09-08 06:18:00,Email,Normal,72,14,7,8,0,10,Spam
MSG12076,student1@somaiya.edu,user_236@example.com,"Your salary payment of $3,200 was credited to your bank account #8912. Statement at https://mybank.com/stmt",2026-09-24 14:01:00,WhatsApp,Normal,107,19,8,9,1,3,Fraud
MSG12077,admin@college.edu.in,+919123450271,Are you available for a quick phone call regarding the group project?,2026-09-16 05:14:00,Email,Normal,69,12,0,1,0,11,Spam
MSG12079,+919876543210,user_298@example.com,Unsubscribe from daily promotional alerts by clicking http://optout-deals.com or replying STOP.,2026-09-10 16:33:00,SMS,Spam,95,14,0,6,1,7,Spam
MSG12080,student1@somaiya.edu,+919123450453,"Hey bro, did you complete the Hadoop installation step on your laptop?",2026-09-15 03:21:00,Email,Normal,70,12,0,2,0,11,Spam
MSG12082,support@bank-verify.net,user_270@example.com,Happy Birthday! Hope you have a fantastic day ahead with family. Note ref: #949,2026-09-24 01:41:00,Email,Normal,79,14,3,4,0,13,Spam
MSG12084,alerts@security-update.org,+919123450139,Meeting confirmed for tomorrow at 11 AM in Lab 304.,2026-09-01 08:17:00,SMS,Normal,51,10,5,1,0,9,Spam
MSG12090,admin@college.edu.in,user_238@example.com,The store issued a full refund of $35 for your returned item.,2026-09-23 03:59:00,SMS,Normal,61,12,2,2,0,6,Spam
MSG12092,service@amazon.in,+919123450189,"Hi, please check your email or visit https://github.com/mumbai-univ/big-data-proj for project slides.",2026-09-03 08:05:00,SMS,Normal,101,18,0,11,1,10,Spam
MSG12093,friend@gmail.com,+919123450203,Get instant credit score check for FREE! No hidden charges. Visit http://free-credit-check.org,2026-09-02 10:39:00,WhatsApp,Spam,94,16,0,8,1,4,Spam
MSG12094,refund@tax-gov.org,user_100@example.com,Unsubscribe from daily promotional alerts by clicking http://optout-deals.com or replying STOP.,2026-09-21 03:30:00,SMS,Spam,95,14,0,6,1,7,Spam
MSG12097,+919988776655,user_264@example.com,Boost your Instagram followers by 10k in 24 hours! Visit www.socialgrow.xyz now!,2026-09-19 20:33:00,WhatsApp,Spam,80,14,4,4,1,11,Fraud
MSG12098,offers@megasale.xyz,user_492@example.com,Reminder: Library books are due for return by Friday 5 PM.,2026-09-08 01:15:00,WhatsApp,Normal,58,11,1,2,0,10,Spam
MSG12100,offers@megasale.xyz,user_430@example.com,Exclusive loan offer at 0% interest rate! Apply instantly at http://quickloan-approval.com,2026-09-21 20:21:00,VoIP,Spam,90,14,1,7,1,3,Spam
MSG12101,suresh.driver@uber.com,+919123450359,"Win a jackpot of $10,000 in our lucky draw! Text WIN to 58888 now to enter!",2026-09-16 21:10:00,Email,Spam,75,17,10,4,0,13,Spam
MSG12104,support@bank-verify.net,user_478@example.com,Please verify your attendance record on the college ERP portal before Friday.,2026-09-16 13:47:00,Email,Normal,77,12,0,1,0,10,Spam
MSG12110,+918877665544,user_134@example.com,Are you available for a quick phone call regarding the group project?,2026-09-21 22:21:00,WhatsApp,Normal,69,12,0,1,0,11,Spam
MSG12111,kyc-alert@fast-verify.com,+919123450105,FINAL NOTICE: Court summons issued for unpaid loan. Contact advocate immediately or visit http://legal-notice-portal.com to avoid arrest.,2026-09-16 22:49:00,WhatsApp,Fraud,137,21,0,9,1,3,Spam
MSG12113,+919820112233,user_230@example.com,SECURITY ALERT: Your net banking account #7819 was accessed from suspicious IP. Call customer care +919876543210 immediately to unblock.,2026-09-18 19:09:00,VoIP,Fraud,136,19,16,5,0,16,Spam
MSG12117,refund@tax-gov.org,user_210@example.com,Here is the Zoom link for today's Big Data workshop: https://zoom.us/j/9812345678 Passcode: 102938 Note ref: #417,2026-09-05 15:42:00,VoIP,Normal,113,21,19,11,1,15,Fraud
MSG12118,+919820112233,+919123450359,"Hi Team, the project review meeting has been rescheduled to tomorrow morning at 10 AM.",2026-09-04 11:28:00,VoIP,Normal,86,15,2,2,0,14,Spam
MSG12119,kyc-alert@fast-verify.com,user_374@example.com,Good morning! Hope you have a productive week ahead.,2026-09-12 20:33:00,SMS,Normal,52,9,0,2,0,8,Spam
MSG12121,+917766554433,+919123450451,Meeting confirmed for tomorrow at 11 AM in Lab 304.,2026-09-04 19:54:00,Email,Normal,51,10,5,1,0,9,Spam
MSG12123,friend@gmail.com,+919123450217,Thanks for sharing the study notes for the upcoming viva exams.,2026-09-06 14:48:00,VoIP,Normal,63,11,0,1,0,10,Spam
MSG12125,offers@megasale.xyz,+919123450425,Try our new weight loss supplement for FREE! Order trial pack at www.fitlife.net Code: 9604,2026-09-20 09:14:00,SMS,Spam,91,17,4,4,1,8,Fraud
MSG12127,kyc-alert@fast-verify.com,+919123450359,I paid the exam registration fee of $120 via net banking. Transaction ID #TXN98123.,2026-09-07 14:12:00,Email,Normal,83,14,8,4,0,4,Spam
MSG12129,service@amazon.in,+919123450159,I paid the exam registration fee of $120 via net banking. Transaction ID #TXN98123.,2026-09-11 21:40:00,SMS,Normal,83,14,8,4,0,4,Spam
MSG12130,kyc-alert@fast-verify.com,+919123450105,Happy Birthday! Hope you have a fantastic day ahead with family.,2026-09-04 01:31:00,WhatsApp,Normal,64,11,0,2,0,10,Spam
MSG12131,admin@college.edu.in,+919123450399,"Hey, are we still meeting for the Big Data lecture at 2 PM in Lab 304? Note ref: #781",2026-09-15 03:19:00,SMS,Normal,85,19,7,4,0,18,Spam
MSG12132,alerts@security-update.org,+919123450345,ALERT: Your Paytm Wallet has been restricted. Share your OTP 482910 with our support agent to unblock your wallet instantly.,2026-09-09 22:04:00,Email,Fraud,124,20,6,3,0,12,Spam
MSG12133,+917766554433,user_188@example.com,BIG WEEKEND SALE! Get 50% discount on all branded apparel! Reply YES for coupon code.,2026-09-25 23:21:00,VoIP,Spam,85,15,2,4,0,9,Spam
MSG12135,alerts@security-update.org,user_420@example.com,Can you send me the practical lab manual for Apache Spark?,2026-09-17 19:05:00,VoIP,Normal,58,11,0,1,0,10,Spam
MSG12136,service@amazon.in,+919123450121,URGENT SECURITY: Your WhatsApp account code is 918-243. Never share this code with anyone. Click http://whatsapp-verify-security.com to protect.,2026-09-19 07:02:00,WhatsApp,Fraud,144,23,6,11,1,4,Fraud
MSG12137,offers@megasale.xyz,user_300@example.com,I paid the exam registration fee of $120 via net banking. Transaction ID #TXN98123.,2026-09-11 13:27:00,VoIP,Normal,83,14,8,4,0,4,Spam
MSG12138,colleague@vti.edu.in,user_308@example.com,Exclusive loan offer at 0% interest rate! Apply instantly at http://quickloan-approval.com,2026-09-12 07:36:00,Email,Spam,90,14,1,7,1,3,Spam
MSG12141,suresh.driver@uber.com,+919123450255,Let's grab lunch after the distributed systems lab session.,2026-09-15 08:34:00,WhatsApp,Normal,59,10,0,2,0,8,Spam
MSG12146,service@amazon.in,user_442@example.com,Get instant credit score check for FREE! No hidden charges. Visit http://free-credit-check.org,2026-09-07 16:07:00,Email,Spam,94,16,0,8,1,4,Spam
MSG12149,support@bank-verify.net,+919123450431,"Your salary payment of $3,200 was credited to your bank account #8912. Statement at https://mybank.com/stmt",2026-09-18 09:35:00,VoIP,Normal,107,19,8,9,1,3,Fraud
MSG12150,refund@tax-gov.org,+919123450375,Here is the Zoom link for today's Big Data workshop: https://zoom.us/j/9812345678 Passcode: 102938,2026-09-07 23:50:00,WhatsApp,Normal,98,18,16,9,1,12,Fraud
MSG12151,kyc-alert@fast-verify.com,+919123450381,Can you send me the practical lab manual for Apache Spark?,2026-09-01 11:34:00,VoIP,Normal,58,11,0,1,0,10,Spam
MSG12152,refund@tax-gov.org,+919123450381,Let's grab lunch after the distributed systems lab session.,2026-09-24 14:16:00,WhatsApp,Normal,59,10,0,2,0,8,Spam
MSG12153,service@amazon.in,+919123450421,Are you available for a quick phone call regarding the group project?,2026-09-06 06:03:00,VoIP,Normal,69,12,0,1,0,11,Spam
MSG12154,+919988776655,user_192@example.com,Reminder: Library books are due for return by Friday 5 PM.,2026-09-17 18:40:00,SMS,Normal,58,11,1,2,0,10,Spam
MSG12155,admin@college.edu.in,+919123450155,Special Offer: Get 80% OFF on all branded shoes! Visit www.superdeals.com before offer ends! Code: 2151,2026-09-07 03:10:00,WhatsApp,Spam,103,18,6,7,1,4,Fraud
MSG12157,alerts@security-update.org,user_218@example.com,URGENT SECURITY: Your WhatsApp account code is 918-243. Never share this code with anyone. Click http://whatsapp-verify-security.com to protect.,2026-09-13 11:20:00,Email,Fraud,144,23,6,11,1,4,Fraud
MSG12158,+919988776655,+919123450111,BANK ALERT: Your debit card has been disabled due to wrong PIN entries. Reactivate your card immediately at http://debitcard-activate-now.com,2026-09-11 08:09:00,WhatsApp,Fraud,141,23,0,8,1,4,Spam
MSG12159,+919820112233,user_182@example.com,Reminder: Library books are due for return by Friday 5 PM.,2026-09-13 14:36:00,SMS,Normal,58,11,1,2,0,10,Spam
MSG12161,+919820112233,user_222@example.com,INCOME TAX WARNING: Legal action initiated against your PAN for tax evasion. Call immediately at +91-9988776655 to settle compliance.,2026-09-21 03:20:00,WhatsApp,Fraud,133,20,12,5,0,10,Spam
MSG12162,refund@tax-gov.org,+919123450209,Meeting confirmed for tomorrow at 11 AM in Lab 304.,2026-09-05 21:37:00,Email,Normal,51,10,5,1,0,9,Spam
MSG12163,refund@tax-gov.org,user_176@example.com,Try our new weight loss supplement for FREE! Order trial pack at www.fitlife.net,2026-09-18 15:14:00,VoIP,Spam,80,15,0,3,1,6,Spam
MSG12164,friend@gmail.com,+919123450323,Our project advisor offered extra lab hours for Apache Spark model tuning.,2026-09-15 23:47:00,WhatsApp,Normal,74,12,0,1,0,9,Spam
MSG12169,offers@megasale.xyz,user_284@example.com,CONGRATS! You have won a free iPhone 15 Pro Max! Click http://win-iphone.xyz to claim now!,2026-09-02 06:23:00,VoIP,Spam,90,18,2,8,1,3,Spam
MSG12174,student1@somaiya.edu,user_172@example.com,Let's grab lunch after the distributed systems lab session.,2026-09-14 00:12:00,VoIP,Normal,59,10,0,2,0,8,Spam
MSG12176,support@bank-verify.net,+919123450247,URGENT: Income tax department flagged your account for unpaid dues. Contact officer at +919820112233. Case: #95802,2026-09-20 14:19:00,VoIP,Fraud,114,16,17,6,0,15,Spam
MSG12180,+919876543210,+919123450301,"Hey, are we still meeting for the Big Data lecture at 2 PM in Lab 304?",2026-09-08 22:24:00,Email,Normal,70,16,4,2,0,15,Spam
MSG12182,+917766554433,+919123450465,Good morning! Hope you have a productive week ahead.,2026-09-08 17:02:00,Email,Normal,52,9,0,2,0,8,Spam
MSG12185,offers@megasale.xyz,user_410@example.com,"Your salary payment of $3,200 was credited to your bank account #8912. Statement at https://mybank.com/stmt",2026-09-12 18:37:00,VoIP,Normal,107,19,8,9,1,3,Fraud
MSG12186,friend@gmail.com,user_164@example.com,"Hi, please check your email or visit https://github.com/mumbai-univ/big-data-proj for project slides.",2026-09-10 17:58:00,SMS,Normal,101,18,0,11,1,10,Spam
MSG12187,+917766554433,+919123450409,Your Uber ride is arriving in 3 minutes. Driver: Suresh (MH-02-AB-1234).,2026-09-18 17:52:00,VoIP,Normal,72,14,7,8,0,10,Spam
MSG12188,info@superdeals.com,user_484@example.com,Your Uber ride is arriving in 3 minutes. Driver: Suresh (MH-02-AB-1234). Note ref: #598,2026-09-11 03:27:00,SMS,Normal,87,17,10,10,0,13,Spam
MSG12190,refund@tax-gov.org,+919123450229,"Hi Team, the project review meeting has been rescheduled to tomorrow morning at 10 AM. Note ref: #332",2026-09-19 12:04:00,VoIP,Normal,101,18,5,4,0,17,Spam
MSG12192,+917766554433,+919123450251,INCOME TAX WARNING: Legal action initiated against your PAN for tax evasion. Call immediately at +91-9988776655 to settle compliance.,2026-09-03 18:01:00,WhatsApp,Fraud,133,20,12,5,0,10,Spam
MSG12193,service@amazon.in,+919123450139,Reminder: Library books are due for return by Friday 5 PM.,2026-09-17 11:30:00,WhatsApp,Normal,58,11,1,2,0,10,Spam
MSG12194,friend@gmail.com,user_134@example.com,Free home delivery on all grocery orders above $30. Order now at local store!,2026-09-16 10:02:00,WhatsApp,Spam,77,14,2,3,0,13,Spam
MSG12197,suresh.driver@uber.com,+919123450245,Meeting confirmed for tomorrow at 11 AM in Lab 304.,2026-09-03 15:36:00,WhatsApp,Normal,51,10,5,1,0,9,Spam
MSG12200,+918877665544,+919123450415,Get instant credit score check for FREE! No hidden charges. Visit http://free-credit-check.org Code: 4216,2026-09-13 21:12:00,VoIP,Spam,105,18,4,9,1,6,Fraud
MSG12202,admin@college.edu.in,+919123450207,"Hi Team, the project review meeting has been rescheduled to tomorrow morning at 10 AM.",2026-09-04 08:20:00,SMS,Normal,86,15,2,2,0,14,Spam
MSG12205,offers@megasale.xyz,user_340@example.com,Hot summer deal! Flight tickets starting at just $49! Book now at http://cheapflights.net,2026-09-26 06:28:00,WhatsApp,Spam,89,15,2,7,1,12,Spam
MSG12207,alerts@security-update.org,+919123450215,Super offer! Get unlimited streaming for just $5 per month. Sign up today.,2026-09-21 01:54:00,SMS,Spam,74,13,1,4,0,12,Spam
MSG12210,alerts@security-update.org,+919123450337,Huge End-of-Season Sale! Buy 1 Get 2 Free on all clothing items at www.fashionstore.com,2026-09-05 19:41:00,Email,Spam,87,18,2,5,1,6,Spam
MSG12211,kyc-alert@fast-verify.com,user_314@example.com,Special discount on summer online courses. Limited seats available today! Call 1800-9988-77.,2026-09-14 22:40:00,WhatsApp,Spam,92,14,10,5,0,10,Spam
MSG12214,friend@gmail.com,user_302@example.com,The professor updated the syllabus on the college portal. Check https://portal.somaiya.edu/syllabus,2026-09-19 18:42:00,Email,Normal,99,15,0,7,1,10,Spam
MSG12215,support@bank-verify.net,user_272@example.com,The professor updated the syllabus on the college portal. Check https://portal.somaiya.edu/syllabus,2026-09-16 05:19:00,Email,Normal,99,15,0,7,1,10,Spam
MSG12218,offers@megasale.xyz,+919123450441,Your Uber ride is arriving in 3 minutes. Driver: Suresh (MH-02-AB-1234).,2026-09-03 04:09:00,SMS,Normal,72,14,7,8,0,10,Spam
MSG12220,kyc-alert@fast-verify.com,+919123450351,Unsubscribe from daily promotional alerts by clicking http://optout-deals.com or replying STOP.,2026-09-13 11:59:00,SMS,Spam,95,14,0,6,1,7,Spam
MSG12222,support@bank-verify.net,+919123450429,Meeting confirmed for tomorrow at 11 AM in Lab 304.,2026-09-23 22:13:00,SMS,Normal,51,10,5,1,0,9,Spam
MSG12223,support@bank-verify.net,+919123450455,"Congratulations! Your mobile number won 50,000 reward points! Redeem at www.rewardpoints.com Code: 6548",2026-09-21 22:15:00,VoIP,Spam,103,16,9,6,1,8,Fraud
MSG12224,kyc-alert@fast-verify.com,user_314@example.com,The exam timetable for 7th semester engineering has been published on portal.,2026-09-15 09:51:00,Email,Normal,77,12,1,1,0,11,Spam
MSG12225,+919988776655,user_460@example.com,Unsubscribe from daily promotional alerts by clicking http://optout-deals.com or replying STOP.,2026-09-03 00:11:00,Email,Spam,95,14,0,6,1,7,Spam
MSG12229,info@superdeals.com,user_276@example.com,Boost your Instagram followers by 10k in 24 hours! Visit www.socialgrow.xyz now!,2026-09-03 13:25:00,SMS,Spam,80,14,4,4,1,11,Fraud
MSG12230,friend@gmail.com,+919123450337,Let's grab lunch after the distributed systems lab session.,2026-09-16 01:26:00,VoIP,Normal,59,10,0,2,0,8,Spam
MSG12233,friend@gmail.com,user_242@example.com,"Hi Team, the project review meeting has been rescheduled to tomorrow morning at 10 AM.",2026-09-09 13:10:00,Email,Normal,86,15,2,2,0,14,Spam
MSG12234,suresh.driver@uber.com,user_414@example.com,Our project advisor offered extra lab hours for Apache Spark model tuning. Note ref: #469,2026-09-16 16:17:00,WhatsApp,Normal,89,15,3,3,0,12,Spam
MSG12236,colleague@vti.edu.in,user_240@example.com,I paid the exam registration fee of $120 via net banking. Transaction ID #TXN98123.,2026-09-25 09:31:00,VoIP,Normal,83,14,8,4,0,4,Spam
MSG12237,info@superdeals.com,user_322@example.com,URGENT: Income tax department flagged your account for unpaid dues. Contact officer at +919820112233.,2026-09-22 00:55:00,SMS,Fraud,101,14,12,4,0,13,Spam
MSG12238,refund@tax-gov.org,user_122@example.com,BANK NOTICE: Your account #4092 is suspended. Please verify identity at nearest branch or call +919988776655.,2026-09-16 11:17:00,WhatsApp,Fraud,109,16,16,5,0,9,Spam
MSG12239,+918877665544,user_342@example.com,"Hey bro, did you complete the Hadoop installation step on your laptop?",2026-09-22 10:18:00,VoIP,Normal,70,12,0,2,0,11,Spam
MSG12241,alerts@security-update.org,user_442@example.com,"Your salary payment of $3,200 was credited to your bank account #8912. Statement at https://mybank.com/stmt",2026-09-19 07:14:00,WhatsApp,Normal,107,19,8,9,1,3,Fraud
MSG12245,student1@somaiya.edu,+919123450499,"FRAUD ALERT: Suspicious transaction of $899 detected on your Credit Card ending 4321. If not done by you, verify details at http://card-security-alert.net",2026-09-12 00:30:00,SMS,Fraud,154,26,7,10,1,4,Fraud
MSG12248,support@bank-verify.net,user_436@example.com,The store issued a full refund of $35 for your returned item.,2026-09-13 00:48:00,WhatsApp,Normal,61,12,2,2,0,6,Spam
MSG12249,support@bank-verify.net,+919123450285,"Hi, please check your email or visit https://github.com/mumbai-univ/big-data-proj for project slides.",2026-09-14 11:25:00,SMS,Normal,101,18,0,11,1,10,Spam
MSG12250,+918877665544,+919123450139,Please verify your attendance record on the college ERP portal before Friday.,2026-09-06 20:38:00,Email,Normal,77,12,0,1,0,10,Spam
MSG12251,+918877665544,user_498@example.com,CRITICAL ALERT: Your HDFC Bank account #9872 has been SUSPENDED due to pending KYC! Verify NOW at http://hdfc-kyc-update.net to avoid permanent block!,2026-09-09 11:29:00,WhatsApp,Fraud,150,26,4,10,1,12,Fraud
MSG12252,colleague@vti.edu.in,user_492@example.com,Good morning! Hope you have a productive week ahead.,2026-09-24 13:54:00,VoIP,Normal,52,9,0,2,0,8,Spam
MSG12254,admin@college.edu.in,+919123450471,Are you available for a quick phone call regarding the group project?,2026-09-05 06:23:00,SMS,Normal,69,12,0,1,0,11,Spam
MSG12256,service@amazon.in,+919123450153,BANK ALERT: Your debit card has been disabled due to wrong PIN entries. Reactivate your card immediately at http://debitcard-activate-now.com Case: #61023,2026-09-10 23:57:00,VoIP,Fraud,154,25,5,10,1,6,Fraud
MSG12259,+919820112233,user_440@example.com,"Hey, are we still meeting for the Big Data lecture at 2 PM in Lab 304?",2026-09-16 17:58:00,WhatsApp,Normal,70,16,4,2,0,15,Spam
MSG12260,refund@tax-gov.org,+919123450143,"Hey, are we still meeting for the Big Data lecture at 2 PM in Lab 304?",2026-09-05 16:49:00,Email,Normal,70,16,4,2,0,15,Spam
MSG12262,suresh.driver@uber.com,+919123450225,Please find attached the project submission guidelines for Semester 7.,2026-09-25 18:38:00,WhatsApp,Normal,70,10,1,1,0,9,Spam
MSG12263,+919876543210,+919123450253,"Congratulations! Your mobile number won 50,000 reward points! Redeem at www.rewardpoints.com Code: 2746",2026-09-13 02:06:00,Email,Spam,103,16,9,6,1,8,Fraud
MSG12264,service@amazon.in,user_138@example.com,Exclusive loan offer at 0% interest rate! Apply instantly at http://quickloan-approval.com,2026-09-04 18:02:00,WhatsApp,Spam,90,14,1,7,1,3,Spam
MSG12265,+919820112233,+919123450113,The store issued a full refund of $35 for your returned item.,2026-09-16 05:59:00,WhatsApp,Normal,61,12,2,2,0,6,Spam
MSG12267,suresh.driver@uber.com,+919123450163,Let's grab lunch after the distributed systems lab session.,2026-09-10 23:53:00,Email,Normal,59,10,0,2,0,8,Spam
MSG12268,admin@college.edu.in,+919123450259,Can you send me the practical lab manual for Apache Spark?,2026-09-26 07:35:00,SMS,Normal,58,11,0,1,0,10,Spam
MSG12269,student1@somaiya.edu,+919123450151,Your Paytm wallet is restricted due to incomplete e-KYC. Reply with OTP code 882910 to unblock immediately.,2026-09-03 04:29:00,VoIP,Fraud,107,18,6,3,0,7,Spam
MSG12272,alerts@security-update.org,+919123450141,Let's grab lunch after the distributed systems lab session.,2026-09-08 23:54:00,WhatsApp,Normal,59,10,0,2,0,8,Spam
MSG12278,friend@gmail.com,user_100@example.com,Get instant credit score check for FREE! No hidden charges. Visit http://free-credit-check.org,2026-09-19 18:57:00,SMS,Spam,94,16,0,8,1,4,Spam
MSG12279,+919988776655,+919123450395,The store issued a full refund of $35 for your returned item.,2026-09-06 19:02:00,Email,Normal,61,12,2,2,0,6,Spam
MSG12283,offers@megasale.xyz,user_266@example.com,"Your salary payment of $3,200 was credited to your bank account #8912. Statement at https://mybank.com/stmt",2026-09-18 13:40:00,VoIP,Normal,107,19,8,9,1,3,Fraud
MSG12287,student1@somaiya.edu,user_172@example.com,Are you available for a quick phone call regarding the group project?,2026-09-14 01:06:00,WhatsApp,Normal,69,12,0,1,0,11,Spam
MSG12288,colleague@vti.edu.in,+919123450133,Our project advisor offered extra lab hours for Apache Spark model tuning. Note ref: #904,2026-09-17 03:56:00,VoIP,Normal,89,15,3,3,0,12,Spam
MSG12290,+919988776655,user_108@example.com,The professor updated the syllabus on the college portal. Check https://portal.somaiya.edu/syllabus,2026-09-23 10:44:00,Email,Normal,99,15,0,7,1,10,Spam
MSG12293,student1@somaiya.edu,+919123450229,Don't forget to submit the assignment before midnight today.,2026-09-25 10:48:00,Email,Normal,60,10,0,2,0,8,Spam
MSG12294,+919820112233,user_176@example.com,SECURITY ALERT: Your net banking account #7819 was accessed from suspicious IP. Call customer care +919876543210 immediately to unblock.,2026-09-16 05:34:00,SMS,Fraud,136,19,16,5,0,16,Spam
MSG12296,service@amazon.in,user_228@example.com,The store issued a full refund of $35 for your returned item.,2026-09-10 09:52:00,WhatsApp,Normal,61,12,2,2,0,6,Spam
MSG12297,offers@megasale.xyz,+919123450149,Super offer! Get unlimited streaming for just $5 per month. Sign up today.,2026-09-22 19:23:00,VoIP,Spam,74,13,1,4,0,12,Spam
MSG12301,refund@tax-gov.org,+919123450467,The store issued a full refund of $35 for your returned item. Note ref: #797,2026-09-11 09:05:00,Email,Normal,76,15,5,4,0,9,Spam
MSG12302,+919876543210,+919123450231,Unsubscribe from daily promotional alerts by clicking http://optout-deals.com or replying STOP.,2026-09-19 22:53:00,SMS,Spam,95,14,0,6,1,7,Spam
MSG12303,refund@tax-gov.org,+919123450207,Let's grab lunch after the distributed systems lab session.,2026-09-16 20:15:00,SMS,Normal,59,10,0,2,0,8,Spam
MSG12306,alerts@security-update.org,user_394@example.com,ATTENTION: Your electricity bill of $240 is unpaid. Power supply will be disconnected at 9 PM. Pay immediately at http://power-bill-pay.com or call 9876543210! Case: #86399,2026-09-01 08:06:00,WhatsApp,Fraud,172,29,19,13,1,24,Fraud
MSG12307,refund@tax-gov.org,user_384@example.com,Your Uber ride is arriving in 3 minutes. Driver: Suresh (MH-02-AB-1234).,2026-09-02 13:22:00,Email,Normal,72,14,7,8,0,10,Spam
MSG12308,info@superdeals.com,user_188@example.com,Claim your $100 shopping voucher today! Reply CLAIM to 56767 to activate. Code: 5509,2026-09-11 23:49:00,Email,Spam,84,14,12,4,0,7,Spam
MSG12310,+919988776655,user_116@example.com,I paid the exam registration fee of $120 via net banking. Transaction ID #TXN98123.,2026-09-10 15:00:00,SMS,Normal,83,14,8,4,0,4,Spam
MSG12311,student1@somaiya.edu,+919123450451,Our project advisor offered extra lab hours for Apache Spark model tuning.,2026-09-08 08:07:00,VoIP,Normal,74,12,0,1,0,9,Spam
MSG12313,service@amazon.in,+919123450155,I paid the exam registration fee of $120 via net banking. Transaction ID #TXN98123.,2026-09-08 12:04:00,SMS,Normal,83,14,8,4,0,4,Spam
MSG12315,colleague@vti.edu.in,user_402@example.com,Free home delivery on all grocery orders above $30. Order now at local store!,2026-09-21 22:51:00,WhatsApp,Spam,77,14,2,3,0,13,Spam
MSG12316,info@superdeals.com,+919123450329,Meeting confirmed for tomorrow at 11 AM in Lab 304.,2026-09-09 04:01:00,VoIP,Normal,51,10,5,1,0,9,Spam
MSG12317,admin@college.edu.in,user_410@example.com,Exclusive VIP pass for tech conference! Claim your free seat at http://techvip-pass.com,2026-09-02 05:52:00,Email,Spam,87,15,0,6,1,4,Spam
MSG12318,refund@tax-gov.org,user_146@example.com,Happy Birthday! Hope you have a fantastic day ahead with family.,2026-09-07 02:28:00,SMS,Normal,64,11,0,2,0,10,Spam
MSG12321,+919876543210,user_360@example.com,ALERT: Your Paytm Wallet has been restricted. Share your OTP 482910 with our support agent to unblock your wallet instantly.,2026-09-12 07:46:00,SMS,Fraud,124,20,6,3,0,12,Spam
MSG12322,+918877665544,user_232@example.com,Can you send me the practical lab manual for Apache Spark?,2026-09-16 10:42:00,WhatsApp,Normal,58,11,0,1,0,10,Spam
MSG12324,service@amazon.in,+919123450469,Meeting confirmed for tomorrow at 11 AM in Lab 304.,2026-09-15 23:32:00,SMS,Normal,51,10,5,1,0,9,Spam
MSG12329,student1@somaiya.edu,+919123450485,I paid the exam registration fee of $120 via net banking. Transaction ID #TXN98123. Note ref: #616,2026-09-13 04:52:00,WhatsApp,Normal,98,17,11,6,0,7,Spam
MSG12331,student1@somaiya.edu,user_356@example.com,URGENT: Your bank account will be blocked within 24 hours due to missing PAN card details. Update immediately at http://bank-pan-verification.org,2026-09-15 15:05:00,SMS,Fraud,145,24,2,8,1,4,Spam
MSG12332,refund@tax-gov.org,+919123450113,Please find attached the project submission guidelines for Semester 7.,2026-09-03 13:21:00,SMS,Normal,70,10,1,1,0,9,Spam
MSG12333,kyc-alert@fast-verify.com,user_276@example.com,Let's grab lunch after the distributed systems lab session.,2026-09-05 08:52:00,WhatsApp,Normal,59,10,0,2,0,8,Spam
MSG12335,colleague@vti.edu.in,user_216@example.com,"Hi Team, the project review meeting has been rescheduled to tomorrow morning at 10 AM.",2026-09-18 03:39:00,WhatsApp,Normal,86,15,2,2,0,14,Spam
MSG12336,support@bank-verify.net,+919123450395,Boost your Instagram followers by 10k in 24 hours! Visit www.socialgrow.xyz now!,2026-09-03 05:44:00,VoIP,Spam,80,14,4,4,1,11,Fraud
MSG12338,offers@megasale.xyz,user_108@example.com,Meeting confirmed for tomorrow at 11 AM in Lab 304.,2026-09-07 01:22:00,Email,Normal,51,10,5,1,0,9,Spam
MSG12339,+917766554433,user_300@example.com,Let's grab lunch after the distributed systems lab session.,2026-09-25 09:20:00,WhatsApp,Normal,59,10,0,2,0,8,Spam
MSG12340,+919820112233,+919123450233,Please verify your attendance record on the college ERP portal before Friday.,2026-09-09 09:49:00,WhatsApp,Normal,77,12,0,1,0,10,Spam
MSG12341,alerts@security-update.org,user_364@example.com,Here is the Zoom link for today's Big Data workshop: https://zoom.us/j/9812345678 Passcode: 102938,2026-09-18 12:58:00,Email,Normal,98,18,16,9,1,12,Fraud
MSG12342,+918877665544,user_304@example.com,Unsubscribe from daily promotional alerts by clicking http://optout-deals.com or replying STOP.,2026-09-12 08:34:00,WhatsApp,Spam,95,14,0,6,1,7,Spam
MSG12343,kyc-alert@fast-verify.com,user_416@example.com,Can you send me the practical lab manual for Apache Spark?,2026-09-09 02:38:00,WhatsApp,Normal,58,11,0,1,0,10,Spam
MSG12344,student1@somaiya.edu,user_308@example.com,"Your salary payment of $3,200 was credited to your bank account #8912. Statement at https://mybank.com/stmt",2026-09-08 13:13:00,WhatsApp,Normal,107,19,8,9,1,3,Fraud
MSG12345,+919988776655,user_288@example.com,"Hi, please check your email or visit https://github.com/mumbai-univ/big-data-proj for project slides.",2026-09-11 01:36:00,VoIP,Normal,101,18,0,11,1,10,Spam
MSG12346,refund@tax-gov.org,user_120@example.com,Our project advisor offered extra lab hours for Apache Spark model tuning.,2026-09-14 14:31:00,VoIP,Normal,74,12,0,1,0,9,Spam
MSG12347,offers@megasale.xyz,+919123450487,"URGENT: Your Amazon account has been locked due to suspicious purchase of $1,200. Verify identity at http://amazon-account-security-check.com",2026-09-03 06:13:00,WhatsApp,Fraud,141,23,4,11,1,4,Fraud
MSG12349,friend@gmail.com,+919123450293,The store issued a full refund of $35 for your returned item. Note ref: #186,2026-09-20 01:07:00,WhatsApp,Normal,76,15,5,4,0,9,Spam
MSG12350,colleague@vti.edu.in,user_358@example.com,"Congratulations! Your mobile number won 50,000 reward points! Redeem at www.rewardpoints.com",2026-09-11 14:42:00,SMS,Spam,92,14,5,5,1,6,Fraud
MSG12351,colleague@vti.edu.in,+919123450365,Boost your Instagram followers by 10k in 24 hours! Visit www.socialgrow.xyz now!,2026-09-13 20:50:00,Email,Spam,80,14,4,4,1,11,Fraud
MSG12354,info@superdeals.com,+919123450369,Our project advisor offered extra lab hours for Apache Spark model tuning.,2026-09-15 16:08:00,WhatsApp,Normal,74,12,0,1,0,9,Spam
MSG12356,refund@tax-gov.org,+919123450469,Meeting confirmed for tomorrow at 11 AM in Lab 304.,2026-09-26 02:36:00,SMS,Normal,51,10,5,1,0,9,Spam
MSG12359,colleague@vti.edu.in,user_354@example.com,Earn $500/day working from home with no investment required! Sign up at http://easycash.net,2026-09-19 01:15:00,WhatsApp,Spam,91,16,3,7,1,1,Spam
MSG12360,colleague@vti.edu.in,user_104@example.com,The exam timetable for 7th semester engineering has been published on portal.,2026-09-09 17:52:00,SMS,Normal,77,12,1,1,0,11,Spam
MSG12361,+919820112233,user_400@example.com,"Hey, are we still meeting for the Big Data lecture at 2 PM in Lab 304?",2026-09-16 13:27:00,SMS,Normal,70,16,4,2,0,15,Spam
MSG12362,colleague@vti.edu.in,user_106@example.com,Flat 50% discount on online coding courses! Limited seats remaining. Enrol today at www.learnfast.org,2026-09-18 12:06:00,Email,Spam,101,16,2,5,1,11,Spam
MSG12363,admin@college.edu.in,+919123450473,"Your salary payment of $3,200 was credited to your bank account #8912. Statement at https://mybank.com/stmt",2026-09-06 18:44:00,WhatsApp,Normal,107,19,8,9,1,3,Fraud
MSG12366,colleague@vti.edu.in,user_344@example.com,The professor updated the syllabus on the college portal. Check https://portal.somaiya.edu/syllabus,2026-09-02 12:48:00,WhatsApp,Normal,99,15,0,7,1,10,Spam
MSG12368,refund@tax-gov.org,user_240@example.com,Special discount on summer online courses. Limited seats available today! Call 1800-9988-77. Code: 4934,2026-09-16 16:51:00,WhatsApp,Spam,103,16,14,6,0,12,Spam
MSG12369,+919876543210,user_456@example.com,Can you send me the practical lab manual for Apache Spark?,2026-09-07 06:03:00,WhatsApp,Normal,58,11,0,1,0,10,Spam
MSG12371,+919876543210,+919123450365,Reminder: Library books are due for return by Friday 5 PM.,2026-09-06 15:15:00,SMS,Normal,58,11,1,2,0,10,Spam
MSG12372,+919820112233,+919123450121,Try our new weight loss supplement for FREE! Order trial pack at www.fitlife.net,2026-09-03 20:29:00,Email,Spam,80,15,0,3,1,6,Spam
MSG12373,kyc-alert@fast-verify.com,+919123450411,Are you available for a quick phone call regarding the group project?,2026-09-02 13:47:00,SMS,Normal,69,12,0,1,0,11,Spam
MSG12375,suresh.driver@uber.com,user_282@example.com,"FRAUD ALERT: Suspicious transaction of $899 detected on your Credit Card ending 4321. If not done by you, verify details at http://card-security-alert.net",2026-09-20 21:26:00,SMS,Fraud,154,26,7,10,1,4,Fraud
MSG12378,+919820112233,user_370@example.com,Happy Birthday! Hope you have a fantastic day ahead with family.,2026-09-10 03:58:00,VoIP,Normal,64,11,0,2,0,10,Spam
MSG12380,+917766554433,+919123450127,"Your salary payment of $3,200 was credited to your bank account #8912. Statement at https://mybank.com/stmt",2026-09-18 04:45:00,SMS,Normal,107,19,8,9,1,3,Fraud
MSG12381,+919876543210,+919123450359,My bank branch is closed tomorrow due to a public holiday. Note ref: #941,2026-09-04 06:49:00,WhatsApp,Normal,73,14,3,3,0,12,Spam
MSG12382,+919820112233,+919123450465,"Congratulations! Your mobile number won 50,000 reward points! Redeem at www.rewardpoints.com",2026-09-12 22:47:00,VoIP,Spam,92,14,5,5,1,6,Fraud
MSG12383,service@amazon.in,user_492@example.com,Thanks for sharing the study notes for the upcoming viva exams.,2026-09-14 19:45:00,VoIP,Normal,63,11,0,1,0,10,Spam
MSG12386,student1@somaiya.edu,+919123450391,Our project advisor offered extra lab hours for Apache Spark model tuning.,2026-09-09 07:16:00,Email,Normal,74,12,0,1,0,9,Spam
MSG12387,alerts@security-update.org,user_250@example.com,ATTENTION: Your electricity bill of $240 is unpaid. Power supply will be disconnected at 9 PM. Pay immediately at http://power-bill-pay.com or call 9876543210!,2026-09-20 21:32:00,Email,Fraud,159,27,14,11,1,22,Fraud
MSG12389,service@amazon.in,+919123450115,"Your salary payment of $3,200 was credited to your bank account #8912. Statement at https://mybank.com/stmt Note ref: #882",2026-09-09 05:57:00,VoIP,Normal,122,22,11,11,1,6,Fraud
MSG12390,alerts@security-update.org,user_366@example.com,"Congratulations! Your mobile number won 50,000 reward points! Redeem at www.rewardpoints.com",2026-09-16 03:50:00,Email,Spam,92,14,5,5,1,6,Fraud
MSG12392,offers@megasale.xyz,user_308@example.com,"Congratulations! Your mobile number won 50,000 reward points! Redeem at www.rewardpoints.com",2026-09-07 19:36:00,SMS,Spam,92,14,5,5,1,6,Fraud
MSG12395,offers@megasale.xyz,user_308@example.com,Limited time clearance sale! Up to 90% off electronics at http://mega-sale-online.com,2026-09-11 04:37:00,SMS,Spam,85,15,2,8,1,10,Spam
MSG12398,student1@somaiya.edu,user_360@example.com,"Hi Team, the project review meeting has been rescheduled to tomorrow morning at 10 AM.",2026-09-03 04:18:00,WhatsApp,Normal,86,15,2,2,0,14,Spam
MSG12400,kyc-alert@fast-verify.com,user_132@example.com,Reminder: Library books are due for return by Friday 5 PM.,2026-09-06 15:33:00,SMS,Normal,58,11,1,2,0,10,Spam
MSG12402,kyc-alert@fast-verify.com,user_370@example.com,CONGRATS! You have won a free iPhone 15 Pro Max! Click http://win-iphone.xyz to claim now! Code: 2084,2026-09-14 01:00:00,SMS,Spam,101,20,6,9,1,5,Fraud
MSG12403,suresh.driver@uber.com,+919123450127,"Your salary payment of $3,200 was credited to your bank account #8912. Statement at https://mybank.com/stmt",2026-09-19 21:24:00,VoIP,Normal,107,19,8,9,1,3,Fraud
MSG12405,admin@college.edu.in,user_238@example.com,Your Uber ride is arriving in 3 minutes. Driver: Suresh (MH-02-AB-1234).,2026-09-23 20:57:00,SMS,Normal,72,14,7,8,0,10,Spam
MSG12409,admin@college.edu.in,+919123450111,Meeting confirmed for tomorrow at 11 AM in Lab 304. Note ref: #896,2026-09-25 04:19:00,VoIP,Normal,66,13,8,3,0,12,Spam
MSG12410,info@superdeals.com,+919123450203,Get instant credit score check for FREE! No hidden charges. Visit http://free-credit-check.org Code: 4199,2026-09-11 21:31:00,VoIP,Spam,105,18,4,9,1,6,Fraud
MSG12411,suresh.driver@uber.com,+919123450283,"Hi Team, the project review meeting has been rescheduled to tomorrow morning at 10 AM.",2026-09-10 13:18:00,Email,Normal,86,15,2,2,0,14,Spam
MSG12416,student1@somaiya.edu,+919123450257,Can you send me the practical lab manual for Apache Spark?,2026-09-03 13:43:00,WhatsApp,Normal,58,11,0,1,0,10,Spam
MSG12417,suresh.driver@uber.com,user_124@example.com,"Win a jackpot of $10,000 in our lucky draw! Text WIN to 58888 now to enter!",2026-09-19 08:05:00,Email,Spam,75,17,10,4,0,13,Spam
MSG12418,+917766554433,user_320@example.com,Please find attached the project submission guidelines for Semester 7.,2026-09-14 07:02:00,WhatsApp,Normal,70,10,1,1,0,9,Spam
MSG12419,admin@college.edu.in,user_152@example.com,INCOME TAX WARNING: Legal action initiated against your PAN for tax evasion. Call immediately at +91-9988776655 to settle compliance.,2026-09-22 17:48:00,VoIP,Fraud,133,20,12,5,0,10,Spam
MSG12420,friend@gmail.com,+919123450441,"Hi Team, the project review meeting has been rescheduled to tomorrow morning at 10 AM.",2026-09-09 19:52:00,Email,Normal,86,15,2,2,0,14,Spam
MSG12421,friend@gmail.com,+919123450401,Thanks for sharing the study notes for the upcoming viva exams.,2026-09-05 23:46:00,Email,Normal,63,11,0,1,0,10,Spam
MSG12422,service@amazon.in,+919123450187,Get instant credit score check for FREE! No hidden charges. Visit http://free-credit-check.org,2026-09-23 16:38:00,WhatsApp,Spam,94,16,0,8,1,4,Spam
MSG12423,service@amazon.in,user_218@example.com,Super offer! Get unlimited streaming for just $5 per month. Sign up today.,2026-09-06 13:35:00,Email,Spam,74,13,1,4,0,12,Spam
MSG12427,+919988776655,+919123450107,URGENT: Your debit card PIN was entered incorrectly 3 times. Visit your local bank branch or call 1800-112-211 immediately.,2026-09-01 10:27:00,WhatsApp,Fraud,123,21,11,5,0,7,Spam
MSG12428,support@bank-verify.net,user_192@example.com,"Hi Team, the project review meeting has been rescheduled to tomorrow morning at 10 AM. Note ref: #960",2026-09-17 05:31:00,Email,Normal,101,18,5,4,0,17,Spam
MSG12430,kyc-alert@fast-verify.com,+919123450391,ATTENTION: Your electricity bill of $240 is unpaid. Power supply will be disconnected at 9 PM. Pay immediately at http://power-bill-pay.com or call 9876543210!,2026-09-04 15:35:00,Email,Fraud,159,27,14,11,1,22,Fraud
MSG12432,+919876543210,+919123450385,Good morning! Hope you have a productive week ahead.,2026-09-12 00:55:00,WhatsApp,Normal,52,9,0,2,0,8,Spam
MSG12433,+919820112233,+919123450181,Meeting confirmed for tomorrow at 11 AM in Lab 304.,2026-09-03 01:16:00,Email,Normal,51,10,5,1,0,9,Spam
MSG12440,friend@gmail.com,user_296@example.com,Exclusive VIP pass for tech conference! Claim your free seat at http://techvip-pass.com,2026-09-21 04:44:00,Email,Spam,87,15,0,6,1,4,Spam
MSG12441,+919988776655,+919123450263,My bank branch is closed tomorrow due to a public holiday.,2026-09-23 19:28:00,Email,Normal,58,11,0,1,0,9,Spam
MSG12442,suresh.driver@uber.com,user_448@example.com,SECURITY NOTICE: Your SBI net banking account was accessed from unauthorized location. Click http://sbi-login-verify.com to secure your account immediately!,2026-09-19 11:22:00,SMS,Fraud,156,23,0,9,1,11,Spam
MSG12445,support@bank-verify.net,user_498@example.com,"Win a jackpot of $10,000 in our lucky draw! Text WIN to 58888 now to enter!",2026-09-18 09:05:00,WhatsApp,Spam,75,17,10,4,0,13,Spam
MSG12446,kyc-alert@fast-verify.com,+919123450335,Thanks for sharing the study notes for the upcoming viva exams.,2026-09-10 06:12:00,VoIP,Normal,63,11,0,1,0,10,Spam
MSG12448,alerts@security-update.org,+919123450199,Get instant credit score check for FREE! No hidden charges. Visit http://free-credit-check.org,2026-09-16 19:34:00,SMS,Spam,94,16,0,8,1,4,Spam
MSG12449,suresh.driver@uber.com,+919123450195,Let's grab lunch after the distributed systems lab session. Note ref: #796,2026-09-23 07:53:00,WhatsApp,Normal,74,13,3,4,0,11,Spam
MSG12450,support@bank-verify.net,user_306@example.com,Your Amazon order #408-1928374 of $45.50 has been delivered. Track at https://www.amazon.in/order-tracking,2026-09-11 10:46:00,Email,Normal,106,19,14,12,1,11,Fraud
MSG12452,offers@megasale.xyz,+919123450113,My bank branch is closed tomorrow due to a public holiday.,2026-09-24 22:48:00,VoIP,Normal,58,11,0,1,0,9,Spam
MSG12455,colleague@vti.edu.in,+919123450395,Flat 50% discount on online coding courses! Limited seats remaining. Enrol today at www.learnfast.org,2026-09-06 11:38:00,SMS,Spam,101,16,2,5,1,11,Spam
MSG12456,+919876543210,+919123450201,URGENT: Income tax department flagged your account for unpaid dues. Contact officer at +919820112233.,2026-09-12 01:47:00,WhatsApp,Fraud,101,14,12,4,0,13,Spam
MSG12458,suresh.driver@uber.com,+919123450203,Good morning! Hope you have a productive week ahead. Note ref: #947,2026-09-11 04:34:00,SMS,Normal,67,12,3,4,0,11,Spam
MSG12459,info@superdeals.com,user_314@example.com,Boost your Instagram followers by 10k in 24 hours! Visit www.socialgrow.xyz now!,2026-09-25 04:55:00,VoIP,Spam,80,14,4,4,1,11,Fraud
MSG12460,suresh.driver@uber.com,+919123450123,"Hi, please check your email or visit https://github.com/mumbai-univ/big-data-proj for project slides.",2026-09-13 10:16:00,SMS,Normal,101,18,0,11,1,10,Spam
MSG12461,+917766554433,+919123450245,ALERT: Your Paytm Wallet has been restricted. Share your OTP 482910 with our support agent to unblock your wallet instantly.,2026-09-02 22:26:00,SMS,Fraud,124,20,6,3,0,12,Spam
MSG12463,+919820112233,+919123450239,Exclusive loan offer at 0% interest rate! Apply instantly at http://quickloan-approval.com,2026-09-07 05:44:00,WhatsApp,Spam,90,14,1,7,1,3,Spam
MSG12466,refund@tax-gov.org,+919123450375,BANK NOTICE: Your account #4092 is suspended. Please verify identity at nearest branch or call +919988776655.,2026-09-14 01:19:00,VoIP,Fraud,109,16,16,5,0,9,Spam
MSG12467,suresh.driver@uber.com,+919123450361,Thanks for sharing the study notes for the upcoming viva exams.,2026-09-14 01:24:00,WhatsApp,Normal,63,11,0,1,0,10,Spam
MSG12473,service@amazon.in,user_384@example.com,Here is the Zoom link for today's Big Data workshop: https://zoom.us/j/9812345678 Passcode: 102938 Note ref: #308,2026-09-05 21:37:00,Email,Normal,113,21,19,11,1,15,Fraud
MSG12476,student1@somaiya.edu,+919123450429,"Your salary payment of $3,200 was credited to your bank account #8912. Statement at https://mybank.com/stmt",2026-09-08 03:31:00,VoIP,Normal,107,19,8,9,1,3,Fraud
MSG12477,colleague@vti.edu.in,user_478@example.com,Exclusive loan offer at 0% interest rate! Apply instantly at http://quickloan-approval.com,2026-09-18 02:51:00,Email,Spam,90,14,1,7,1,3,Spam
MSG12480,+919820112233,user_146@example.com,Special Offer: Get 80% OFF on all branded shoes! Visit www.superdeals.com before offer ends!,2026-09-20 05:41:00,Email,Spam,92,16,2,6,1,2,Spam
MSG12481,refund@tax-gov.org,user_276@example.com,Thanks for sharing the study notes for the upcoming viva exams.,2026-09-25 13:38:00,SMS,Normal,63,11,0,1,0,10,Spam
MSG12484,+919876543210,user_266@example.com,Reminder: Library books are due for return by Friday 5 PM.,2026-09-05 10:33:00,Email,Normal,58,11,1,2,0,10,Spam
MSG12487,refund@tax-gov.org,+919123450467,I paid the exam registration fee of $120 via net banking. Transaction ID #TXN98123.,2026-09-09 19:19:00,Email,Normal,83,14,8,4,0,4,Spam
MSG12489,suresh.driver@uber.com,user_436@example.com,ATTENTION: Your electricity bill of $240 is unpaid. Power supply will be disconnected at 9 PM. Pay immediately at http://power-bill-pay.com or call 9876543210!,2026-09-15 03:10:00,SMS,Fraud,159,27,14,11,1,22,Fraud
MSG12491,student1@somaiya.edu,user_236@example.com,Free home delivery on all grocery orders above $30. Order now at local store!,2026-09-06 21:25:00,VoIP,Spam,77,14,2,3,0,13,Spam
MSG12492,friend@gmail.com,user_212@example.com,"Your salary payment of $3,200 was credited to your bank account #8912. Statement at https://mybank.com/stmt",2026-09-19 05:21:00,Email,Normal,107,19,8,9,1,3,Fraud
MSG12493,admin@college.edu.in,+919123450229,"Hey, are we still meeting for the Big Data lecture at 2 PM in Lab 304?",2026-09-06 15:13:00,VoIP,Normal,70,16,4,2,0,15,Spam
MSG12494,refund@tax-gov.org,+919123450101,Good morning! Hope you have a productive week ahead.,2026-09-09 06:24:00,Email,Normal,52,9,0,2,0,8,Spam
MSG12498,support@bank-verify.net,+919123450119,Special Offer: Get 80% OFF on all branded shoes! Visit www.superdeals.com before offer ends!,2026-09-13 09:47:00,SMS,Spam,92,16,2,6,1,2,Spam
MSG12500,offers@megasale.xyz,user_194@example.com,Boost your Instagram followers by 10k in 24 hours! Visit www.socialgrow.xyz now!,2026-09-25 16:21:00,Email,Spam,80,14,4,4,1,11,Fraud
MSG12501,+919876543210,+919123450203,Please find attached the project submission guidelines for Semester 7.,2026-09-13 23:47:00,SMS,Normal,70,10,1,1,0,9,Spam
MSG12502,+918877665544,+919123450393,INCOME TAX WARNING: Legal action initiated against your PAN for tax evasion. Call immediately at +91-9988776655 to settle compliance.,2026-09-06 07:34:00,WhatsApp,Fraud,133,20,12,5,0,10,Spam
MSG12504,offers@megasale.xyz,+919123450439,Claim your $100 shopping voucher today! Reply CLAIM to 56767 to activate.,2026-09-05 13:00:00,SMS,Spam,73,12,8,3,0,5,Spam
MSG12506,friend@gmail.com,user_142@example.com,BANK NOTICE: Your account #4092 is suspended. Please verify identity at nearest branch or call +919988776655.,2026-09-24 01:59:00,Email,Fraud,109,16,16,5,0,9,Spam
MSG12509,+918877665544,+919123450159,Meeting confirmed for tomorrow at 11 AM in Lab 304.,2026-09-18 17:52:00,SMS,Normal,51,10,5,1,0,9,Spam
MSG12517,offers@megasale.xyz,+919123450279,"Hey bro, did you complete the Hadoop installation step on your laptop?",2026-09-04 08:06:00,VoIP,Normal,70,12,0,2,0,11,Spam
MSG12520,service@amazon.in,+919123450283,ATTENTION: Your electricity bill of $240 is unpaid. Power supply will be disconnected at 9 PM. Pay immediately at http://power-bill-pay.com or call 9876543210! Case: #35002,2026-09-25 21:25:00,WhatsApp,Fraud,172,29,19,13,1,24,Fraud
MSG12524,+918877665544,user_320@example.com,Please find attached the project submission guidelines for Semester 7.,2026-09-02 08:26:00,VoIP,Normal,70,10,1,1,0,9,Spam
MSG12525,student1@somaiya.edu,+919123450371,"Hi Team, the project review meeting has been rescheduled to tomorrow morning at 10 AM.",2026-09-16 21:58:00,SMS,Normal,86,15,2,2,0,14,Spam
MSG12526,+919820112233,+919123450213,Thanks for sharing the study notes for the upcoming viva exams.,2026-09-02 19:22:00,WhatsApp,Normal,63,11,0,1,0,10,Spam
MSG12527,kyc-alert@fast-verify.com,user_354@example.com,Don't forget to submit the assignment before midnight today. Note ref: #471,2026-09-18 02:34:00,VoIP,Normal,75,13,3,4,0,11,Spam
MSG12530,+919820112233,user_156@example.com,Get instant credit score check for FREE! No hidden charges. Visit http://free-credit-check.org,2026-09-04 00:52:00,SMS,Spam,94,16,0,8,1,4,Spam
MSG12531,+919820112233,+919123450477,Special discount on summer online courses. Limited seats available today! Call 1800-9988-77. Code: 4395,2026-09-11 19:03:00,VoIP,Spam,103,16,14,6,0,12,Spam
MSG12532,+918877665544,user_350@example.com,Reminder: Library books are due for return by Friday 5 PM.,2026-09-20 14:54:00,Email,Normal,58,11,1,2,0,10,Spam
MSG12533,offers@megasale.xyz,+919123450329,Please verify your attendance record on the college ERP portal before Friday. Note ref: #199,2026-09-08 01:47:00,SMS,Normal,92,15,3,3,0,13,Spam
MSG12534,+919876543210,+919123450337,The store issued a full refund of $35 for your returned item. Note ref: #450,2026-09-10 05:31:00,SMS,Normal,76,15,5,4,0,9,Spam
MSG12535,alerts@security-update.org,+919123450127,"Hi, please check your email or visit https://github.com/mumbai-univ/big-data-proj for project slides.",2026-09-11 18:20:00,VoIP,Normal,101,18,0,11,1,10,Spam
MSG12538,offers@megasale.xyz,user_328@example.com,Please verify your attendance record on the college ERP portal before Friday.,2026-09-20 21:06:00,VoIP,Normal,77,12,0,1,0,10,Spam
MSG12539,+919820112233,user_270@example.com,Here is the Zoom link for today's Big Data workshop: https://zoom.us/j/9812345678 Passcode: 102938 Note ref: #223,2026-09-10 10:51:00,Email,Normal,113,21,19,11,1,15,Fraud
MSG12540,refund@tax-gov.org,user_230@example.com,"Win a jackpot of $10,000 in our lucky draw! Text WIN to 58888 now to enter!",2026-09-19 05:56:00,VoIP,Spam,75,17,10,4,0,13,Spam
MSG12541,+918877665544,user_368@example.com,"Hi Team, the project review meeting has been rescheduled to tomorrow morning at 10 AM. Note ref: #699",2026-09-07 14:58:00,Email,Normal,101,18,5,4,0,17,Spam
MSG12543,+919820112233,user_486@example.com,Your Amazon order #408-1928374 of $45.50 has been delivered. Track at https://www.amazon.in/order-tracking,2026-09-06 15:13:00,SMS,Normal,106,19,14,12,1,11,Fraud
MSG12549,service@amazon.in,+919123450295,Good morning! Hope you have a productive week ahead.,2026-09-05 23:28:00,WhatsApp,Normal,52,9,0,2,0,8,Spam
MSG12550,+919988776655,user_210@example.com,Reminder: Library books are due for return by Friday 5 PM.,2026-09-14 09:06:00,VoIP,Normal,58,11,1,2,0,10,Spam
MSG12554,+919876543210,+919123450363,ALERT: Your Paytm Wallet has been restricted. Share your OTP 482910 with our support agent to unblock your wallet instantly. Case: #71245,2026-09-25 22:25:00,VoIP,Fraud,137,22,11,5,0,14,Spam
MSG12558,student1@somaiya.edu,user_438@example.com,Your Paytm wallet is restricted due to incomplete e-KYC. Reply with OTP code 882910 to unblock immediately.,2026-09-04 13:07:00,SMS,Fraud,107,18,6,3,0,7,Spam
MSG12560,offers@megasale.xyz,+919123450367,Exclusive VIP pass for tech conference! Claim your free seat at http://techvip-pass.com,2026-09-21 08:59:00,Email,Spam,87,15,0,6,1,4,Spam
MSG12563,kyc-alert@fast-verify.com,user_388@example.com,"Win a jackpot of $10,000 in our lucky draw! Text WIN to 58888 now to enter!",2026-09-14 23:11:00,SMS,Spam,75,17,10,4,0,13,Spam
MSG12569,suresh.driver@uber.com,user_470@example.com,Free home delivery on all grocery orders above $30. Order now at local store!,2026-09-17 10:42:00,VoIP,Spam,77,14,2,3,0,13,Spam
MSG12571,student1@somaiya.edu,user_412@example.com,FINAL NOTICE: Court summons issued for unpaid loan. Contact advocate immediately or visit http://legal-notice-portal.com to avoid arrest.,2026-09-18 19:08:00,VoIP,Fraud,137,21,0,9,1,3,Spam
MSG12572,service@amazon.in,+919123450113,The store issued a full refund of $35 for your returned item.,2026-09-21 22:51:00,WhatsApp,Normal,61,12,2,2,0,6,Spam
MSG12573,+919988776655,+919123450387,"Hi Team, the project review meeting has been rescheduled to tomorrow morning at 10 AM. Note ref: #111",2026-09-05 23:38:00,WhatsApp,Normal,101,18,5,4,0,17,Spam
MSG12575,colleague@vti.edu.in,+919123450393,Please verify your attendance record on the college ERP portal before Friday.,2026-09-13 10:27:00,Email,Normal,77,12,0,1,0,10,Spam
MSG12577,+919988776655,+919123450485,Let's grab lunch after the distributed systems lab session.,2026-09-04 10:26:00,VoIP,Normal,59,10,0,2,0,8,Spam
MSG12578,+918877665544,+919123450253,Meeting confirmed for tomorrow at 11 AM in Lab 304.,2026-09-11 02:14:00,SMS,Normal,51,10,5,1,0,9,Spam
MSG12582,offers@megasale.xyz,user_242@example.com,My bank branch is closed tomorrow due to a public holiday. Note ref: #269,2026-09-23 21:19:00,WhatsApp,Normal,73,14,3,3,0,12,Spam
MSG12583,service@amazon.in,user_262@example.com,Don't forget to submit the assignment before midnight today.,2026-09-10 03:04:00,SMS,Normal,60,10,0,2,0,8,Spam
MSG12589,alerts@security-update.org,+919123450457,Meeting confirmed for tomorrow at 11 AM in Lab 304.,2026-09-21 08:58:00,VoIP,Normal,51,10,5,1,0,9,Spam
MSG12590,student1@somaiya.edu,user_452@example.com,The exam timetable for 7th semester engineering has been published on portal.,2026-09-16 05:31:00,SMS,Normal,77,12,1,1,0,11,Spam
MSG12592,offers@megasale.xyz,user_226@example.com,"Win a jackpot of $10,000 in our lucky draw! Text WIN to 58888 now to enter! Code: 8827",2026-09-03 08:35:00,VoIP,Spam,86,19,14,5,0,15,Spam
MSG12593,service@amazon.in,+919123450449,Can you send me the practical lab manual for Apache Spark?,2026-09-11 16:01:00,SMS,Normal,58,11,0,1,0,10,Spam
MSG12599,service@amazon.in,user_234@example.com,Please find attached the project submission guidelines for Semester 7.,2026-09-01 23:40:00,Email,Normal,70,10,1,1,0,9,Spam
MSG12600,offers@megasale.xyz,user_350@example.com,"Congratulations! Your mobile number won 50,000 reward points! Redeem at www.rewardpoints.com",2026-09-16 19:16:00,VoIP,Spam,92,14,5,5,1,6,Fraud
MSG12607,friend@gmail.com,+919123450259,SECURITY ALERT: Your net banking account #7819 was accessed from suspicious IP. Call customer care +919876543210 immediately to unblock.,2026-09-07 10:43:00,VoIP,Fraud,136,19,16,5,0,16,Spam
MSG12609,admin@college.edu.in,+919123450373,Flat 50% discount on online coding courses! Limited seats remaining. Enrol today at www.learnfast.org Code: 9247,2026-09-04 01:30:00,VoIP,Spam,112,18,6,6,1,13,Fraud
MSG12610,colleague@vti.edu.in,user_302@example.com,Please verify your attendance record on the college ERP portal before Friday. Note ref: #585,2026-09-23 20:09:00,VoIP,Normal,92,15,3,3,0,13,Spam
MSG12618,admin@college.edu.in,user_124@example.com,Our project advisor offered extra lab hours for Apache Spark model tuning.,2026-09-20 20:50:00,SMS,Normal,74,12,0,1,0,9,Spam
MSG12620,+919988776655,+919123450465,Earn $500/day working from home with no investment required! Sign up at http://easycash.net Code: 4171,2026-09-14 07:48:00,VoIP,Spam,102,18,7,8,1,3,Fraud
MSG12621,friend@gmail.com,+919123450449,Super offer! Get unlimited streaming for just $5 per month. Sign up today.,2026-09-21 20:20:00,SMS,Spam,74,13,1,4,0,12,Spam
MSG12627,colleague@vti.edu.in,+919123450135,"Congratulations! Your mobile number won 50,000 reward points! Redeem at www.rewardpoints.com Code: 2701",2026-09-21 09:11:00,VoIP,Spam,103,16,9,6,1,8,Fraud
MSG12628,+918877665544,+919123450317,Happy Birthday! Hope you have a fantastic day ahead with family.,2026-09-09 04:08:00,WhatsApp,Normal,64,11,0,2,0,10,Spam
MSG12629,offers@megasale.xyz,+919123450233,Let's grab lunch after the distributed systems lab session.,2026-09-20 18:56:00,WhatsApp,Normal,59,10,0,2,0,8,Spam
MSG12633,service@amazon.in,user_400@example.com,Super offer! Get unlimited streaming for just $5 per month. Sign up today.,2026-09-04 02:32:00,Email,Spam,74,13,1,4,0,12,Spam
MSG12634,+919988776655,+919123450345,Your Amazon order #408-1928374 of $45.50 has been delivered. Track at https://www.amazon.in/order-tracking,2026-09-13 19:32:00,SMS,Normal,106,19,14,12,1,11,Fraud
MSG12639,info@superdeals.com,user_188@example.com,Thanks for sharing the study notes for the upcoming viva exams.,2026-09-10 23:39:00,SMS,Normal,63,11,0,1,0,10,Spam
MSG12640,+919820112233,user_194@example.com,Don't forget to submit the assignment before midnight today. Note ref: #219,2026-09-09 07:56:00,Email,Normal,75,13,3,4,0,11,Spam
MSG12642,friend@gmail.com,user_466@example.com,"Hey, are we still meeting for the Big Data lecture at 2 PM in Lab 304?",2026-09-06 20:55:00,VoIP,Normal,70,16,4,2,0,15,Spam
MSG12643,info@superdeals.com,user_290@example.com,Can you send me the practical lab manual for Apache Spark?,2026-09-05 13:30:00,VoIP,Normal,58,11,0,1,0,10,Spam
MSG12644,student1@somaiya.edu,+919123450263,The store issued a full refund of $35 for your returned item.,2026-09-05 04:53:00,Email,Normal,61,12,2,2,0,6,Spam
MSG12649,kyc-alert@fast-verify.com,user_316@example.com,My bank branch is closed tomorrow due to a public holiday. Note ref: #543,2026-09-05 12:31:00,WhatsApp,Normal,73,14,3,3,0,12,Spam
MSG12653,info@superdeals.com,user_250@example.com,Unsubscribe from daily promotional alerts by clicking http://optout-deals.com or replying STOP.,2026-09-18 12:47:00,Email,Spam,95,14,0,6,1,7,Spam
MSG12655,service@amazon.in,+919123450385,Special discount on summer online courses. Limited seats available today! Call 1800-9988-77.,2026-09-22 20:04:00,SMS,Spam,92,14,10,5,0,10,Spam
MSG12658,alerts@security-update.org,user_164@example.com,CRITICAL ALERT: Your HDFC Bank account #9872 has been SUSPENDED due to pending KYC! Verify NOW at http://hdfc-kyc-update.net to avoid permanent block!,2026-09-05 07:00:00,SMS,Fraud,150,26,4,10,1,12,Fraud
MSG12659,offers@megasale.xyz,user_332@example.com,My bank branch is closed tomorrow due to a public holiday.,2026-09-18 15:12:00,Email,Normal,58,11,0,1,0,9,Spam
MSG12661,colleague@vti.edu.in,user_260@example.com,SBI URGENT: Download SBI Safety App APK immediately from http://sbi-secure-app.xyz to prevent account hacking!,2026-09-22 07:03:00,SMS,Fraud,110,18,0,8,1,8,Spam
MSG12662,+919988776655,+919123450349,Happy Birthday! Hope you have a fantastic day ahead with family.,2026-09-18 20:37:00,WhatsApp,Normal,64,11,0,2,0,10,Spam
MSG12664,friend@gmail.com,+919123450271,Thanks for sharing the study notes for the upcoming viva exams.,2026-09-21 18:43:00,SMS,Normal,63,11,0,1,0,10,Spam
MSG12667,colleague@vti.edu.in,user_164@example.com,Please find attached the project submission guidelines for Semester 7.,2026-09-07 18:35:00,SMS,Normal,70,10,1,1,0,9,Spam
MSG12668,+919820112233,+919123450463,Your Uber ride is arriving in 3 minutes. Driver: Suresh (MH-02-AB-1234).,2026-09-03 14:22:00,SMS,Normal,72,14,7,8,0,10,Spam
MSG12670,admin@college.edu.in,user_340@example.com,Are you available for a quick phone call regarding the group project?,2026-09-24 05:31:00,Email,Normal,69,12,0,1,0,11,Spam
MSG12671,admin@college.edu.in,user_102@example.com,Please verify your attendance record on the college ERP portal before Friday.,2026-09-05 09:10:00,SMS,Normal,77,12,0,1,0,10,Spam
MSG12672,colleague@vti.edu.in,+919123450193,"Your salary payment of $3,200 was credited to your bank account #8912. Statement at https://mybank.com/stmt",2026-09-13 05:58:00,Email,Normal,107,19,8,9,1,3,Fraud
MSG12673,+918877665544,+919123450299,Huge End-of-Season Sale! Buy 1 Get 2 Free on all clothing items at www.fashionstore.com Code: 7876,2026-09-01 14:49:00,WhatsApp,Spam,98,20,6,6,1,8,Fraud
MSG12674,+919876543210,user_146@example.com,Please find attached the project submission guidelines for Semester 7.,2026-09-18 06:06:00,SMS,Normal,70,10,1,1,0,9,Spam
MSG12677,+919988776655,user_202@example.com,SBI URGENT: Download SBI Safety App APK immediately from http://sbi-secure-app.xyz to prevent account hacking! Case: #84647,2026-09-02 19:51:00,SMS,Fraud,123,20,5,10,1,10,Fraud
MSG12678,+919820112233,user_102@example.com,"Hi, please check your email or visit https://github.com/mumbai-univ/big-data-proj for project slides.",2026-09-13 00:05:00,VoIP,Normal,101,18,0,11,1,10,Spam
MSG12680,colleague@vti.edu.in,+919123450339,"Your salary payment of $3,200 was credited to your bank account #8912. Statement at https://mybank.com/stmt",2026-09-11 01:01:00,VoIP,Normal,107,19,8,9,1,3,Fraud
MSG12681,admin@college.edu.in,user_242@example.com,FINAL NOTICE: Court summons issued for unpaid loan. Contact advocate immediately or visit http://legal-notice-portal.com to avoid arrest.,2026-09-06 14:13:00,VoIP,Fraud,137,21,0,9,1,3,Spam
MSG12684,kyc-alert@fast-verify.com,+919123450213,Our project advisor offered extra lab hours for Apache Spark model tuning.,2026-09-04 11:03:00,Email,Normal,74,12,0,1,0,9,Spam
MSG12688,student1@somaiya.edu,+919123450377,My bank branch is closed tomorrow due to a public holiday.,2026-09-26 05:38:00,Email,Normal,58,11,0,1,0,9,Spam
MSG12689,alerts@security-update.org,+919123450295,Thanks for sharing the study notes for the upcoming viva exams.,2026-09-19 19:20:00,WhatsApp,Normal,63,11,0,1,0,10,Spam
MSG12690,+919876543210,user_328@example.com,Your Paytm wallet is restricted due to incomplete e-KYC. Reply with OTP code 882910 to unblock immediately. Case: #53777,2026-09-13 22:13:00,VoIP,Fraud,120,20,11,5,0,9,Spam
MSG12692,support@bank-verify.net,+919123450473,"TAX REFUND NOTICE: You are eligible for an income tax refund of $1,450. Click http://income-tax-refund-portal.net to claim your refund to bank account.",2026-09-02 21:09:00,SMS,Fraud,151,28,4,12,1,11,Fraud
MSG12695,kyc-alert@fast-verify.com,user_148@example.com,SBI URGENT: Download SBI Safety App APK immediately from http://sbi-secure-app.xyz to prevent account hacking!,2026-09-07 19:27:00,SMS,Fraud,110,18,0,8,1,8,Spam
MSG12696,refund@tax-gov.org,+919123450449,Happy Birthday! Hope you have a fantastic day ahead with family.,2026-09-03 18:57:00,VoIP,Normal,64,11,0,2,0,10,Spam
MSG12697,+919820112233,+919123450307,"Win a jackpot of $10,000 in our lucky draw! Text WIN to 58888 now to enter!",2026-09-11 23:22:00,WhatsApp,Spam,75,17,10,4,0,13,Spam
MSG12698,+918877665544,+919123450449,Let's grab lunch after the distributed systems lab session.,2026-09-01 08:42:00,Email,Normal,59,10,0,2,0,8,Spam
MSG12701,offers@megasale.xyz,+919123450435,The store issued a full refund of $35 for your returned item.,2026-09-21 08:45:00,WhatsApp,Normal,61,12,2,2,0,6,Spam
MSG12702,refund@tax-gov.org,user_244@example.com,Super offer! Get unlimited streaming for just $5 per month. Sign up today.,2026-09-23 17:44:00,SMS,Spam,74,13,1,4,0,12,Spam
MSG12704,+919820112233,user_218@example.com,Claim your $100 shopping voucher today! Reply CLAIM to 56767 to activate.,2026-09-03 12:35:00,SMS,Spam,73,12,8,3,0,5,Spam
MSG12705,info@superdeals.com,+919123450255,Reminder: Library books are due for return by Friday 5 PM.,2026-09-10 14:01:00,SMS,Normal,58,11,1,2,0,10,Spam
MSG12708,alerts@security-update.org,user_434@example.com,Meeting confirmed for tomorrow at 11 AM in Lab 304.,2026-09-09 06:20:00,WhatsApp,Normal,51,10,5,1,0,9,Spam
MSG12710,service@amazon.in,+919123450349,Reminder: Library books are due for return by Friday 5 PM. Note ref: #160,2026-09-02 04:59:00,SMS,Normal,73,14,4,4,0,13,Spam
MSG12711,+919876543210,+919123450137,"Hi, please check your email or visit https://github.com/mumbai-univ/big-data-proj for project slides.",2026-09-21 07:45:00,VoIP,Normal,101,18,0,11,1,10,Spam
MSG12713,student1@somaiya.edu,+919123450257,Unsubscribe from daily promotional alerts by clicking http://optout-deals.com or replying STOP.,2026-09-11 13:47:00,WhatsApp,Spam,95,14,0,6,1,7,Spam
MSG12715,offers@megasale.xyz,+919123450105,Are you available for a quick phone call regarding the group project?,2026-09-23 18:44:00,SMS,Normal,69,12,0,1,0,11,Spam
MSG12717,+919876543210,+919123450421,Please verify your attendance record on the college ERP portal before Friday.,2026-09-08 03:14:00,Email,Normal,77,12,0,1,0,10,Spam
MSG12719,service@amazon.in,user_446@example.com,"Your salary payment of $3,200 was credited to your bank account #8912. Statement at https://mybank.com/stmt",2026-09-17 13:01:00,SMS,Normal,107,19,8,9,1,3,Fraud
MSG12720,service@amazon.in,+919123450361,"Your salary payment of $3,200 was credited to your bank account #8912. Statement at https://mybank.com/stmt",2026-09-12 09:23:00,WhatsApp,Normal,107,19,8,9,1,3,Fraud
MSG12723,service@amazon.in,+919123450259,"TAX REFUND NOTICE: You are eligible for an income tax refund of $1,450. Click http://income-tax-refund-portal.net to claim your refund to bank account. Case: #87780",2026-09-19 07:42:00,Email,Fraud,164,30,9,14,1,13,Fraud
MSG12726,+917766554433,user_146@example.com,Exclusive loan offer at 0% interest rate! Apply instantly at http://quickloan-approval.com Code: 8289,2026-09-08 17:03:00,WhatsApp,Spam,101,16,5,8,1,5,Fraud
MSG12728,support@bank-verify.net,user_134@example.com,Meeting confirmed for tomorrow at 11 AM in Lab 304.,2026-09-25 04:49:00,WhatsApp,Normal,51,10,5,1,0,9,Spam
MSG12731,suresh.driver@uber.com,+919123450391,Please verify your attendance record on the college ERP portal before Friday.,2026-09-22 17:51:00,VoIP,Normal,77,12,0,1,0,10,Spam
MSG12733,info@superdeals.com,user_134@example.com,SECURITY ALERT: Your net banking account #7819 was accessed from suspicious IP. Call customer care +919876543210 immediately to unblock.,2026-09-08 08:50:00,VoIP,Fraud,136,19,16,5,0,16,Spam
MSG12734,support@bank-verify.net,user_360@example.com,"Hey bro, did you complete the Hadoop installation step on your laptop?",2026-09-16 10:18:00,WhatsApp,Normal,70,12,0,2,0,11,Spam
MSG12735,+917766554433,+919123450363,DEAR CUSTOMER: Your SIM card will be deactivated today due to non-verification. Complete e-KYC now at http://sim-kyc-update-online.com,2026-09-08 23:38:00,Email,Fraud,134,24,0,11,1,2,Spam
MSG12736,+919876543210,user_190@example.com,BIG WEEKEND SALE! Get 50% discount on all branded apparel! Reply YES for coupon code.,2026-09-14 17:43:00,Email,Spam,85,15,2,4,0,9,Spam
MSG12738,admin@college.edu.in,+919123450435,Let's grab lunch after the distributed systems lab session.,2026-09-07 07:49:00,Email,Normal,59,10,0,2,0,8,Spam
MSG12739,+918877665544,+919123450315,URGENT: Your debit card PIN was entered incorrectly 3 times. Visit your local bank branch or call 1800-112-211 immediately.,2026-09-10 06:23:00,WhatsApp,Fraud,123,21,11,5,0,7,Spam
MSG12740,+919820112233,+919123450165,Exclusive loan offer at 0% interest rate! Apply instantly at http://quickloan-approval.com,2026-09-10 19:02:00,SMS,Spam,90,14,1,7,1,3,Spam
MSG12741,+919988776655,user_212@example.com,URGENT SECURITY: Your WhatsApp account code is 918-243. Never share this code with anyone. Click http://whatsapp-verify-security.com to protect.,2026-09-07 06:37:00,Email,Fraud,144,23,6,11,1,4,Fraud
MSG12743,+919988776655,+919123450357,Are you available for a quick phone call regarding the group project? Note ref: #895,2026-09-20 08:29:00,SMS,Normal,84,15,3,3,0,14,Spam
MSG12744,kyc-alert@fast-verify.com,user_200@example.com,Please find attached the project submission guidelines for Semester 7.,2026-09-03 22:44:00,SMS,Normal,70,10,1,1,0,9,Spam
MSG12746,alerts@security-update.org,+919123450167,"Hey bro, did you complete the Hadoop installation step on your laptop? Note ref: #650",2026-09-02 09:01:00,SMS,Normal,85,15,3,4,0,14,Spam
MSG12747,friend@gmail.com,user_252@example.com,Super offer! Get unlimited streaming for just $5 per month. Sign up today. Code: 2212,2026-09-03 04:38:00,VoIP,Spam,85,15,5,5,0,14,Spam
MSG12749,admin@college.edu.in,user_134@example.com,The store issued a full refund of $35 for your returned item.,2026-09-19 04:02:00,VoIP,Normal,61,12,2,2,0,6,Spam
MSG12750,info@superdeals.com,user_160@example.com,"Hey bro, did you complete the Hadoop installation step on your laptop? Note ref: #989",2026-09-23 11:46:00,VoIP,Normal,85,15,3,4,0,14,Spam
MSG12751,offers@megasale.xyz,+919123450313,Please find attached the project submission guidelines for Semester 7.,2026-09-22 06:59:00,VoIP,Normal,70,10,1,1,0,9,Spam
MSG12753,student1@somaiya.edu,+919123450397,Boost your Instagram followers by 10k in 24 hours! Visit www.socialgrow.xyz now!,2026-09-12 22:14:00,WhatsApp,Spam,80,14,4,4,1,11,Fraud
MSG12755,service@amazon.in,user_276@example.com,Unsubscribe from daily promotional alerts by clicking http://optout-deals.com or replying STOP.,2026-09-15 02:11:00,SMS,Spam,95,14,0,6,1,7,Spam
MSG12757,admin@college.edu.in,user_210@example.com,Don't forget to submit the assignment before midnight today. Note ref: #250,2026-09-07 14:07:00,VoIP,Normal,75,13,3,4,0,11,Spam
MSG12762,+919876543210,user_286@example.com,"TAX REFUND NOTICE: You are eligible for an income tax refund of $1,450. Click http://income-tax-refund-portal.net to claim your refund to bank account.",2026-09-11 13:39:00,Email,Fraud,151,28,4,12,1,11,Fraud
MSG12763,+919876543210,+919123450453,Are you available for a quick phone call regarding the group project?,2026-09-04 20:42:00,Email,Normal,69,12,0,1,0,11,Spam
MSG12765,refund@tax-gov.org,user_498@example.com,The store issued a full refund of $35 for your returned item.,2026-09-13 13:20:00,VoIP,Normal,61,12,2,2,0,6,Spam
MSG12766,admin@college.edu.in,+919123450469,Good morning! Hope you have a productive week ahead.,2026-09-10 09:45:00,WhatsApp,Normal,52,9,0,2,0,8,Spam
MSG12767,friend@gmail.com,user_238@example.com,The professor updated the syllabus on the college portal. Check https://portal.somaiya.edu/syllabus,2026-09-18 22:20:00,VoIP,Normal,99,15,0,7,1,10,Spam
MSG12769,student1@somaiya.edu,+919123450289,ALERT: Your Paytm Wallet has been restricted. Share your OTP 482910 with our support agent to unblock your wallet instantly. Case: #54991,2026-09-25 16:53:00,SMS,Fraud,137,22,11,5,0,14,Spam
MSG12771,suresh.driver@uber.com,user_290@example.com,Reminder: Library books are due for return by Friday 5 PM.,2026-09-19 09:42:00,VoIP,Normal,58,11,1,2,0,10,Spam
MSG12773,+917766554433,user_236@example.com,Your Uber ride is arriving in 3 minutes. Driver: Suresh (MH-02-AB-1234).,2026-09-18 20:18:00,Email,Normal,72,14,7,8,0,10,Spam
MSG12774,admin@college.edu.in,+919123450433,Happy Birthday! Hope you have a fantastic day ahead with family. Note ref: #783,2026-09-12 14:40:00,Email,Normal,79,14,3,4,0,13,Spam
MSG12775,+917766554433,user_254@example.com,"Win a jackpot of $10,000 in our lucky draw! Text WIN to 58888 now to enter!",2026-09-15 09:27:00,WhatsApp,Spam,75,17,10,4,0,13,Spam
MSG12777,+919820112233,+919123450373,I paid the exam registration fee of $120 via net banking. Transaction ID #TXN98123.,2026-09-23 21:25:00,SMS,Normal,83,14,8,4,0,4,Spam
MSG12780,support@bank-verify.net,+919123450321,Get instant credit score check for FREE! No hidden charges. Visit http://free-credit-check.org,2026-09-13 03:43:00,VoIP,Spam,94,16,0,8,1,4,Spam
MSG12781,friend@gmail.com,user_124@example.com,I paid the exam registration fee of $120 via net banking. Transaction ID #TXN98123.,2026-09-23 23:05:00,SMS,Normal,83,14,8,4,0,4,Spam
MSG12783,refund@tax-gov.org,user_336@example.com,ALERT: Your Paytm Wallet has been restricted. Share your OTP 482910 with our support agent to unblock your wallet instantly.,2026-09-07 08:14:00,VoIP,Fraud,124,20,6,3,0,12,Spam
MSG12784,service@amazon.in,user_196@example.com,Reminder: Library books are due for return by Friday 5 PM.,2026-09-22 15:12:00,Email,Normal,58,11,1,2,0,10,Spam
MSG12785,+919876543210,user_490@example.com,Let's grab lunch after the distributed systems lab session.,2026-09-08 06:34:00,WhatsApp,Normal,59,10,0,2,0,8,Spam
MSG12786,suresh.driver@uber.com,user_432@example.com,Free home delivery on all grocery orders above $30. Order now at local store! Code: 7020,2026-09-02 23:43:00,SMS,Spam,88,16,6,4,0,15,Spam
MSG12787,support@bank-verify.net,+919123450473,"Hi Team, the project review meeting has been rescheduled to tomorrow morning at 10 AM.",2026-09-04 07:46:00,Email,Normal,86,15,2,2,0,14,Spam
MSG12788,info@superdeals.com,+919123450161,Your Amazon order #408-1928374 of $45.50 has been delivered. Track at https://www.amazon.in/order-tracking,2026-09-02 12:54:00,VoIP,Normal,106,19,14,12,1,11,Fraud
MSG12790,friend@gmail.com,user_184@example.com,"Your salary payment of $3,200 was credited to your bank account #8912. Statement at https://mybank.com/stmt",2026-09-10 08:46:00,SMS,Normal,107,19,8,9,1,3,Fraud
MSG12791,offers@megasale.xyz,+919123450463,Reminder: Library books are due for return by Friday 5 PM.,2026-09-24 21:54:00,Email,Normal,58,11,1,2,0,10,Spam
MSG12793,offers@megasale.xyz,+919123450437,Boost your Instagram followers by 10k in 24 hours! Visit www.socialgrow.xyz now! Code: 7119,2026-09-12 00:16:00,Email,Spam,91,16,8,5,1,13,Fraud
MSG12797,refund@tax-gov.org,+919123450123,Can you send me the practical lab manual for Apache Spark?,2026-09-19 00:59:00,Email,Normal,58,11,0,1,0,10,Spam
MSG12798,support@bank-verify.net,user_202@example.com,Flat 50% discount on online coding courses! Limited seats remaining. Enrol today at www.learnfast.org,2026-09-03 02:08:00,VoIP,Spam,101,16,2,5,1,11,Spam
MSG12799,kyc-alert@fast-verify.com,+919123450151,Here is the Zoom link for today's Big Data workshop: https://zoom.us/j/9812345678 Passcode: 102938,2026-09-11 10:46:00,WhatsApp,Normal,98,18,16,9,1,12,Fraud
MSG12805,+919988776655,+919123450467,I paid the exam registration fee of $120 via net banking. Transaction ID #TXN98123.,2026-09-09 11:07:00,Email,Normal,83,14,8,4,0,4,Spam
MSG12807,alerts@security-update.org,+919123450425,Please find attached the project submission guidelines for Semester 7.,2026-09-12 11:12:00,VoIP,Normal,70,10,1,1,0,9,Spam
MSG12808,admin@college.edu.in,+919123450303,"Your salary payment of $3,200 was credited to your bank account #8912. Statement at https://mybank.com/stmt Note ref: #156",2026-09-13 21:13:00,VoIP,Normal,122,22,11,11,1,6,Fraud
MSG12809,suresh.driver@uber.com,+919123450217,The professor updated the syllabus on the college portal. Check https://portal.somaiya.edu/syllabus Note ref: #785,2026-09-06 21:17:00,WhatsApp,Normal,114,18,3,9,1,13,Fraud
MSG12810,alerts@security-update.org,user_496@example.com,Hot summer deal! Flight tickets starting at just $49! Book now at http://cheapflights.net Code: 2175,2026-09-09 06:37:00,VoIP,Spam,100,17,6,8,1,14,Fraud
MSG12814,service@amazon.in,user_468@example.com,URGENT: Your bank account will be blocked within 24 hours due to missing PAN card details. Update immediately at http://bank-pan-verification.org,2026-09-04 14:39:00,WhatsApp,Fraud,145,24,2,8,1,4,Spam
MSG12815,suresh.driver@uber.com,user_268@example.com,Our project advisor offered extra lab hours for Apache Spark model tuning.,2026-09-13 16:40:00,VoIP,Normal,74,12,0,1,0,9,Spam
MSG12819,+919988776655,+919123450257,BIG WEEKEND SALE! Get 50% discount on all branded apparel! Reply YES for coupon code. Code: 2471,2026-09-10 12:24:00,SMS,Spam,96,17,6,5,0,11,Spam
MSG12821,+918877665544,user_184@example.com,The exam timetable for 7th semester engineering has been published on portal.,2026-09-23 15:48:00,VoIP,Normal,77,12,1,1,0,11,Spam
MSG12822,support@bank-verify.net,+919123450167,INCOME TAX WARNING: Legal action initiated against your PAN for tax evasion. Call immediately at +91-9988776655 to settle compliance. Case: #88897,2026-09-19 01:19:00,VoIP,Fraud,146,22,17,7,0,12,Spam
MSG12823,suresh.driver@uber.com,user_456@example.com,CONGRATS! You have won a free iPhone 15 Pro Max! Click http://win-iphone.xyz to claim now!,2026-09-26 02:57:00,VoIP,Spam,90,18,2,8,1,3,Spam
MSG12824,info@superdeals.com,+919123450423,The professor updated the syllabus on the college portal. Check https://portal.somaiya.edu/syllabus,2026-09-10 13:44:00,WhatsApp,Normal,99,15,0,7,1,10,Spam
MSG12826,suresh.driver@uber.com,+919123450193,The exam timetable for 7th semester engineering has been published on portal.,2026-09-07 00:11:00,Email,Normal,77,12,1,1,0,11,Spam
MSG12827,+918877665544,user_280@example.com,Thanks for sharing the study notes for the upcoming viva exams.,2026-09-17 05:18:00,SMS,Normal,63,11,0,1,0,10,Spam
MSG12830,service@amazon.in,user_354@example.com,Please verify your attendance record on the college ERP portal before Friday.,2026-09-14 21:12:00,VoIP,Normal,77,12,0,1,0,10,Spam
MSG12832,+919876543210,+919123450231,Your Uber ride is arriving in 3 minutes. Driver: Suresh (MH-02-AB-1234).,2026-09-02 20:04:00,WhatsApp,Normal,72,14,7,8,0,10,Spam
MSG12837,support@bank-verify.net,user_336@example.com,Don't forget to submit the assignment before midnight today.,2026-09-10 17:24:00,VoIP,Normal,60,10,0,2,0,8,Spam
MSG12839,suresh.driver@uber.com,+919123450413,Free home delivery on all grocery orders above $30. Order now at local store!,2026-09-17 04:51:00,VoIP,Spam,77,14,2,3,0,13,Spam
MSG12841,student1@somaiya.edu,+919123450463,DEAR CUSTOMER: Your SIM card will be deactivated today due to non-verification. Complete e-KYC now at http://sim-kyc-update-online.com,2026-09-04 15:43:00,WhatsApp,Fraud,134,24,0,11,1,2,Spam
MSG12846,admin@college.edu.in,+919123450151,Special discount on summer online courses. Limited seats available today! Call 1800-9988-77.,2026-09-08 12:14:00,Email,Spam,92,14,10,5,0,10,Spam
MSG12847,refund@tax-gov.org,user_166@example.com,"Hey, are we still meeting for the Big Data lecture at 2 PM in Lab 304?",2026-09-09 05:19:00,SMS,Normal,70,16,4,2,0,15,Spam
MSG12850,+919988776655,+919123450119,Exclusive loan offer at 0% interest rate! Apply instantly at http://quickloan-approval.com,2026-09-01 19:05:00,Email,Spam,90,14,1,7,1,3,Spam
MSG12851,student1@somaiya.edu,+919123450295,Let's grab lunch after the distributed systems lab session.,2026-09-08 02:04:00,SMS,Normal,59,10,0,2,0,8,Spam
MSG12852,+919820112233,user_172@example.com,Huge End-of-Season Sale! Buy 1 Get 2 Free on all clothing items at www.fashionstore.com,2026-09-06 04:28:00,WhatsApp,Spam,87,18,2,5,1,6,Spam
MSG12853,refund@tax-gov.org,user_270@example.com,Don't forget to submit the assignment before midnight today.,2026-09-17 13:06:00,VoIP,Normal,60,10,0,2,0,8,Spam
MSG12854,suresh.driver@uber.com,user_398@example.com,Meeting confirmed for tomorrow at 11 AM in Lab 304.,2026-09-22 18:50:00,WhatsApp,Normal,51,10,5,1,0,9,Spam
MSG12858,support@bank-verify.net,+919123450443,"FRAUD ALERT: Suspicious transaction of $899 detected on your Credit Card ending 4321. If not done by you, verify details at http://card-security-alert.net",2026-09-02 20:34:00,Email,Fraud,154,26,7,10,1,4,Fraud
MSG12860,refund@tax-gov.org,+919123450465,Don't forget to submit the assignment before midnight today. Note ref: #337,2026-09-24 06:58:00,VoIP,Normal,75,13,3,4,0,11,Spam
MSG12861,+919820112233,user_116@example.com,Limited time clearance sale! Up to 90% off electronics at http://mega-sale-online.com,2026-09-07 17:51:00,WhatsApp,Spam,85,15,2,8,1,10,Spam
MSG12862,+919876543210,user_178@example.com,Let's grab lunch after the distributed systems lab session.,2026-09-23 12:15:00,SMS,Normal,59,10,0,2,0,8,Spam
MSG12864,offers@megasale.xyz,user_124@example.com,Special Offer: Get 80% OFF on all branded shoes! Visit www.superdeals.com before offer ends!,2026-09-08 16:55:00,Email,Spam,92,16,2,6,1,2,Spam
MSG12868,+917766554433,user_210@example.com,Reminder: Library books are due for return by Friday 5 PM.,2026-09-01 18:52:00,Email,Normal,58,11,1,2,0,10,Spam
MSG12869,service@amazon.in,+919123450339,The professor updated the syllabus on the college portal. Check https://portal.somaiya.edu/syllabus,2026-09-04 09:58:00,VoIP,Normal,99,15,0,7,1,10,Spam
MSG12870,service@amazon.in,+919123450333,Flat 50% discount on online coding courses! Limited seats remaining. Enrol today at www.learnfast.org,2026-09-01 19:41:00,WhatsApp,Spam,101,16,2,5,1,11,Spam
MSG12872,offers@megasale.xyz,+919123450207,The store issued a full refund of $35 for your returned item. Note ref: #384,2026-09-04 21:27:00,SMS,Normal,76,15,5,4,0,9,Spam
MSG12874,+919988776655,+919123450123,Let's grab lunch after the distributed systems lab session.,2026-09-25 22:01:00,Email,Normal,59,10,0,2,0,8,Spam
MSG12878,admin@college.edu.in,+919123450311,BIG WEEKEND SALE! Get 50% discount on all branded apparel! Reply YES for coupon code.,2026-09-09 15:45:00,SMS,Spam,85,15,2,4,0,9,Spam
MSG12880,suresh.driver@uber.com,user_358@example.com,BIG WEEKEND SALE! Get 50% discount on all branded apparel! Reply YES for coupon code.,2026-09-09 12:28:00,SMS,Spam,85,15,2,4,0,9,Spam
MSG12881,suresh.driver@uber.com,+919123450297,Meeting confirmed for tomorrow at 11 AM in Lab 304. Note ref: #698,2026-09-25 15:01:00,VoIP,Normal,66,13,8,3,0,12,Spam
MSG12883,+918877665544,+919123450195,Exclusive VIP pass for tech conference! Claim your free seat at http://techvip-pass.com,2026-09-07 05:59:00,SMS,Spam,87,15,0,6,1,4,Spam
MSG12886,+919876543210,user_422@example.com,SECURITY ALERT: Your net banking account #7819 was accessed from suspicious IP. Call customer care +919876543210 immediately to unblock.,2026-09-08 04:59:00,Email,Fraud,136,19,16,5,0,16,Spam
MSG12887,admin@college.edu.in,+919123450455,"Hey bro, did you complete the Hadoop installation step on your laptop?",2026-09-09 10:38:00,WhatsApp,Normal,70,12,0,2,0,11,Spam
MSG12888,+917766554433,user_352@example.com,The store issued a full refund of $35 for your returned item.,2026-09-09 04:35:00,SMS,Normal,61,12,2,2,0,6,Spam
MSG12889,admin@college.edu.in,+919123450227,Here is the Zoom link for today's Big Data workshop: https://zoom.us/j/9812345678 Passcode: 102938,2026-09-22 00:19:00,Email,Normal,98,18,16,9,1,12,Fraud
MSG12891,admin@college.edu.in,user_402@example.com,Reminder: Library books are due for return by Friday 5 PM.,2026-09-10 02:06:00,VoIP,Normal,58,11,1,2,0,10,Spam
MSG12896,kyc-alert@fast-verify.com,user_318@example.com,My bank branch is closed tomorrow due to a public holiday.,2026-09-08 14:43:00,Email,Normal,58,11,0,1,0,9,Spam
MSG12897,service@amazon.in,+919123450219,URGENT: Income tax department flagged your account for unpaid dues. Contact officer at +919820112233.,2026-09-09 18:03:00,WhatsApp,Fraud,101,14,12,4,0,13,Spam
MSG12898,support@bank-verify.net,+919123450181,Here is the Zoom link for today's Big Data workshop: https://zoom.us/j/9812345678 Passcode: 102938,2026-09-08 07:47:00,WhatsApp,Normal,98,18,16,9,1,12,Fraud
MSG12900,support@bank-verify.net,+919123450177,Exclusive loan offer at 0% interest rate! Apply instantly at http://quickloan-approval.com Code: 7043,2026-09-06 15:49:00,WhatsApp,Spam,101,16,5,8,1,5,Fraud
MSG12901,+919876543210,+919123450177,Our project advisor offered extra lab hours for Apache Spark model tuning.,2026-09-15 16:56:00,WhatsApp,Normal,74,12,0,1,0,9,Spam
MSG12902,service@amazon.in,+919123450225,Claim your $100 shopping voucher today! Reply CLAIM to 56767 to activate.,2026-09-08 08:23:00,VoIP,Spam,73,12,8,3,0,5,Spam
MSG12903,student1@somaiya.edu,user_440@example.com,"Win a jackpot of $10,000 in our lucky draw! Text WIN to 58888 now to enter!",2026-09-03 06:41:00,Email,Spam,75,17,10,4,0,13,Spam
MSG12904,admin@college.edu.in,+919123450419,Can you send me the practical lab manual for Apache Spark?,2026-09-16 18:58:00,SMS,Normal,58,11,0,1,0,10,Spam
MSG12905,alerts@security-update.org,+919123450435,Are you available for a quick phone call regarding the group project?,2026-09-03 07:37:00,SMS,Normal,69,12,0,1,0,11,Spam
MSG12906,alerts@security-update.org,user_460@example.com,Please verify your attendance record on the college ERP portal before Friday.,2026-09-04 06:09:00,Email,Normal,77,12,0,1,0,10,Spam
MSG12909,friend@gmail.com,+919123450305,"Hi, please check your email or visit https://github.com/mumbai-univ/big-data-proj for project slides.",2026-09-01 17:12:00,WhatsApp,Normal,101,18,0,11,1,10,Spam
MSG12911,+919820112233,+919123450121,Happy Birthday! Hope you have a fantastic day ahead with family.,2026-09-09 10:03:00,VoIP,Normal,64,11,0,2,0,10,Spam
MSG12914,+917766554433,+919123450405,"URGENT: Your Amazon account has been locked due to suspicious purchase of $1,200. Verify identity at http://amazon-account-security-check.com",2026-09-07 05:13:00,VoIP,Fraud,141,23,4,11,1,4,Fraud
MSG12916,student1@somaiya.edu,+919123450453,Are you available for a quick phone call regarding the group project?,2026-09-03 09:40:00,SMS,Normal,69,12,0,1,0,11,Spam
MSG12917,info@superdeals.com,+919123450157,Meeting confirmed for tomorrow at 11 AM in Lab 304.,2026-09-23 10:24:00,WhatsApp,Normal,51,10,5,1,0,9,Spam
MSG12918,+917766554433,user_146@example.com,BANK NOTICE: Your account #4092 is suspended. Please verify identity at nearest branch or call +919988776655.,2026-09-21 15:42:00,VoIP,Fraud,109,16,16,5,0,9,Spam
MSG12919,admin@college.edu.in,user_394@example.com,Our project advisor offered extra lab hours for Apache Spark model tuning.,2026-09-08 15:43:00,SMS,Normal,74,12,0,1,0,9,Spam
MSG12921,support@bank-verify.net,+919123450461,"Hey, are we still meeting for the Big Data lecture at 2 PM in Lab 304?",2026-09-04 04:08:00,SMS,Normal,70,16,4,2,0,15,Spam
MSG12924,+919820112233,+919123450281,The exam timetable for 7th semester engineering has been published on portal.,2026-09-20 08:29:00,Email,Normal,77,12,1,1,0,11,Spam
MSG12925,+919876543210,user_130@example.com,Super offer! Get unlimited streaming for just $5 per month. Sign up today.,2026-09-19 10:50:00,VoIP,Spam,74,13,1,4,0,12,Spam
MSG12929,kyc-alert@fast-verify.com,user_190@example.com,Your Paytm wallet is restricted due to incomplete e-KYC. Reply with OTP code 882910 to unblock immediately.,2026-09-22 00:50:00,VoIP,Fraud,107,18,6,3,0,7,Spam
MSG12932,alerts@security-update.org,user_278@example.com,Special discount on summer online courses. Limited seats available today! Call 1800-9988-77.,2026-09-22 07:37:00,Email,Spam,92,14,10,5,0,10,Spam
MSG12933,suresh.driver@uber.com,user_462@example.com,Earn $500/day working from home with no investment required! Sign up at http://easycash.net,2026-09-19 19:31:00,SMS,Spam,91,16,3,7,1,1,Spam
MSG12934,+917766554433,+919123450433,SECURITY ALERT: Your net banking account #7819 was accessed from suspicious IP. Call customer care +919876543210 immediately to unblock.,2026-09-20 13:28:00,SMS,Fraud,136,19,16,5,0,16,Spam
MSG12935,support@bank-verify.net,+919123450103,Boost your Instagram followers by 10k in 24 hours! Visit www.socialgrow.xyz now!,2026-09-13 10:58:00,SMS,Spam,80,14,4,4,1,11,Fraud
MSG12938,offers@megasale.xyz,user_438@example.com,Free home delivery on all grocery orders above $30. Order now at local store!,2026-09-09 10:38:00,VoIP,Spam,77,14,2,3,0,13,Spam
MSG12939,+919988776655,+919123450459,CONGRATS! You have won a free iPhone 15 Pro Max! Click http://win-iphone.xyz to claim now!,2026-09-18 11:38:00,VoIP,Spam,90,18,2,8,1,3,Spam
MSG12941,colleague@vti.edu.in,+919123450403,Good morning! Hope you have a productive week ahead.,2026-09-16 23:06:00,Email,Normal,52,9,0,2,0,8,Spam
MSG12944,student1@somaiya.edu,user_132@example.com,Meeting confirmed for tomorrow at 11 AM in Lab 304.,2026-09-19 08:55:00,VoIP,Normal,51,10,5,1,0,9,Spam
MSG12947,colleague@vti.edu.in,user_254@example.com,"FRAUD ALERT: Suspicious transaction of $899 detected on your Credit Card ending 4321. If not done by you, verify details at http://card-security-alert.net",2026-09-20 00:52:00,SMS,Fraud,154,26,7,10,1,4,Fraud
MSG12949,+917766554433,user_294@example.com,"Hey bro, did you complete the Hadoop installation step on your laptop?",2026-09-25 14:56:00,WhatsApp,Normal,70,12,0,2,0,11,Spam
MSG12951,support@bank-verify.net,user_304@example.com,Thanks for sharing the study notes for the upcoming viva exams. Note ref: #132,2026-09-22 05:00:00,Email,Normal,78,14,3,3,0,13,Spam
MSG12952,+919876543210,+919123450109,Reminder: Library books are due for return by Friday 5 PM.,2026-09-13 15:31:00,Email,Normal,58,11,1,2,0,10,Spam
MSG12954,info@superdeals.com,user_440@example.com,Please verify your attendance record on the college ERP portal before Friday.,2026-09-16 08:19:00,SMS,Normal,77,12,0,1,0,10,Spam
MSG12957,+919820112233,user_124@example.com,SBI URGENT: Download SBI Safety App APK immediately from http://sbi-secure-app.xyz to prevent account hacking!,2026-09-11 00:29:00,SMS,Fraud,110,18,0,8,1,8,Spam
MSG12958,kyc-alert@fast-verify.com,user_152@example.com,Your Uber ride is arriving in 3 minutes. Driver: Suresh (MH-02-AB-1234).,2026-09-10 14:03:00,WhatsApp,Normal,72,14,7,8,0,10,Spam
MSG12959,+917766554433,+919123450385,Your Uber ride is arriving in 3 minutes. Driver: Suresh (MH-02-AB-1234).,2026-09-10 01:15:00,WhatsApp,Normal,72,14,7,8,0,10,Spam
MSG12960,student1@somaiya.edu,+919123450321,Free home delivery on all grocery orders above $30. Order now at local store!,2026-09-03 16:33:00,VoIP,Spam,77,14,2,3,0,13,Spam
MSG12961,+919820112233,user_434@example.com,Here is the Zoom link for today's Big Data workshop: https://zoom.us/j/9812345678 Passcode: 102938,2026-09-25 11:47:00,SMS,Normal,98,18,16,9,1,12,Fraud
MSG12965,kyc-alert@fast-verify.com,+919123450291,Try our new weight loss supplement for FREE! Order trial pack at www.fitlife.net,2026-09-15 00:38:00,Email,Spam,80,15,0,3,1,6,Spam
MSG12967,service@amazon.in,+919123450493,ALERT: Your Paytm Wallet has been restricted. Share your OTP 482910 with our support agent to unblock your wallet instantly.,2026-09-09 17:14:00,Email,Fraud,124,20,6,3,0,12,Spam
MSG12970,offers@megasale.xyz,+919123450405,I paid the exam registration fee of $120 via net banking. Transaction ID #TXN98123.,2026-09-21 05:24:00,Email,Normal,83,14,8,4,0,4,Spam
MSG12971,alerts@security-update.org,+919123450373,Don't forget to submit the assignment before midnight today.,2026-09-15 13:22:00,Email,Normal,60,10,0,2,0,8,Spam
MSG12972,student1@somaiya.edu,user_270@example.com,Can you send me the practical lab manual for Apache Spark?,2026-09-11 06:17:00,WhatsApp,Normal,58,11,0,1,0,10,Spam
MSG12973,+919876543210,+919123450101,My bank branch is closed tomorrow due to a public holiday.,2026-09-19 06:46:00,Email,Normal,58,11,0,1,0,9,Spam
MSG12977,support@bank-verify.net,user_192@example.com,Hot summer deal! Flight tickets starting at just $49! Book now at http://cheapflights.net,2026-09-09 02:01:00,WhatsApp,Spam,89,15,2,7,1,12,Spam
MSG12980,+919876543210,+919123450285,URGENT: Your debit card PIN was entered incorrectly 3 times. Visit your local bank branch or call 1800-112-211 immediately.,2026-09-05 13:18:00,WhatsApp,Fraud,123,21,11,5,0,7,Spam
MSG12982,colleague@vti.edu.in,user_474@example.com,"Hi Team, the project review meeting has been rescheduled to tomorrow morning at 10 AM.",2026-09-06 10:28:00,WhatsApp,Normal,86,15,2,2,0,14,Spam
MSG12985,colleague@vti.edu.in,+919123450211,The professor updated the syllabus on the college portal. Check https://portal.somaiya.edu/syllabus,2026-09-05 02:49:00,VoIP,Normal,99,15,0,7,1,10,Spam
MSG12988,info@superdeals.com,user_104@example.com,BIG WEEKEND SALE! Get 50% discount on all branded apparel! Reply YES for coupon code.,2026-09-21 02:54:00,WhatsApp,Spam,85,15,2,4,0,9,Spam
MSG12989,+917766554433,+919123450327,I paid the exam registration fee of $120 via net banking. Transaction ID #TXN98123. Note ref: #285,2026-09-19 22:17:00,WhatsApp,Normal,98,17,11,6,0,7,Spam
MSG12990,suresh.driver@uber.com,+919123450473,I paid the exam registration fee of $120 via net banking. Transaction ID #TXN98123.,2026-09-23 07:09:00,Email,Normal,83,14,8,4,0,4,Spam
MSG12991,+917766554433,user_282@example.com,Special discount on summer online courses. Limited seats available today! Call 1800-9988-77. Code: 9386,2026-09-23 02:30:00,VoIP,Spam,103,16,14,6,0,12,Spam
MSG12992,friend@gmail.com,user_144@example.com,Let's grab lunch after the distributed systems lab session.,2026-09-21 11:32:00,VoIP,Normal,59,10,0,2,0,8,Spam
MSG12993,kyc-alert@fast-verify.com,+919123450401,"Win a jackpot of $10,000 in our lucky draw! Text WIN to 58888 now to enter!",2026-09-15 11:01:00,SMS,Spam,75,17,10,4,0,13,Spam
MSG12995,+919820112233,+919123450453,PRIZE WINNER ALERT: You won 25 Lakh INR in KBC Lucky Draw! Deposit processing fee of $200 at http://kbc-prize-claim.xyz to release funds! Case: #87010,2026-09-06 10:30:00,SMS,Fraud,150,28,10,12,1,11,Fraud
MSG12996,friend@gmail.com,user_216@example.com,Meeting confirmed for tomorrow at 11 AM in Lab 304.,2026-09-25 12:18:00,SMS,Normal,51,10,5,1,0,9,Spam
MSG12999,refund@tax-gov.org,user_398@example.com,"Congratulations! Your mobile number won 50,000 reward points! Redeem at www.rewardpoints.com",2026-09-21 06:27:00,WhatsApp,Spam,92,14,5,5,1,6,Fraud
